antecedents,consequents,antecedent support,consequent support,support,confidence,lift,leverage,conviction,zhangs_metric,antecedents_len,consequents_len,antecedents_TF_motif,antecedents_dir,antecedents_time,consequents_TF_motif,consequents_dir,consequents_time,TF_peak_jaccard,peak_adj_lift
BHLHE22_neg_8,OLIG1_neg_8,0.03333333333333333,0.03333333333333333,5,1.0,30.0,0.03222222222222222,inf,1.0,1,1,BHLHE22,neg,8,OLIG1,neg,8,1.0,0.0
OLIG1_neg_8,BHLHE22_neg_8,0.03333333333333333,0.03333333333333333,5,1.0,30.0,0.03222222222222222,inf,1.0,1,1,OLIG1,neg,8,BHLHE22,neg,8,1.0,0.0
OLIG3_neg_8,OLIG2_neg_8,0.03333333333333333,0.03333333333333333,5,1.0,30.0,0.03222222222222222,inf,1.0,1,1,OLIG3,neg,8,OLIG2,neg,8,1.0,0.0
OLIG2_neg_8,OLIG3_neg_8,0.03333333333333333,0.03333333333333333,5,1.0,30.0,0.03222222222222222,inf,1.0,1,1,OLIG2,neg,8,OLIG3,neg,8,1.0,0.0
FOXO6_neg_7,FOXP3_neg_7,0.04,0.04,6,1.0,25.0,0.038400000000000004,inf,1.0000000000000002,1,1,FOXO6,neg,7,FOXP3,neg,7,1.0,0.0
FOXO4_neg_7,FOXI1_neg_7,0.04,0.04,6,1.0,25.0,0.038400000000000004,inf,1.0000000000000002,1,1,FOXO4,neg,7,FOXI1,neg,7,1.0,0.0
FOXD2_neg_7,FOXP3_neg_7,0.04,0.04,6,1.0,25.0,0.038400000000000004,inf,1.0000000000000002,1,1,FOXD2,neg,7,FOXP3,neg,7,1.0,0.0
SHOX_neg_4,LMX1A_neg_4,0.04,0.04,6,1.0,25.0,0.038400000000000004,inf,1.0000000000000002,1,1,SHOX,neg,4,LMX1A,neg,4,0.7142857142857143,7.142857142857142
LMX1A_neg_4,SHOX_neg_4,0.04,0.04,6,1.0,25.0,0.038400000000000004,inf,1.0000000000000002,1,1,LMX1A,neg,4,SHOX,neg,4,0.7142857142857143,7.142857142857142
LMX1A_neg_4,LMX1B_neg_4,0.04,0.04,6,1.0,25.0,0.038400000000000004,inf,1.0000000000000002,1,1,LMX1A,neg,4,LMX1B,neg,4,1.0,0.0
LMX1B_neg_4,LMX1A_neg_4,0.04,0.04,6,1.0,25.0,0.038400000000000004,inf,1.0000000000000002,1,1,LMX1B,neg,4,LMX1A,neg,4,1.0,0.0
JDP2_pos_6,FOS_pos_6,0.03333333333333333,0.04,5,1.0,25.0,0.032,inf,0.993103448275862,1,1,JDP2,pos,6,FOS,pos,6,0.45454545454545453,13.636363636363635
FOXI1_neg_7,FOXP3_neg_7,0.04,0.04,6,1.0,25.0,0.038400000000000004,inf,1.0000000000000002,1,1,FOXI1,neg,7,FOXP3,neg,7,1.0,0.0
FOXP3_neg_7,FOXI1_neg_7,0.04,0.04,6,1.0,25.0,0.038400000000000004,inf,1.0000000000000002,1,1,FOXP3,neg,7,FOXI1,neg,7,1.0,0.0
FOXI1_neg_7,FOXO6_neg_7,0.04,0.04,6,1.0,25.0,0.038400000000000004,inf,1.0000000000000002,1,1,FOXI1,neg,7,FOXO6,neg,7,1.0,0.0
FOXO6_neg_7,FOXI1_neg_7,0.04,0.04,6,1.0,25.0,0.038400000000000004,inf,1.0000000000000002,1,1,FOXO6,neg,7,FOXI1,neg,7,1.0,0.0
FOSL2_pos_6,FOS_pos_6,0.04,0.04,6,1.0,25.0,0.038400000000000004,inf,1.0000000000000002,1,1,FOSL2,pos,6,FOS,pos,6,0.6666666666666666,8.333333333333334
FOXI1_neg_7,FOXO4_neg_7,0.04,0.04,6,1.0,25.0,0.038400000000000004,inf,1.0000000000000002,1,1,FOXI1,neg,7,FOXO4,neg,7,1.0,0.0
JDP2_pos_6,FOSL2_pos_6,0.03333333333333333,0.04,5,1.0,25.0,0.032,inf,0.993103448275862,1,1,JDP2,pos,6,FOSL2,pos,6,0.35714285714285715,16.07142857142857
FOXD2_neg_7,FOXO6_neg_7,0.04,0.04,6,1.0,25.0,0.038400000000000004,inf,1.0000000000000002,1,1,FOXD2,neg,7,FOXO6,neg,7,1.0,0.0
FOS_pos_6,FOSL2_pos_6,0.04,0.04,6,1.0,25.0,0.038400000000000004,inf,1.0000000000000002,1,1,FOS,pos,6,FOSL2,pos,6,0.6666666666666666,8.333333333333334
LMX1B_neg_4,SHOX_neg_4,0.04,0.04,6,1.0,25.0,0.038400000000000004,inf,1.0000000000000002,1,1,LMX1B,neg,4,SHOX,neg,4,0.7142857142857143,7.142857142857142
SHOX_neg_4,LMX1B_neg_4,0.04,0.04,6,1.0,25.0,0.038400000000000004,inf,1.0000000000000002,1,1,SHOX,neg,4,LMX1B,neg,4,0.7142857142857143,7.142857142857142
FOSL2_pos_6,FOSL1_pos_6,0.04,0.04,6,1.0,25.0,0.038400000000000004,inf,1.0000000000000002,1,1,FOSL2,pos,6,FOSL1,pos,6,0.8666666666666667,3.3333333333333326
JDP2_pos_6,FOSL1_pos_6,0.03333333333333333,0.04,5,1.0,25.0,0.032,inf,0.993103448275862,1,1,JDP2,pos,6,FOSL1,pos,6,0.35714285714285715,16.07142857142857
FOXP3_neg_7,FOXO6_neg_7,0.04,0.04,6,1.0,25.0,0.038400000000000004,inf,1.0000000000000002,1,1,FOXP3,neg,7,FOXO6,neg,7,1.0,0.0
FOSL1_pos_6,FOSL2_pos_6,0.04,0.04,6,1.0,25.0,0.038400000000000004,inf,1.0000000000000002,1,1,FOSL1,pos,6,FOSL2,pos,6,0.8666666666666667,3.3333333333333326
FOS_pos_6,FOSL1_pos_6,0.04,0.04,6,1.0,25.0,0.038400000000000004,inf,1.0000000000000002,1,1,FOS,pos,6,FOSL1,pos,6,0.6666666666666666,8.333333333333334
FOXP3_neg_7,FOXD2_neg_7,0.04,0.04,6,1.0,25.0,0.038400000000000004,inf,1.0000000000000002,1,1,FOXP3,neg,7,FOXD2,neg,7,1.0,0.0
FOSL1_pos_6,FOS_pos_6,0.04,0.04,6,1.0,25.0,0.038400000000000004,inf,1.0000000000000002,1,1,FOSL1,pos,6,FOS,pos,6,0.6666666666666666,8.333333333333334
FOXP3_neg_7,FOXO4_neg_7,0.04,0.04,6,1.0,25.0,0.038400000000000004,inf,1.0000000000000002,1,1,FOXP3,neg,7,FOXO4,neg,7,1.0,0.0
FOXO4_neg_7,FOXP3_neg_7,0.04,0.04,6,1.0,25.0,0.038400000000000004,inf,1.0000000000000002,1,1,FOXO4,neg,7,FOXP3,neg,7,1.0,0.0
FOXD2_neg_7,FOXO4_neg_7,0.04,0.04,6,1.0,25.0,0.038400000000000004,inf,1.0000000000000002,1,1,FOXD2,neg,7,FOXO4,neg,7,1.0,0.0
FOXO4_neg_7,FOXD2_neg_7,0.04,0.04,6,1.0,25.0,0.038400000000000004,inf,1.0000000000000002,1,1,FOXO4,neg,7,FOXD2,neg,7,1.0,0.0
FOXO6_neg_7,FOXO4_neg_7,0.04,0.04,6,1.0,25.0,0.038400000000000004,inf,1.0000000000000002,1,1,FOXO6,neg,7,FOXO4,neg,7,1.0,0.0
FOXD2_neg_7,FOXI1_neg_7,0.04,0.04,6,1.0,25.0,0.038400000000000004,inf,1.0000000000000002,1,1,FOXD2,neg,7,FOXI1,neg,7,1.0,0.0
FOXO4_neg_7,FOXO6_neg_7,0.04,0.04,6,1.0,25.0,0.038400000000000004,inf,1.0000000000000002,1,1,FOXO4,neg,7,FOXO6,neg,7,1.0,0.0
FOXO6_neg_7,FOXD2_neg_7,0.04,0.04,6,1.0,25.0,0.038400000000000004,inf,1.0000000000000002,1,1,FOXO6,neg,7,FOXD2,neg,7,1.0,0.0
FOXI1_neg_7,FOXD2_neg_7,0.04,0.04,6,1.0,25.0,0.038400000000000004,inf,1.0000000000000002,1,1,FOXI1,neg,7,FOXD2,neg,7,1.0,0.0
FOXO4_neg_4,FOXI1_neg_4,0.04666666666666667,0.04666666666666667,7,1.0,21.428571428571427,0.04448888888888889,inf,1.0,1,1,FOXO4,neg,4,FOXI1,neg,4,1.0,0.0
FOXO6_neg_4,FOXI1_neg_4,0.04666666666666667,0.04666666666666667,7,1.0,21.428571428571427,0.04448888888888889,inf,1.0,1,1,FOXO6,neg,4,FOXI1,neg,4,1.0,0.0
ERG_pos_8,FLI1_pos_8,0.04666666666666667,0.04666666666666667,7,1.0,21.428571428571427,0.04448888888888889,inf,1.0,1,1,ERG,pos,8,FLI1,pos,8,0.7777777777777778,4.761904761904761
FLI1_pos_8,ERG_pos_8,0.04666666666666667,0.04666666666666667,7,1.0,21.428571428571427,0.04448888888888889,inf,1.0,1,1,FLI1,pos,8,ERG,pos,8,0.7777777777777778,4.761904761904761
FOXP3_neg_4,FOXI1_neg_4,0.04666666666666667,0.04666666666666667,7,1.0,21.428571428571427,0.04448888888888889,inf,1.0,1,1,FOXP3,neg,4,FOXI1,neg,4,1.0,0.0
FOXI1_neg_4,FOXP3_neg_4,0.04666666666666667,0.04666666666666667,7,1.0,21.428571428571427,0.04448888888888889,inf,1.0,1,1,FOXI1,neg,4,FOXP3,neg,4,1.0,0.0
FOXO6_neg_4,FOXO4_neg_4,0.04666666666666667,0.04666666666666667,7,1.0,21.428571428571427,0.04448888888888889,inf,1.0,1,1,FOXO6,neg,4,FOXO4,neg,4,1.0,0.0
FOXO4_neg_4,FOXD2_neg_4,0.04666666666666667,0.04666666666666667,7,1.0,21.428571428571427,0.04448888888888889,inf,1.0,1,1,FOXO4,neg,4,FOXD2,neg,4,1.0,0.0
FOXO4_neg_4,FOXP3_neg_4,0.04666666666666667,0.04666666666666667,7,1.0,21.428571428571427,0.04448888888888889,inf,1.0,1,1,FOXO4,neg,4,FOXP3,neg,4,1.0,0.0
FOXI1_neg_4,FOXD2_neg_4,0.04666666666666667,0.04666666666666667,7,1.0,21.428571428571427,0.04448888888888889,inf,1.0,1,1,FOXI1,neg,4,FOXD2,neg,4,1.0,0.0
FOXD2_neg_4,FOXO4_neg_4,0.04666666666666667,0.04666666666666667,7,1.0,21.428571428571427,0.04448888888888889,inf,1.0,1,1,FOXD2,neg,4,FOXO4,neg,4,1.0,0.0
FOXD2_neg_4,FOXI1_neg_4,0.04666666666666667,0.04666666666666667,7,1.0,21.428571428571427,0.04448888888888889,inf,1.0,1,1,FOXD2,neg,4,FOXI1,neg,4,1.0,0.0
FOXP3_neg_4,FOXO4_neg_4,0.04666666666666667,0.04666666666666667,7,1.0,21.428571428571427,0.04448888888888889,inf,1.0,1,1,FOXP3,neg,4,FOXO4,neg,4,1.0,0.0
FOXO6_neg_4,FOXP3_neg_4,0.04666666666666667,0.04666666666666667,7,1.0,21.428571428571427,0.04448888888888889,inf,1.0,1,1,FOXO6,neg,4,FOXP3,neg,4,1.0,0.0
FOXP3_neg_4,FOXO6_neg_4,0.04666666666666667,0.04666666666666667,7,1.0,21.428571428571427,0.04448888888888889,inf,1.0,1,1,FOXP3,neg,4,FOXO6,neg,4,1.0,0.0
FOXI1_neg_4,FOXO4_neg_4,0.04666666666666667,0.04666666666666667,7,1.0,21.428571428571427,0.04448888888888889,inf,1.0,1,1,FOXI1,neg,4,FOXO4,neg,4,1.0,0.0
FOXI1_neg_4,FOXO6_neg_4,0.04666666666666667,0.04666666666666667,7,1.0,21.428571428571427,0.04448888888888889,inf,1.0,1,1,FOXI1,neg,4,FOXO6,neg,4,1.0,0.0
IRF9_neg_9,IRF8_neg_9,0.03333333333333333,0.04666666666666667,5,1.0,21.428571428571427,0.03177777777777778,inf,0.9862068965517242,1,1,IRF9,neg,9,IRF8,neg,9,0.75,5.357142857142857
POU5F1B_pos_8,POU3F4_pos_8,0.04666666666666667,0.04666666666666667,7,1.0,21.428571428571427,0.04448888888888889,inf,1.0,1,1,POU5F1B,pos,8,POU3F4,pos,8,0.875,2.6785714285714284
FOXD2_neg_4,FOXP3_neg_4,0.04666666666666667,0.04666666666666667,7,1.0,21.428571428571427,0.04448888888888889,inf,1.0,1,1,FOXD2,neg,4,FOXP3,neg,4,1.0,0.0
POU3F4_pos_8,POU5F1B_pos_8,0.04666666666666667,0.04666666666666667,7,1.0,21.428571428571427,0.04448888888888889,inf,1.0,1,1,POU3F4,pos,8,POU5F1B,pos,8,0.875,2.6785714285714284
FOXO6_neg_4,FOXD2_neg_4,0.04666666666666667,0.04666666666666667,7,1.0,21.428571428571427,0.04448888888888889,inf,1.0,1,1,FOXO6,neg,4,FOXD2,neg,4,1.0,0.0
FOXP3_neg_4,FOXD2_neg_4,0.04666666666666667,0.04666666666666667,7,1.0,21.428571428571427,0.04448888888888889,inf,1.0,1,1,FOXP3,neg,4,FOXD2,neg,4,1.0,0.0
FOXD2_neg_4,FOXO6_neg_4,0.04666666666666667,0.04666666666666667,7,1.0,21.428571428571427,0.04448888888888889,inf,1.0,1,1,FOXD2,neg,4,FOXO6,neg,4,1.0,0.0
MXI1_pos_5,MYC_pos_5,0.04,0.04666666666666667,6,1.0,21.428571428571427,0.03813333333333333,inf,0.9930555555555556,1,1,MXI1,pos,5,MYC,pos,5,0.8888888888888888,2.380952380952382
CEBPB_neg_1,CEBPE_neg_1,0.04666666666666667,0.04666666666666667,7,1.0,21.428571428571427,0.04448888888888889,inf,1.0,1,1,CEBPB,neg,1,CEBPE,neg,1,1.0,0.0
CEBPE_neg_1,CEBPB_neg_1,0.04666666666666667,0.04666666666666667,7,1.0,21.428571428571427,0.04448888888888889,inf,1.0,1,1,CEBPE,neg,1,CEBPB,neg,1,1.0,0.0
FOXO4_neg_4,FOXO6_neg_4,0.04666666666666667,0.04666666666666667,7,1.0,21.428571428571427,0.04448888888888889,inf,1.0,1,1,FOXO4,neg,4,FOXO6,neg,4,1.0,0.0
MNX1_neg_3,ALX3_neg_3,0.04,0.04666666666666667,6,1.0,21.428571428571427,0.03813333333333333,inf,0.9930555555555556,1,1,MNX1,neg,3,ALX3,neg,3,0.8571428571428571,3.061224489795919
RAX2_neg_4,LMX1B_neg_4,0.04,0.04,5,0.8333333333333333,20.833333333333332,0.031733333333333336,5.759999999999997,0.9916666666666667,1,1,RAX2,neg,4,LMX1B,neg,4,0.5,10.416666666666666
FOXC1_neg_7,FOXB1_neg_7,0.04,0.04,5,0.8333333333333333,20.833333333333332,0.031733333333333336,5.759999999999997,0.9916666666666667,1,1,FOXC1,neg,7,FOXB1,neg,7,0.7142857142857143,5.952380952380952
LMX1B_neg_4,RAX2_neg_4,0.04,0.04,5,0.8333333333333333,20.833333333333332,0.031733333333333336,5.759999999999997,0.9916666666666667,1,1,LMX1B,neg,4,RAX2,neg,4,0.5,10.416666666666666
RAX2_neg_4,SHOX_neg_4,0.04,0.04,5,0.8333333333333333,20.833333333333332,0.031733333333333336,5.759999999999997,0.9916666666666667,1,1,RAX2,neg,4,SHOX,neg,4,0.7142857142857143,5.952380952380952
RAX2_neg_4,LMX1A_neg_4,0.04,0.04,5,0.8333333333333333,20.833333333333332,0.031733333333333336,5.759999999999997,0.9916666666666667,1,1,RAX2,neg,4,LMX1A,neg,4,0.5,10.416666666666666
LMX1A_neg_4,RAX2_neg_4,0.04,0.04,5,0.8333333333333333,20.833333333333332,0.031733333333333336,5.759999999999997,0.9916666666666667,1,1,LMX1A,neg,4,RAX2,neg,4,0.5,10.416666666666666
SHOX_neg_4,RAX2_neg_4,0.04,0.04,5,0.8333333333333333,20.833333333333332,0.031733333333333336,5.759999999999997,0.9916666666666667,1,1,SHOX,neg,4,RAX2,neg,4,0.7142857142857143,5.952380952380952
FOXB1_neg_7,FOXC1_neg_7,0.04,0.04,5,0.8333333333333333,20.833333333333332,0.031733333333333336,5.759999999999997,0.9916666666666667,1,1,FOXB1,neg,7,FOXC1,neg,7,0.7142857142857143,5.952380952380952
FOSL1_neg_6,FOSL2_neg_6,0.04666666666666667,0.05333333333333334,7,1.0,18.75,0.04417777777777778,inf,0.993006993006993,1,1,FOSL1,neg,6,FOSL2,neg,6,0.8666666666666667,2.4999999999999996
FOSL1_neg_6,JUNB_neg_6,0.04666666666666667,0.05333333333333334,7,1.0,18.75,0.04417777777777778,inf,0.993006993006993,1,1,FOSL1,neg,6,JUNB,neg,6,0.4666666666666667,10.0
FOXP1_neg_8,FOXO6_neg_8,0.04,0.05333333333333334,6,1.0,18.75,0.037866666666666667,inf,0.9861111111111112,1,1,FOXP1,neg,8,FOXO6,neg,8,0.6363636363636364,6.818181818181818
FOXO6_neg_8,FOXP3_neg_8,0.05333333333333334,0.05333333333333334,8,1.0,18.75,0.05048888888888889,inf,1.0,1,1,FOXO6,neg,8,FOXP3,neg,8,1.0,0.0
FOXP3_neg_8,FOXO6_neg_8,0.05333333333333334,0.05333333333333334,8,1.0,18.75,0.05048888888888889,inf,1.0,1,1,FOXP3,neg,8,FOXO6,neg,8,1.0,0.0
SHOX_pos_2,UNCX_pos_2,0.05333333333333334,0.05333333333333334,8,1.0,18.75,0.05048888888888889,inf,1.0,1,1,SHOX,pos,2,UNCX,pos,2,1.0,0.0
UNCX_pos_2,SHOX_pos_2,0.05333333333333334,0.05333333333333334,8,1.0,18.75,0.05048888888888889,inf,1.0,1,1,UNCX,pos,2,SHOX,pos,2,1.0,0.0
LMX1A_pos_2,UNCX_pos_2,0.05333333333333334,0.05333333333333334,8,1.0,18.75,0.05048888888888889,inf,1.0,1,1,LMX1A,pos,2,UNCX,pos,2,1.0,0.0
FOXP1_neg_8,FOXP3_neg_8,0.04,0.05333333333333334,6,1.0,18.75,0.037866666666666667,inf,0.9861111111111112,1,1,FOXP1,neg,8,FOXP3,neg,8,0.6363636363636364,6.818181818181818
HESX1_pos_2,ESX1_pos_2,0.04,0.05333333333333334,6,1.0,18.75,0.037866666666666667,inf,0.9861111111111112,1,1,HESX1,pos,2,ESX1,pos,2,0.7777777777777778,4.166666666666666
UNCX_pos_2,LMX1A_pos_2,0.05333333333333334,0.05333333333333334,8,1.0,18.75,0.05048888888888889,inf,1.0,1,1,UNCX,pos,2,LMX1A,pos,2,1.0,0.0
FOXO4_neg_8,FOXI1_neg_8,0.05333333333333334,0.05333333333333334,8,1.0,18.75,0.05048888888888889,inf,1.0,1,1,FOXO4,neg,8,FOXI1,neg,8,1.0,0.0
FOXI1_neg_8,FOXO6_neg_8,0.05333333333333334,0.05333333333333334,8,1.0,18.75,0.05048888888888889,inf,1.0,1,1,FOXI1,neg,8,FOXO6,neg,8,1.0,0.0
FOXO6_neg_8,FOXI1_neg_8,0.05333333333333334,0.05333333333333334,8,1.0,18.75,0.05048888888888889,inf,1.0,1,1,FOXO6,neg,8,FOXI1,neg,8,1.0,0.0
FOXP1_neg_8,FOXI1_neg_8,0.04,0.05333333333333334,6,1.0,18.75,0.037866666666666667,inf,0.9861111111111112,1,1,FOXP1,neg,8,FOXI1,neg,8,0.6363636363636364,6.818181818181818
FOXI1_neg_8,FOXP3_neg_8,0.05333333333333334,0.05333333333333334,8,1.0,18.75,0.05048888888888889,inf,1.0,1,1,FOXI1,neg,8,FOXP3,neg,8,1.0,0.0
FOXP3_neg_8,FOXI1_neg_8,0.05333333333333334,0.05333333333333334,8,1.0,18.75,0.05048888888888889,inf,1.0,1,1,FOXP3,neg,8,FOXI1,neg,8,1.0,0.0
LMX1A_pos_2,SHOX_pos_2,0.05333333333333334,0.05333333333333334,8,1.0,18.75,0.05048888888888889,inf,1.0,1,1,LMX1A,pos,2,SHOX,pos,2,1.0,0.0
SHOX_pos_2,LMX1A_pos_2,0.05333333333333334,0.05333333333333334,8,1.0,18.75,0.05048888888888889,inf,1.0,1,1,SHOX,pos,2,LMX1A,pos,2,1.0,0.0
LMX1B_pos_2,LMX1A_pos_2,0.05333333333333334,0.05333333333333334,8,1.0,18.75,0.05048888888888889,inf,1.0,1,1,LMX1B,pos,2,LMX1A,pos,2,1.0,0.0
LMX1A_pos_2,LMX1B_pos_2,0.05333333333333334,0.05333333333333334,8,1.0,18.75,0.05048888888888889,inf,1.0,1,1,LMX1A,pos,2,LMX1B,pos,2,1.0,0.0
FOXI1_neg_8,FOXO4_neg_8,0.05333333333333334,0.05333333333333334,8,1.0,18.75,0.05048888888888889,inf,1.0,1,1,FOXI1,neg,8,FOXO4,neg,8,1.0,0.0
FOSL2_neg_6,JUNB_neg_6,0.05333333333333334,0.05333333333333334,8,1.0,18.75,0.05048888888888889,inf,1.0,1,1,FOSL2,neg,6,JUNB,neg,6,0.5714285714285714,8.035714285714286
SHOX_pos_2,LMX1B_pos_2,0.05333333333333334,0.05333333333333334,8,1.0,18.75,0.05048888888888889,inf,1.0,1,1,SHOX,pos,2,LMX1B,pos,2,1.0,0.0
LMX1B_pos_2,SHOX_pos_2,0.05333333333333334,0.05333333333333334,8,1.0,18.75,0.05048888888888889,inf,1.0,1,1,LMX1B,pos,2,SHOX,pos,2,1.0,0.0
FOXD2_neg_8,FOXP3_neg_8,0.05333333333333334,0.05333333333333334,8,1.0,18.75,0.05048888888888889,inf,1.0,1,1,FOXD2,neg,8,FOXP3,neg,8,1.0,0.0
FOXP3_neg_8,FOXD2_neg_8,0.05333333333333334,0.05333333333333334,8,1.0,18.75,0.05048888888888889,inf,1.0,1,1,FOXP3,neg,8,FOXD2,neg,8,1.0,0.0
FOXP1_neg_8,FOXD2_neg_8,0.04,0.05333333333333334,6,1.0,18.75,0.037866666666666667,inf,0.9861111111111112,1,1,FOXP1,neg,8,FOXD2,neg,8,0.6363636363636364,6.818181818181818
FOXD2_neg_8,FOXO6_neg_8,0.05333333333333334,0.05333333333333334,8,1.0,18.75,0.05048888888888889,inf,1.0,1,1,FOXD2,neg,8,FOXO6,neg,8,1.0,0.0
FOXO6_neg_8,FOXD2_neg_8,0.05333333333333334,0.05333333333333334,8,1.0,18.75,0.05048888888888889,inf,1.0,1,1,FOXO6,neg,8,FOXD2,neg,8,1.0,0.0
FOXD2_neg_8,FOXO4_neg_8,0.05333333333333334,0.05333333333333334,8,1.0,18.75,0.05048888888888889,inf,1.0,1,1,FOXD2,neg,8,FOXO4,neg,8,1.0,0.0
FOXO4_neg_8,FOXD2_neg_8,0.05333333333333334,0.05333333333333334,8,1.0,18.75,0.05048888888888889,inf,1.0,1,1,FOXO4,neg,8,FOXD2,neg,8,1.0,0.0
FOXD2_neg_8,FOXI1_neg_8,0.05333333333333334,0.05333333333333334,8,1.0,18.75,0.05048888888888889,inf,1.0,1,1,FOXD2,neg,8,FOXI1,neg,8,1.0,0.0
LMX1B_pos_2,UNCX_pos_2,0.05333333333333334,0.05333333333333334,8,1.0,18.75,0.05048888888888889,inf,1.0,1,1,LMX1B,pos,2,UNCX,pos,2,1.0,0.0
JUNB_neg_6,FOSL2_neg_6,0.05333333333333334,0.05333333333333334,8,1.0,18.75,0.05048888888888889,inf,1.0,1,1,JUNB,neg,6,FOSL2,neg,6,0.5714285714285714,8.035714285714286
UNCX_pos_2,LMX1B_pos_2,0.05333333333333334,0.05333333333333334,8,1.0,18.75,0.05048888888888889,inf,1.0,1,1,UNCX,pos,2,LMX1B,pos,2,1.0,0.0
NR3C2_pos_2,NR3C1_pos_2,0.04666666666666667,0.05333333333333334,7,1.0,18.75,0.04417777777777778,inf,0.993006993006993,1,1,NR3C2,pos,2,NR3C1,pos,2,0.875,2.34375
FOXO4_neg_8,FOXP3_neg_8,0.05333333333333334,0.05333333333333334,8,1.0,18.75,0.05048888888888889,inf,1.0,1,1,FOXO4,neg,8,FOXP3,neg,8,1.0,0.0
FOXO6_neg_8,FOXO4_neg_8,0.05333333333333334,0.05333333333333334,8,1.0,18.75,0.05048888888888889,inf,1.0,1,1,FOXO6,neg,8,FOXO4,neg,8,1.0,0.0
FOXO4_neg_8,FOXO6_neg_8,0.05333333333333334,0.05333333333333334,8,1.0,18.75,0.05048888888888889,inf,1.0,1,1,FOXO4,neg,8,FOXO6,neg,8,1.0,0.0
FOXI1_neg_8,FOXD2_neg_8,0.05333333333333334,0.05333333333333334,8,1.0,18.75,0.05048888888888889,inf,1.0,1,1,FOXI1,neg,8,FOXD2,neg,8,1.0,0.0
FOXP3_neg_8,FOXO4_neg_8,0.05333333333333334,0.05333333333333334,8,1.0,18.75,0.05048888888888889,inf,1.0,1,1,FOXP3,neg,8,FOXO4,neg,8,1.0,0.0
FOXP1_neg_8,FOXO4_neg_8,0.04,0.05333333333333334,6,1.0,18.75,0.037866666666666667,inf,0.9861111111111112,1,1,FOXP1,neg,8,FOXO4,neg,8,0.6363636363636364,6.818181818181818
RFX3_neg_4,RFX5_neg_4,0.04666666666666667,0.06,7,1.0,16.666666666666668,0.04386666666666667,inf,0.9860139860139862,1,1,RFX3,neg,4,RFX5,neg,4,0.7272727272727273,4.545454545454546
FOXB1_neg_4,FOXC1_neg_4,0.05333333333333334,0.06,8,1.0,16.666666666666668,0.050133333333333335,inf,0.9929577464788732,1,1,FOXB1,neg,4,FOXC1,neg,4,0.8,3.333333333333333
FOXO3_pos_2,FOXG1_pos_2,0.05333333333333334,0.06,8,1.0,16.666666666666668,0.050133333333333335,inf,0.9929577464788732,1,1,FOXO3,pos,2,FOXG1,pos,2,0.8,3.333333333333333
PAX4_pos_2,LHX6_pos_2,0.04,0.05333333333333334,5,0.8333333333333333,15.624999999999998,0.0312,5.679999999999997,0.975,1,1,PAX4,pos,2,LHX6,pos,2,0.5555555555555556,6.944444444444443
FOSL1_neg_6,JUN_neg_6,0.04666666666666667,0.04666666666666667,5,0.7142857142857142,15.30612244897959,0.031155555555555554,3.3366666666666656,0.9804195804195803,1,1,FOSL1,neg,6,JUN,neg,6,0.625,5.739795918367346
JUN_neg_6,FOSL1_neg_6,0.04666666666666667,0.04666666666666667,5,0.7142857142857142,15.30612244897959,0.031155555555555554,3.3366666666666656,0.9804195804195803,1,1,JUN,neg,6,FOSL1,neg,6,0.625,5.739795918367346
CEBPB_pos_1,CEBPE_pos_1,0.06666666666666667,0.06666666666666667,10,1.0,15.0,0.06222222222222222,inf,1.0,1,1,CEBPB,pos,1,CEBPE,pos,1,1.0,0.0
CEBPD_pos_1,CEBPE_pos_1,0.06666666666666667,0.06666666666666667,10,1.0,15.0,0.06222222222222222,inf,1.0,1,1,CEBPD,pos,1,CEBPE,pos,1,0.5555555555555556,6.666666666666666
CEBPD_pos_1,CEBPB_pos_1,0.06666666666666667,0.06666666666666667,10,1.0,15.0,0.06222222222222222,inf,1.0,1,1,CEBPD,pos,1,CEBPB,pos,1,0.5555555555555556,6.666666666666666
CEBPB_pos_1,CEBPD_pos_1,0.06666666666666667,0.06666666666666667,10,1.0,15.0,0.06222222222222222,inf,1.0,1,1,CEBPB,pos,1,CEBPD,pos,1,0.5555555555555556,6.666666666666666
CEBPE_pos_1,CEBPB_pos_1,0.06666666666666667,0.06666666666666667,10,1.0,15.0,0.06222222222222222,inf,1.0,1,1,CEBPE,pos,1,CEBPB,pos,1,1.0,0.0
CEBPE_pos_1,CEBPD_pos_1,0.06666666666666667,0.06666666666666667,10,1.0,15.0,0.06222222222222222,inf,1.0,1,1,CEBPE,pos,1,CEBPD,pos,1,0.5555555555555556,6.666666666666666
GRHL1_pos_8,GRHL2_pos_8,0.03333333333333333,0.06666666666666667,5,1.0,15.0,0.03111111111111111,inf,0.9655172413793104,1,1,GRHL1,pos,8,GRHL2,pos,8,0.5,7.5
FOXC1_neg_6,FOXA1_neg_6,0.05333333333333334,0.06,7,0.875,14.583333333333334,0.04346666666666667,7.52,0.9839034205231387,1,1,FOXC1,neg,6,FOXA1,neg,6,0.5,7.291666666666667
LMX1A_pos_2,ESX1_pos_2,0.05333333333333334,0.05333333333333334,6,0.75,14.062499999999998,0.03715555555555555,3.7866666666666666,0.9812206572769953,1,1,LMX1A,pos,2,ESX1,pos,2,0.5,7.031249999999999
UNCX_pos_2,ESX1_pos_2,0.05333333333333334,0.05333333333333334,6,0.75,14.062499999999998,0.03715555555555555,3.7866666666666666,0.9812206572769953,1,1,UNCX,pos,2,ESX1,pos,2,0.5,7.031249999999999
ESX1_pos_2,UNCX_pos_2,0.05333333333333334,0.05333333333333334,6,0.75,14.062499999999998,0.03715555555555555,3.7866666666666666,0.9812206572769953,1,1,ESX1,pos,2,UNCX,pos,2,0.5,7.031249999999999
ESX1_pos_2,SHOX_pos_2,0.05333333333333334,0.05333333333333334,6,0.75,14.062499999999998,0.03715555555555555,3.7866666666666666,0.9812206572769953,1,1,ESX1,pos,2,SHOX,pos,2,0.5,7.031249999999999
ESX1_pos_2,LMX1A_pos_2,0.05333333333333334,0.05333333333333334,6,0.75,14.062499999999998,0.03715555555555555,3.7866666666666666,0.9812206572769953,1,1,ESX1,pos,2,LMX1A,pos,2,0.5,7.031249999999999
ESX1_pos_2,LMX1B_pos_2,0.05333333333333334,0.05333333333333334,6,0.75,14.062499999999998,0.03715555555555555,3.7866666666666666,0.9812206572769953,1,1,ESX1,pos,2,LMX1B,pos,2,0.5,7.031249999999999
LMX1B_pos_2,ESX1_pos_2,0.05333333333333334,0.05333333333333334,6,0.75,14.062499999999998,0.03715555555555555,3.7866666666666666,0.9812206572769953,1,1,LMX1B,pos,2,ESX1,pos,2,0.5,7.031249999999999
SHOX_pos_2,ESX1_pos_2,0.05333333333333334,0.05333333333333334,6,0.75,14.062499999999998,0.03715555555555555,3.7866666666666666,0.9812206572769953,1,1,SHOX,pos,2,ESX1,pos,2,0.5,7.031249999999999
ZBTB7C_neg_6,ZBTB7B_neg_6,0.04,0.06,5,0.8333333333333333,13.888888888888888,0.030933333333333334,5.639999999999997,0.9666666666666667,1,1,ZBTB7C,neg,6,ZBTB7B,neg,6,0.5,6.944444444444444
EGR1_neg_7,EGR3_neg_7,0.05333333333333334,0.07333333333333333,8,1.0,13.636363636363637,0.04942222222222223,inf,0.9788732394366199,1,1,EGR1,neg,7,EGR3,neg,7,0.6153846153846154,5.244755244755244
FOXD2_pos_8,FOXI1_pos_8,0.07333333333333333,0.07333333333333333,11,1.0,13.636363636363637,0.06795555555555556,inf,1.0,1,1,FOXD2,pos,8,FOXI1,pos,8,1.0,0.0
FOXO4_pos_8,FOXO6_pos_8,0.07333333333333333,0.07333333333333333,11,1.0,13.636363636363637,0.06795555555555556,inf,1.0,1,1,FOXO4,pos,8,FOXO6,pos,8,1.0,0.0
FOXP1_pos_8,FOXO6_pos_8,0.05333333333333334,0.07333333333333333,8,1.0,13.636363636363637,0.04942222222222223,inf,0.9788732394366199,1,1,FOXP1,pos,8,FOXO6,pos,8,0.6363636363636364,4.958677685950414
FOXD2_pos_8,FOXP3_pos_8,0.07333333333333333,0.07333333333333333,11,1.0,13.636363636363637,0.06795555555555556,inf,1.0,1,1,FOXD2,pos,8,FOXP3,pos,8,1.0,0.0
FOXD2_pos_8,FOXO6_pos_8,0.07333333333333333,0.07333333333333333,11,1.0,13.636363636363637,0.06795555555555556,inf,1.0,1,1,FOXD2,pos,8,FOXO6,pos,8,1.0,0.0
FOXP3_pos_8,FOXD2_pos_8,0.07333333333333333,0.07333333333333333,11,1.0,13.636363636363637,0.06795555555555556,inf,1.0,1,1,FOXP3,pos,8,FOXD2,pos,8,1.0,0.0
FOXP1_pos_8,FOXD2_pos_8,0.05333333333333334,0.07333333333333333,8,1.0,13.636363636363637,0.04942222222222223,inf,0.9788732394366199,1,1,FOXP1,pos,8,FOXD2,pos,8,0.6363636363636364,4.958677685950414
FOXI1_pos_8,FOXD2_pos_8,0.07333333333333333,0.07333333333333333,11,1.0,13.636363636363637,0.06795555555555556,inf,1.0,1,1,FOXI1,pos,8,FOXD2,pos,8,1.0,0.0
FOXO6_pos_8,FOXO4_pos_8,0.07333333333333333,0.07333333333333333,11,1.0,13.636363636363637,0.06795555555555556,inf,1.0,1,1,FOXO6,pos,8,FOXO4,pos,8,1.0,0.0
FOXI1_pos_8,FOXP3_pos_8,0.07333333333333333,0.07333333333333333,11,1.0,13.636363636363637,0.06795555555555556,inf,1.0,1,1,FOXI1,pos,8,FOXP3,pos,8,1.0,0.0
FOXP3_pos_8,FOXI1_pos_8,0.07333333333333333,0.07333333333333333,11,1.0,13.636363636363637,0.06795555555555556,inf,1.0,1,1,FOXP3,pos,8,FOXI1,pos,8,1.0,0.0
FOXO4_pos_8,FOXI1_pos_8,0.07333333333333333,0.07333333333333333,11,1.0,13.636363636363637,0.06795555555555556,inf,1.0,1,1,FOXO4,pos,8,FOXI1,pos,8,1.0,0.0
FOXI1_pos_8,FOXO4_pos_8,0.07333333333333333,0.07333333333333333,11,1.0,13.636363636363637,0.06795555555555556,inf,1.0,1,1,FOXI1,pos,8,FOXO4,pos,8,1.0,0.0
FOXI1_pos_8,FOXO6_pos_8,0.07333333333333333,0.07333333333333333,11,1.0,13.636363636363637,0.06795555555555556,inf,1.0,1,1,FOXI1,pos,8,FOXO6,pos,8,1.0,0.0
FOXO6_pos_8,FOXI1_pos_8,0.07333333333333333,0.07333333333333333,11,1.0,13.636363636363637,0.06795555555555556,inf,1.0,1,1,FOXO6,pos,8,FOXI1,pos,8,1.0,0.0
FOXO4_pos_8,FOXD2_pos_8,0.07333333333333333,0.07333333333333333,11,1.0,13.636363636363637,0.06795555555555556,inf,1.0,1,1,FOXO4,pos,8,FOXD2,pos,8,1.0,0.0
FOXP1_pos_8,FOXI1_pos_8,0.05333333333333334,0.07333333333333333,8,1.0,13.636363636363637,0.04942222222222223,inf,0.9788732394366199,1,1,FOXP1,pos,8,FOXI1,pos,8,0.6363636363636364,4.958677685950414
FOXO6_pos_8,FOXP3_pos_8,0.07333333333333333,0.07333333333333333,11,1.0,13.636363636363637,0.06795555555555556,inf,1.0,1,1,FOXO6,pos,8,FOXP3,pos,8,1.0,0.0
FOXD2_pos_8,FOXO4_pos_8,0.07333333333333333,0.07333333333333333,11,1.0,13.636363636363637,0.06795555555555556,inf,1.0,1,1,FOXD2,pos,8,FOXO4,pos,8,1.0,0.0
SNAI2_neg_4,TCF4_neg_4,0.05333333333333334,0.07333333333333333,8,1.0,13.636363636363637,0.04942222222222223,inf,0.9788732394366199,1,1,SNAI2,neg,4,TCF4,neg,4,0.75,3.409090909090909
FOXP3_pos_8,FOXO4_pos_8,0.07333333333333333,0.07333333333333333,11,1.0,13.636363636363637,0.06795555555555556,inf,1.0,1,1,FOXP3,pos,8,FOXO4,pos,8,1.0,0.0
FOXP1_pos_8,FOXP3_pos_8,0.05333333333333334,0.07333333333333333,8,1.0,13.636363636363637,0.04942222222222223,inf,0.9788732394366199,1,1,FOXP1,pos,8,FOXP3,pos,8,0.6363636363636364,4.958677685950414
FOXP1_pos_8,FOXO4_pos_8,0.05333333333333334,0.07333333333333333,8,1.0,13.636363636363637,0.04942222222222223,inf,0.9788732394366199,1,1,FOXP1,pos,8,FOXO4,pos,8,0.6363636363636364,4.958677685950414
FOXO6_pos_8,FOXD2_pos_8,0.07333333333333333,0.07333333333333333,11,1.0,13.636363636363637,0.06795555555555556,inf,1.0,1,1,FOXO6,pos,8,FOXD2,pos,8,1.0,0.0
RFX2_neg_0,RFX4_neg_0,0.04666666666666667,0.07333333333333333,7,1.0,13.636363636363637,0.043244444444444446,inf,0.9720279720279721,1,1,RFX2,neg,0,RFX4,neg,0,0.5833333333333334,5.681818181818182
FOXO4_pos_8,FOXP3_pos_8,0.07333333333333333,0.07333333333333333,11,1.0,13.636363636363637,0.06795555555555556,inf,1.0,1,1,FOXO4,pos,8,FOXP3,pos,8,1.0,0.0
FOXP3_pos_8,FOXO6_pos_8,0.07333333333333333,0.07333333333333333,11,1.0,13.636363636363637,0.06795555555555556,inf,1.0,1,1,FOXP3,pos,8,FOXO6,pos,8,1.0,0.0
JUN_neg_6,JUNB_neg_6,0.04666666666666667,0.05333333333333334,5,0.7142857142857142,13.39285714285714,0.030844444444444445,3.313333333333332,0.9706293706293706,1,1,JUN,neg,6,JUNB,neg,6,0.3333333333333333,8.928571428571429
POU5F1B_pos_8,POU5F1_pos_8,0.04666666666666667,0.05333333333333334,5,0.7142857142857142,13.39285714285714,0.030844444444444445,3.313333333333332,0.9706293706293706,1,1,POU5F1B,pos,8,POU5F1,pos,8,0.38461538461538464,8.241758241758241
JUN_neg_6,FOSL2_neg_6,0.04666666666666667,0.05333333333333334,5,0.7142857142857142,13.39285714285714,0.030844444444444445,3.313333333333332,0.9706293706293706,1,1,JUN,neg,6,FOSL2,neg,6,0.5294117647058824,6.30252100840336
POU3F4_pos_8,POU5F1_pos_8,0.04666666666666667,0.05333333333333334,5,0.7142857142857142,13.39285714285714,0.030844444444444445,3.313333333333332,0.9706293706293706,1,1,POU3F4,pos,8,POU5F1,pos,8,0.46153846153846156,7.21153846153846
FOXK2_neg_4,FOXB1_neg_4,0.04666666666666667,0.05333333333333334,5,0.7142857142857142,13.39285714285714,0.030844444444444445,3.313333333333332,0.9706293706293706,1,1,FOXK2,neg,4,FOXB1,neg,4,0.5,6.69642857142857
FOXK1_pos_8,FOXP1_pos_8,0.04666666666666667,0.05333333333333334,5,0.7142857142857142,13.39285714285714,0.030844444444444445,3.313333333333332,0.9706293706293706,1,1,FOXK1,pos,8,FOXP1,pos,8,0.42105263157894735,7.753759398496239
TGIF2_pos_4,PKNOX2_pos_4,0.06,0.06666666666666667,8,0.888888888888889,13.333333333333334,0.04933333333333334,8.400000000000006,0.9840425531914895,1,1,TGIF2,pos,4,PKNOX2,pos,4,0.6923076923076923,4.102564102564103
SHOX_pos_2,GSX1_pos_2,0.05333333333333334,0.06666666666666667,7,0.875,13.125,0.043111111111111114,7.466666666666667,0.9758551307847082,1,1,SHOX,pos,2,GSX1,pos,2,0.5384615384615384,6.057692307692308
LMX1A_pos_2,GSX1_pos_2,0.05333333333333334,0.06666666666666667,7,0.875,13.125,0.043111111111111114,7.466666666666667,0.9758551307847082,1,1,LMX1A,pos,2,GSX1,pos,2,0.5384615384615384,6.057692307692308
LMX1B_pos_2,GSX1_pos_2,0.05333333333333334,0.06666666666666667,7,0.875,13.125,0.043111111111111114,7.466666666666667,0.9758551307847082,1,1,LMX1B,pos,2,GSX1,pos,2,0.5384615384615384,6.057692307692308
UNCX_pos_2,GSX1_pos_2,0.05333333333333334,0.06666666666666667,7,0.875,13.125,0.043111111111111114,7.466666666666667,0.9758551307847082,1,1,UNCX,pos,2,GSX1,pos,2,0.5384615384615384,6.057692307692308
FOXB1_neg_4,FOXC2_neg_4,0.05333333333333334,0.06666666666666667,7,0.875,13.125,0.043111111111111114,7.466666666666667,0.9758551307847082,1,1,FOXB1,neg,4,FOXC2,neg,4,0.6666666666666666,4.375000000000001
FOXK2_pos_2,FOXP1_pos_2,0.06,0.08,9,1.0,12.5,0.0552,inf,0.9787234042553192,1,1,FOXK2,pos,2,FOXP1,pos,2,0.7857142857142857,2.678571428571429
FOXO3_pos_2,FOXK2_pos_2,0.05333333333333334,0.06,6,0.75,12.5,0.0368,3.76,0.971830985915493,1,1,FOXO3,pos,2,FOXK2,pos,2,0.46153846153846156,6.730769230769231
TFAP2B_neg_6,TFAP2A_neg_6,0.06666666666666667,0.07333333333333333,9,0.9,12.272727272727273,0.05511111111111111,9.26666666666667,0.9841269841269841,1,1,TFAP2B,neg,6,TFAP2A,neg,6,0.6923076923076923,3.7762237762237767
NFYB_pos_0,NFYA_pos_0,0.06,0.07333333333333333,8,0.888888888888889,12.121212121212121,0.048933333333333336,8.340000000000005,0.976063829787234,1,1,NFYB,pos,0,NFYA,pos,0,0.6153846153846154,4.662004662004661
DUX4_pos_0,POU6F2_pos_0,0.04666666666666667,0.06,5,0.7142857142857142,11.904761904761903,0.030533333333333332,3.2899999999999987,0.9608391608391608,1,1,DUX4,pos,0,POU6F2,pos,0,0.1875,9.672619047619046
FOXK2_neg_4,FOXC1_neg_4,0.04666666666666667,0.06,5,0.7142857142857142,11.904761904761903,0.030533333333333332,3.2899999999999987,0.9608391608391608,1,1,FOXK2,neg,4,FOXC1,neg,4,0.38461538461538464,7.326007326007326
FOXK1_pos_8,FOXO4_pos_8,0.04666666666666667,0.07333333333333333,6,0.8571428571428571,11.688311688311687,0.03657777777777778,6.486666666666665,0.9592074592074591,1,1,FOXK1,pos,8,FOXO4,pos,8,0.5,5.844155844155844
FOXK1_pos_8,FOXD2_pos_8,0.04666666666666667,0.07333333333333333,6,0.8571428571428571,11.688311688311687,0.03657777777777778,6.486666666666665,0.9592074592074591,1,1,FOXK1,pos,8,FOXD2,pos,8,0.5,5.844155844155844
FOXK1_pos_8,FOXP3_pos_8,0.04666666666666667,0.07333333333333333,6,0.8571428571428571,11.688311688311687,0.03657777777777778,6.486666666666665,0.9592074592074591,1,1,FOXK1,pos,8,FOXP3,pos,8,0.5,5.844155844155844
FOXK1_pos_8,FOXO6_pos_8,0.04666666666666667,0.07333333333333333,6,0.8571428571428571,11.688311688311687,0.03657777777777778,6.486666666666665,0.9592074592074591,1,1,FOXK1,pos,8,FOXO6,pos,8,0.5,5.844155844155844
FOXK1_pos_8,FOXI1_pos_8,0.04666666666666667,0.07333333333333333,6,0.8571428571428571,11.688311688311687,0.03657777777777778,6.486666666666665,0.9592074592074591,1,1,FOXK1,pos,8,FOXI1,pos,8,0.5,5.844155844155844
FOXC1_neg_4,FOXC2_neg_4,0.06,0.06666666666666667,7,0.7777777777777778,11.666666666666668,0.04266666666666667,4.2,0.9726443768996962,1,1,FOXC1,neg,4,FOXC2,neg,4,0.5384615384615384,5.384615384615385
FOXP3_pos_2,FOXI1_pos_2,0.08666666666666667,0.08666666666666667,13,1.0,11.538461538461538,0.07915555555555556,inf,1.0,1,1,FOXP3,pos,2,FOXI1,pos,2,1.0,0.0
FOXK2_pos_2,FOXP3_pos_2,0.06,0.08666666666666667,9,1.0,11.538461538461538,0.0548,inf,0.971631205673759,1,1,FOXK2,pos,2,FOXP3,pos,2,0.7333333333333333,3.0769230769230775
MYF6_pos_2,MSC_pos_2,0.04666666666666667,0.08666666666666667,7,1.0,11.538461538461538,0.04262222222222222,inf,0.958041958041958,1,1,MYF6,pos,2,MSC,pos,2,0.4117647058823529,6.787330316742081
FOXI1_pos_2,FOXP3_pos_2,0.08666666666666667,0.08666666666666667,13,1.0,11.538461538461538,0.07915555555555556,inf,1.0,1,1,FOXI1,pos,2,FOXP3,pos,2,1.0,0.0
FOXO6_pos_2,FOXD2_pos_2,0.08666666666666667,0.08666666666666667,13,1.0,11.538461538461538,0.07915555555555556,inf,1.0,1,1,FOXO6,pos,2,FOXD2,pos,2,1.0,0.0
FOXO6_pos_2,FOXO4_pos_2,0.08666666666666667,0.08666666666666667,13,1.0,11.538461538461538,0.07915555555555556,inf,1.0,1,1,FOXO6,pos,2,FOXO4,pos,2,1.0,0.0
FOXD2_pos_2,FOXP3_pos_2,0.08666666666666667,0.08666666666666667,13,1.0,11.538461538461538,0.07915555555555556,inf,1.0,1,1,FOXD2,pos,2,FOXP3,pos,2,1.0,0.0
FOXP3_pos_2,FOXD2_pos_2,0.08666666666666667,0.08666666666666667,13,1.0,11.538461538461538,0.07915555555555556,inf,1.0,1,1,FOXP3,pos,2,FOXD2,pos,2,1.0,0.0
FOXP1_pos_2,FOXD2_pos_2,0.08,0.08666666666666667,12,1.0,11.538461538461538,0.07306666666666667,inf,0.9927536231884059,1,1,FOXP1,pos,2,FOXD2,pos,2,0.9333333333333333,0.769230769230769
FOXD2_pos_2,FOXO6_pos_2,0.08666666666666667,0.08666666666666667,13,1.0,11.538461538461538,0.07915555555555556,inf,1.0,1,1,FOXD2,pos,2,FOXO6,pos,2,1.0,0.0
FOXO4_pos_2,FOXO6_pos_2,0.08666666666666667,0.08666666666666667,13,1.0,11.538461538461538,0.07915555555555556,inf,1.0,1,1,FOXO4,pos,2,FOXO6,pos,2,1.0,0.0
FOXO4_pos_2,FOXD2_pos_2,0.08666666666666667,0.08666666666666667,13,1.0,11.538461538461538,0.07915555555555556,inf,1.0,1,1,FOXO4,pos,2,FOXD2,pos,2,1.0,0.0
FOXD2_pos_2,FOXO4_pos_2,0.08666666666666667,0.08666666666666667,13,1.0,11.538461538461538,0.07915555555555556,inf,1.0,1,1,FOXD2,pos,2,FOXO4,pos,2,1.0,0.0
FOXO3_pos_2,FOXO4_pos_2,0.05333333333333334,0.08666666666666667,8,1.0,11.538461538461538,0.048711111111111115,inf,0.9647887323943662,1,1,FOXO3,pos,2,FOXO4,pos,2,0.5333333333333333,5.384615384615385
FOXD2_pos_2,FOXI1_pos_2,0.08666666666666667,0.08666666666666667,13,1.0,11.538461538461538,0.07915555555555556,inf,1.0,1,1,FOXD2,pos,2,FOXI1,pos,2,1.0,0.0
FOXO3_pos_2,FOXP3_pos_2,0.05333333333333334,0.08666666666666667,8,1.0,11.538461538461538,0.048711111111111115,inf,0.9647887323943662,1,1,FOXO3,pos,2,FOXP3,pos,2,0.5333333333333333,5.384615384615385
FOXI1_pos_2,FOXD2_pos_2,0.08666666666666667,0.08666666666666667,13,1.0,11.538461538461538,0.07915555555555556,inf,1.0,1,1,FOXI1,pos,2,FOXD2,pos,2,1.0,0.0
FOXO3_pos_2,FOXO6_pos_2,0.05333333333333334,0.08666666666666667,8,1.0,11.538461538461538,0.048711111111111115,inf,0.9647887323943662,1,1,FOXO3,pos,2,FOXO6,pos,2,0.5333333333333333,5.384615384615385
FOXO3_pos_2,FOXD2_pos_2,0.05333333333333334,0.08666666666666667,8,1.0,11.538461538461538,0.048711111111111115,inf,0.9647887323943662,1,1,FOXO3,pos,2,FOXD2,pos,2,0.5333333333333333,5.384615384615385
FOXP3_pos_2,FOXO4_pos_2,0.08666666666666667,0.08666666666666667,13,1.0,11.538461538461538,0.07915555555555556,inf,1.0,1,1,FOXP3,pos,2,FOXO4,pos,2,1.0,0.0
FOXO4_pos_2,FOXP3_pos_2,0.08666666666666667,0.08666666666666667,13,1.0,11.538461538461538,0.07915555555555556,inf,1.0,1,1,FOXO4,pos,2,FOXP3,pos,2,1.0,0.0
FOXP1_pos_2,FOXO4_pos_2,0.08,0.08666666666666667,12,1.0,11.538461538461538,0.07306666666666667,inf,0.9927536231884059,1,1,FOXP1,pos,2,FOXO4,pos,2,0.9333333333333333,0.769230769230769
FOXK2_pos_2,FOXD2_pos_2,0.06,0.08666666666666667,9,1.0,11.538461538461538,0.0548,inf,0.971631205673759,1,1,FOXK2,pos,2,FOXD2,pos,2,0.7333333333333333,3.0769230769230775
FOXP1_pos_2,FOXI1_pos_2,0.08,0.08666666666666667,12,1.0,11.538461538461538,0.07306666666666667,inf,0.9927536231884059,1,1,FOXP1,pos,2,FOXI1,pos,2,0.9333333333333333,0.769230769230769
FOXK2_pos_2,FOXI1_pos_2,0.06,0.08666666666666667,9,1.0,11.538461538461538,0.0548,inf,0.971631205673759,1,1,FOXK2,pos,2,FOXI1,pos,2,0.7333333333333333,3.0769230769230775
FOXI1_pos_2,FOXO6_pos_2,0.08666666666666667,0.08666666666666667,13,1.0,11.538461538461538,0.07915555555555556,inf,1.0,1,1,FOXI1,pos,2,FOXO6,pos,2,1.0,0.0
FOXK2_pos_2,FOXO6_pos_2,0.06,0.08666666666666667,9,1.0,11.538461538461538,0.0548,inf,0.971631205673759,1,1,FOXK2,pos,2,FOXO6,pos,2,0.7333333333333333,3.0769230769230775
FOXP1_pos_2,FOXP3_pos_2,0.08,0.08666666666666667,12,1.0,11.538461538461538,0.07306666666666667,inf,0.9927536231884059,1,1,FOXP1,pos,2,FOXP3,pos,2,0.9333333333333333,0.769230769230769
FOXO6_pos_2,FOXI1_pos_2,0.08666666666666667,0.08666666666666667,13,1.0,11.538461538461538,0.07915555555555556,inf,1.0,1,1,FOXO6,pos,2,FOXI1,pos,2,1.0,0.0
FOXK2_pos_2,FOXO4_pos_2,0.06,0.08666666666666667,9,1.0,11.538461538461538,0.0548,inf,0.971631205673759,1,1,FOXK2,pos,2,FOXO4,pos,2,0.7333333333333333,3.0769230769230775
FOXP3_pos_2,FOXO6_pos_2,0.08666666666666667,0.08666666666666667,13,1.0,11.538461538461538,0.07915555555555556,inf,1.0,1,1,FOXP3,pos,2,FOXO6,pos,2,1.0,0.0
FOXO6_pos_2,FOXP3_pos_2,0.08666666666666667,0.08666666666666667,13,1.0,11.538461538461538,0.07915555555555556,inf,1.0,1,1,FOXO6,pos,2,FOXP3,pos,2,1.0,0.0
FOXP1_pos_2,FOXO6_pos_2,0.08,0.08666666666666667,12,1.0,11.538461538461538,0.07306666666666667,inf,0.9927536231884059,1,1,FOXP1,pos,2,FOXO6,pos,2,0.9333333333333333,0.769230769230769
NR3C1_pos_0,YY1_pos_0,0.03333333333333333,0.08666666666666667,5,1.0,11.538461538461538,0.030444444444444444,inf,0.9448275862068966,1,1,NR3C1,pos,0,YY1,pos,0,0.13636363636363635,9.965034965034965
FOXI1_pos_2,FOXO4_pos_2,0.08666666666666667,0.08666666666666667,13,1.0,11.538461538461538,0.07915555555555556,inf,1.0,1,1,FOXI1,pos,2,FOXO4,pos,2,1.0,0.0
FOXO3_pos_2,FOXI1_pos_2,0.05333333333333334,0.08666666666666667,8,1.0,11.538461538461538,0.048711111111111115,inf,0.9647887323943662,1,1,FOXO3,pos,2,FOXI1,pos,2,0.5333333333333333,5.384615384615385
FOXO4_pos_2,FOXI1_pos_2,0.08666666666666667,0.08666666666666667,13,1.0,11.538461538461538,0.07915555555555556,inf,1.0,1,1,FOXO4,pos,2,FOXI1,pos,2,1.0,0.0
SP8_neg_8,KLF9_neg_8,0.08,0.08,11,0.9166666666666666,11.458333333333332,0.06693333333333333,11.039999999999996,0.9920948616600789,1,1,SP8,neg,8,KLF9,neg,8,0.42105263157894735,6.633771929824561
KLF9_neg_8,SP8_neg_8,0.08,0.08,11,0.9166666666666666,11.458333333333332,0.06693333333333333,11.039999999999996,0.9920948616600789,1,1,KLF9,neg,8,SP8,neg,8,0.42105263157894735,6.633771929824561
LHX6_pos_2,GSX1_pos_2,0.05333333333333334,0.06666666666666667,6,0.75,11.25,0.036444444444444446,3.7333333333333334,0.9624413145539906,1,1,LHX6,pos,2,GSX1,pos,2,0.35714285714285715,7.232142857142857
FOXK2_pos_2,FOXG1_pos_2,0.06,0.06,6,0.6666666666666667,11.111111111111112,0.0364,2.8200000000000003,0.9680851063829787,1,1,FOXK2,pos,2,FOXG1,pos,2,0.4,6.666666666666667
FOXG1_pos_2,FOXK2_pos_2,0.06,0.06,6,0.6666666666666667,11.111111111111112,0.0364,2.8200000000000003,0.9680851063829787,1,1,FOXG1,pos,2,FOXK2,pos,2,0.4,6.666666666666667
FOXO3_pos_2,FOXP1_pos_2,0.05333333333333334,0.08,7,0.875,10.9375,0.0424,7.36,0.959758551307847,1,1,FOXO3,pos,2,FOXP1,pos,2,0.4666666666666667,5.833333333333333
FOSB_pos_1,JUND_pos_1,0.07333333333333333,0.09333333333333334,11,1.0,10.714285714285714,0.06648888888888889,inf,0.9784172661870503,1,1,FOSB,pos,1,JUND,pos,1,0.6111111111111112,4.166666666666666
FOXD2_neg_4,FOXC2_neg_4,0.04666666666666667,0.06666666666666667,5,0.7142857142857142,10.714285714285714,0.03022222222222222,3.2666666666666657,0.9510489510489509,1,1,FOXD2,neg,4,FOXC2,neg,4,0.38461538461538464,6.593406593406593
FOXI1_neg_4,FOXC2_neg_4,0.04666666666666667,0.06666666666666667,5,0.7142857142857142,10.714285714285714,0.03022222222222222,3.2666666666666657,0.9510489510489509,1,1,FOXI1,neg,4,FOXC2,neg,4,0.38461538461538464,6.593406593406593
FOXK2_neg_4,FOXC2_neg_4,0.04666666666666667,0.06666666666666667,5,0.7142857142857142,10.714285714285714,0.03022222222222222,3.2666666666666657,0.9510489510489509,1,1,FOXK2,neg,4,FOXC2,neg,4,0.42857142857142855,6.1224489795918355
FOXO4_neg_4,FOXC2_neg_4,0.04666666666666667,0.06666666666666667,5,0.7142857142857142,10.714285714285714,0.03022222222222222,3.2666666666666657,0.9510489510489509,1,1,FOXO4,neg,4,FOXC2,neg,4,0.38461538461538464,6.593406593406593
FOXO6_neg_4,FOXC2_neg_4,0.04666666666666667,0.06666666666666667,5,0.7142857142857142,10.714285714285714,0.03022222222222222,3.2666666666666657,0.9510489510489509,1,1,FOXO6,neg,4,FOXC2,neg,4,0.38461538461538464,6.593406593406593
FOXP3_neg_4,FOXC2_neg_4,0.04666666666666667,0.06666666666666667,5,0.7142857142857142,10.714285714285714,0.03022222222222222,3.2666666666666657,0.9510489510489509,1,1,FOXP3,neg,4,FOXC2,neg,4,0.38461538461538464,6.593406593406593
MAX_neg_8,KLF16_neg_8,0.03333333333333333,0.09333333333333334,5,1.0,10.714285714285714,0.03022222222222222,inf,0.9379310344827586,1,1,MAX,neg,8,KLF16,neg,8,0.21052631578947367,8.458646616541353
FOXG1_pos_2,FOXP3_pos_2,0.06,0.08666666666666667,8,0.888888888888889,10.256410256410257,0.048133333333333334,8.220000000000004,0.9601063829787234,1,1,FOXG1,pos,2,FOXP3,pos,2,0.47058823529411764,5.429864253393665
FOXG1_pos_2,FOXI1_pos_2,0.06,0.08666666666666667,8,0.888888888888889,10.256410256410257,0.048133333333333334,8.220000000000004,0.9601063829787234,1,1,FOXG1,pos,2,FOXI1,pos,2,0.47058823529411764,5.429864253393665
FOXG1_pos_2,FOXO6_pos_2,0.06,0.08666666666666667,8,0.888888888888889,10.256410256410257,0.048133333333333334,8.220000000000004,0.9601063829787234,1,1,FOXG1,pos,2,FOXO6,pos,2,0.47058823529411764,5.429864253393665
FOXG1_pos_2,FOXO4_pos_2,0.06,0.08666666666666667,8,0.888888888888889,10.256410256410257,0.048133333333333334,8.220000000000004,0.9601063829787234,1,1,FOXG1,pos,2,FOXO4,pos,2,0.47058823529411764,5.429864253393665
FOXG1_pos_2,FOXD2_pos_2,0.06,0.08666666666666667,8,0.888888888888889,10.256410256410257,0.048133333333333334,8.220000000000004,0.9601063829787234,1,1,FOXG1,pos,2,FOXD2,pos,2,0.47058823529411764,5.429864253393665
TFDP1_neg_7,EGR3_neg_7,0.05333333333333334,0.07333333333333333,6,0.75,10.227272727272727,0.03608888888888889,3.7066666666666666,0.9530516431924884,1,1,TFDP1,neg,7,EGR3,neg,7,0.2857142857142857,7.305194805194805
ID4_pos_2,TCF4_pos_2,0.09333333333333334,0.1,14,1.0,10.0,0.084,inf,0.9926470588235294,1,1,ID4,pos,2,TCF4,pos,2,0.8,1.9999999999999996
UNCX_neg_1,LMX1A_neg_1,0.1,0.1,15,1.0,10.0,0.09,inf,0.9999999999999999,1,1,UNCX,neg,1,LMX1A,neg,1,1.0,0.0
EGR1_neg_7,SP2_neg_7,0.05333333333333334,0.1,8,1.0,10.0,0.048,inf,0.9507042253521127,1,1,EGR1,neg,7,SP2,neg,7,0.42105263157894735,5.7894736842105265
FOSB_pos_1,FOS_pos_1,0.07333333333333333,0.1,11,1.0,10.0,0.066,inf,0.9712230215827338,1,1,FOSB,pos,1,FOS,pos,1,0.55,4.5
LMX1A_neg_1,UNCX_neg_1,0.1,0.1,15,1.0,10.0,0.09,inf,0.9999999999999999,1,1,LMX1A,neg,1,UNCX,neg,1,1.0,0.0
JUND_pos_1,FOS_pos_1,0.09333333333333334,0.1,14,1.0,10.0,0.084,inf,0.9926470588235294,1,1,JUND,pos,1,FOS,pos,1,0.9,0.9999999999999998
T_neg_1,TBX19_neg_1,0.07333333333333333,0.07333333333333333,8,0.7272727272727273,9.917355371900827,0.04795555555555556,3.397777777777778,0.9703237410071943,1,1,T,neg,1,TBX19,neg,1,0.5294117647058824,4.666990763247448
TBX19_neg_1,T_neg_1,0.07333333333333333,0.07333333333333333,8,0.7272727272727273,9.917355371900827,0.04795555555555556,3.397777777777778,0.9703237410071943,1,1,TBX19,neg,1,T,neg,1,0.5294117647058824,4.666990763247448
FOXD2_neg_4,MEF2C_neg_4,0.04666666666666667,0.08666666666666667,6,0.8571428571428571,9.890109890109889,0.03595555555555555,6.393333333333331,0.9428904428904427,1,1,FOXD2,neg,4,MEF2C,neg,4,0.2,7.9120879120879115
FOXI1_neg_4,MEF2C_neg_4,0.04666666666666667,0.08666666666666667,6,0.8571428571428571,9.890109890109889,0.03595555555555555,6.393333333333331,0.9428904428904427,1,1,FOXI1,neg,4,MEF2C,neg,4,0.2,7.9120879120879115
FOXP3_neg_4,MEF2C_neg_4,0.04666666666666667,0.08666666666666667,6,0.8571428571428571,9.890109890109889,0.03595555555555555,6.393333333333331,0.9428904428904427,1,1,FOXP3,neg,4,MEF2C,neg,4,0.2,7.9120879120879115
FOXO6_neg_4,MEF2C_neg_4,0.04666666666666667,0.08666666666666667,6,0.8571428571428571,9.890109890109889,0.03595555555555555,6.393333333333331,0.9428904428904427,1,1,FOXO6,neg,4,MEF2C,neg,4,0.2,7.9120879120879115
FOXO4_neg_4,MEF2C_neg_4,0.04666666666666667,0.08666666666666667,6,0.8571428571428571,9.890109890109889,0.03595555555555555,6.393333333333331,0.9428904428904427,1,1,FOXO4,neg,4,MEF2C,neg,4,0.2,7.9120879120879115
KLF9_neg_8,SP3_neg_8,0.08,0.09333333333333334,11,0.9166666666666666,9.821428571428571,0.06586666666666667,10.879999999999995,0.9762845849802371,1,1,KLF9,neg,8,SP3,neg,8,0.42857142857142855,5.612244897959183
ISL2_neg_0,NR2F1_neg_0,0.04666666666666667,0.07333333333333333,5,0.7142857142857142,9.74025974025974,0.02991111111111111,3.2433333333333323,0.9412587412587412,1,1,ISL2,neg,0,NR2F1,neg,0,0.10526315789473684,8.714969241285031
PROP1_neg_2,FOSB_pos_1,0.04666666666666667,0.07333333333333333,5,0.7142857142857142,9.74025974025974,0.02991111111111111,3.2433333333333323,0.9412587412587412,1,1,PROP1,neg,2,FOSB,pos,1,0.125,8.522727272727272
FOXG1_pos_2,FOXP1_pos_2,0.06,0.08,7,0.7777777777777778,9.722222222222221,0.04186666666666667,4.140000000000001,0.9544072948328268,1,1,FOXG1,pos,2,FOXP1,pos,2,0.4117647058823529,5.718954248366013
PBX2_neg_4,PBX3_neg_4,0.06666666666666667,0.09333333333333334,9,0.9,9.642857142857142,0.05377777777777777,9.066666666666668,0.9603174603174602,1,1,PBX2,neg,4,PBX3,neg,4,0.5625,4.21875
LMX1A_neg_1,LMX1B_neg_1,0.1,0.10666666666666667,15,1.0,9.375,0.08933333333333333,inf,0.9925925925925925,1,1,LMX1A,neg,1,LMX1B,neg,1,0.9411764705882353,0.5514705882352943
MAFG_pos_2,MAFK_pos_2,0.05333333333333334,0.06666666666666667,5,0.625,9.375,0.029777777777777778,2.488888888888889,0.943661971830986,1,1,MAFG,pos,2,MAFK,pos,2,0.35714285714285715,6.0267857142857135
FOS_pos_1,FOSL1_pos_1,0.1,0.10666666666666667,15,1.0,9.375,0.08933333333333333,inf,0.9925925925925925,1,1,FOS,pos,1,FOSL1,pos,1,0.6956521739130435,2.8532608695652177
FOSB_pos_1,FOSL1_pos_1,0.07333333333333333,0.10666666666666667,11,1.0,9.375,0.0655111111111111,inf,0.964028776978417,1,1,FOSB,pos,1,FOSL1,pos,1,0.5789473684210527,3.9473684210526314
JUND_pos_1,FOSL1_pos_1,0.09333333333333334,0.10666666666666667,14,1.0,9.375,0.08337777777777779,inf,0.9852941176470589,1,1,JUND,pos,1,FOSL1,pos,1,0.6818181818181818,2.982954545454546
LMX1A_neg_1,SHOX_neg_1,0.1,0.10666666666666667,15,1.0,9.375,0.08933333333333333,inf,0.9925925925925925,1,1,LMX1A,neg,1,SHOX,neg,1,0.9411764705882353,0.5514705882352943
ESX1_pos_2,GSX1_pos_2,0.05333333333333334,0.06666666666666667,5,0.625,9.375,0.029777777777777778,2.488888888888889,0.943661971830986,1,1,ESX1,pos,2,GSX1,pos,2,0.3333333333333333,6.250000000000001
UNCX_neg_1,LMX1B_neg_1,0.1,0.10666666666666667,15,1.0,9.375,0.08933333333333333,inf,0.9925925925925925,1,1,UNCX,neg,1,LMX1B,neg,1,0.9411764705882353,0.5514705882352943
SNAI2_neg_4,ZEB1_neg_4,0.05333333333333334,0.08,6,0.75,9.375,0.03573333333333333,3.68,0.9436619718309859,1,1,SNAI2,neg,4,ZEB1,neg,4,0.3888888888888889,5.729166666666667
UNCX_neg_1,SHOX_neg_1,0.1,0.10666666666666667,15,1.0,9.375,0.08933333333333333,inf,0.9925925925925925,1,1,UNCX,neg,1,SHOX,neg,1,0.9411764705882353,0.5514705882352943
FOS_pos_1,NFE2_pos_1,0.1,0.1,14,0.9333333333333333,9.333333333333332,0.08333333333333334,13.500000000000004,0.9920634920634921,1,1,FOS,pos,1,NFE2,pos,1,0.7142857142857143,2.666666666666666
TCF3_pos_2,TCF4_pos_2,0.1,0.1,14,0.9333333333333333,9.333333333333332,0.08333333333333334,13.500000000000004,0.9920634920634921,1,1,TCF3,pos,2,TCF4,pos,2,0.8571428571428571,1.3333333333333337
TCF4_pos_2,TCF3_pos_2,0.1,0.1,14,0.9333333333333333,9.333333333333332,0.08333333333333334,13.500000000000004,0.9920634920634921,1,1,TCF4,pos,2,TCF3,pos,2,0.8571428571428571,1.3333333333333337
NFE2_pos_1,FOS_pos_1,0.1,0.1,14,0.9333333333333333,9.333333333333332,0.08333333333333334,13.500000000000004,0.9920634920634921,1,1,NFE2,pos,1,FOS,pos,1,0.7142857142857143,2.666666666666666
ID4_pos_2,TCF3_pos_2,0.09333333333333334,0.1,13,0.9285714285714286,9.285714285714285,0.07733333333333334,12.600000000000007,0.9841628959276019,1,1,ID4,pos,2,TCF3,pos,2,0.75,2.321428571428571
JUND_pos_1,NFE2_pos_1,0.09333333333333334,0.1,13,0.9285714285714286,9.285714285714285,0.07733333333333334,12.600000000000007,0.9841628959276019,1,1,JUND,pos,1,NFE2,pos,1,0.7,2.785714285714286
FOXC2_neg_4,MEF2C_neg_4,0.06666666666666667,0.08666666666666667,8,0.8,9.230769230769232,0.04755555555555556,4.566666666666667,0.9553571428571429,1,1,FOXC2,neg,4,MEF2C,neg,4,0.21739130434782608,7.22408026755853
MIXL1_neg_1,UNCX_neg_1,0.08,0.1,11,0.9166666666666666,9.166666666666666,0.06533333333333333,10.799999999999995,0.9683794466403159,1,1,MIXL1,neg,1,UNCX,neg,1,0.7058823529411765,2.6960784313725483
FIGLA_pos_2,TCF3_pos_2,0.08,0.1,11,0.9166666666666666,9.166666666666666,0.06533333333333333,10.799999999999995,0.9683794466403159,1,1,FIGLA,pos,2,TCF3,pos,2,0.6190476190476191,3.4920634920634916
MIXL1_neg_1,LMX1A_neg_1,0.08,0.1,11,0.9166666666666666,9.166666666666666,0.06533333333333333,10.799999999999995,0.9683794466403159,1,1,MIXL1,neg,1,LMX1A,neg,1,0.7058823529411765,2.6960784313725483
FOSB_pos_1,NFE2_pos_1,0.07333333333333333,0.1,10,0.9090909090909091,9.09090909090909,0.059333333333333335,9.899999999999997,0.9604316546762591,1,1,FOSB,pos,1,NFE2,pos,1,0.5882352941176471,3.74331550802139
EGR3_neg_7,SP2_neg_7,0.07333333333333333,0.1,10,0.9090909090909091,9.09090909090909,0.059333333333333335,9.899999999999997,0.9604316546762591,1,1,EGR3,neg,7,SP2,neg,7,0.6,3.6363636363636362
POU6F2_pos_0,YY1_pos_0,0.06,0.08666666666666667,7,0.7777777777777778,8.974358974358974,0.041466666666666666,4.11,0.9452887537993921,1,1,POU6F2,pos,0,YY1,pos,0,0.037037037037037035,8.641975308641976
SP8_neg_8,SP3_neg_8,0.08,0.09333333333333334,10,0.8333333333333333,8.928571428571427,0.059199999999999996,5.439999999999998,0.9652173913043477,1,1,SP8,neg,8,SP3,neg,8,0.5882352941176471,3.6764705882352935
KLF9_neg_8,KLF16_neg_8,0.08,0.09333333333333334,10,0.8333333333333333,8.928571428571427,0.059199999999999996,5.439999999999998,0.9652173913043477,1,1,KLF9,neg,8,KLF16,neg,8,0.391304347826087,5.434782608695651
FIGLA_pos_2,ID4_pos_2,0.08,0.09333333333333334,10,0.8333333333333333,8.928571428571427,0.059199999999999996,5.439999999999998,0.9652173913043477,1,1,FIGLA,pos,2,ID4,pos,2,0.47619047619047616,4.6768707482993195
FOSB_pos_1,JUNB_pos_1,0.07333333333333333,0.11333333333333333,11,1.0,8.823529411764707,0.06502222222222222,inf,0.9568345323741005,1,1,FOSB,pos,1,JUNB,pos,1,0.5789473684210527,3.715170278637771
LMX1B_neg_1,SHOX_neg_1,0.10666666666666667,0.10666666666666667,15,0.9375,8.7890625,0.08862222222222223,14.293333333333333,0.992039800995025,1,1,LMX1B,neg,1,SHOX,neg,1,0.8888888888888888,0.9765625000000004
SHOX_neg_1,LMX1B_neg_1,0.10666666666666667,0.10666666666666667,15,0.9375,8.7890625,0.08862222222222223,14.293333333333333,0.992039800995025,1,1,SHOX,neg,1,LMX1B,neg,1,0.8888888888888888,0.9765625000000004
NFE2_pos_1,FOSL1_pos_1,0.1,0.10666666666666667,14,0.9333333333333333,8.75,0.08266666666666667,13.400000000000002,0.9841269841269841,1,1,NFE2,pos,1,FOSL1,pos,1,0.75,2.1875
TFDP1_neg_7,SP2_neg_7,0.05333333333333334,0.1,7,0.875,8.75,0.04133333333333333,7.2,0.9356136820925552,1,1,TFDP1,neg,7,SP2,neg,7,0.2692307692307692,6.39423076923077
ID4_pos_2,SNAI2_pos_2,0.09333333333333334,0.10666666666666667,13,0.9285714285714286,8.705357142857142,0.07671111111111112,12.506666666666671,0.9762443438914029,1,1,ID4,pos,2,SNAI2,pos,2,0.7142857142857143,2.4872448979591835
MEF2D_neg_4,MEF2C_neg_4,0.05333333333333334,0.08666666666666667,6,0.75,8.653846153846153,0.03537777777777778,3.6533333333333333,0.9342723004694836,1,1,MEF2D,neg,4,MEF2C,neg,4,0.3157894736842105,5.921052631578947
CDX2_pos_0,YY1_pos_0,0.05333333333333334,0.08666666666666667,6,0.75,8.653846153846153,0.03537777777777778,3.6533333333333333,0.9342723004694836,1,1,CDX2,pos,0,YY1,pos,0,0.14285714285714285,7.417582417582418
MIXL1_neg_1,SHOX_neg_1,0.08,0.10666666666666667,11,0.9166666666666666,8.593749999999998,0.0648,10.719999999999995,0.960474308300395,1,1,MIXL1,neg,1,SHOX,neg,1,0.6666666666666666,2.864583333333333
MIXL1_neg_1,LMX1B_neg_1,0.08,0.10666666666666667,11,0.9166666666666666,8.593749999999998,0.0648,10.719999999999995,0.960474308300395,1,1,MIXL1,neg,1,LMX1B,neg,1,0.6666666666666666,2.864583333333333
FIGLA_pos_2,SNAI2_pos_2,0.08,0.10666666666666667,11,0.9166666666666666,8.593749999999998,0.0648,10.719999999999995,0.960474308300395,1,1,FIGLA,pos,2,SNAI2,pos,2,0.5217391304347826,4.110054347826086
SP3_neg_8,KLF16_neg_8,0.09333333333333334,0.09333333333333334,11,0.7857142857142857,8.418367346938775,0.06462222222222222,4.231111111111111,0.9719251336898396,1,1,SP3,neg,8,KLF16,neg,8,0.6,3.36734693877551
KLF16_neg_8,SP3_neg_8,0.09333333333333334,0.09333333333333334,11,0.7857142857142857,8.418367346938775,0.06462222222222222,4.231111111111111,0.9719251336898396,1,1,KLF16,neg,8,SP3,neg,8,0.6,3.36734693877551
SP8_neg_8,ZNF740_neg_8,0.08,0.08,8,0.6666666666666667,8.333333333333334,0.046933333333333334,2.7600000000000007,0.9565217391304346,1,1,SP8,neg,8,ZNF740,neg,8,0.3,5.833333333333333
ZNF740_neg_8,SP8_neg_8,0.08,0.08,8,0.6666666666666667,8.333333333333334,0.046933333333333334,2.7600000000000007,0.9565217391304346,1,1,ZNF740,neg,8,SP8,neg,8,0.3,5.833333333333333
FIGLA_pos_2,TCF4_pos_2,0.08,0.1,10,0.8333333333333333,8.333333333333332,0.058666666666666666,5.399999999999998,0.9565217391304347,1,1,FIGLA,pos,2,TCF4,pos,2,0.5217391304347826,3.985507246376811
MAF_neg_2,BACH2_neg_2,0.08666666666666667,0.09333333333333334,10,0.7692307692307692,8.241758241758241,0.05857777777777778,3.9288888888888875,0.962043795620438,1,1,MAF,neg,2,BACH2,neg,2,0.5263157894736842,3.9039907460960093
ALX3_neg_3,ZSCAN4_neg_3,0.04666666666666667,0.08666666666666667,5,0.7142857142857142,8.241758241758241,0.02928888888888889,3.1966666666666654,0.9216783216783216,1,1,ALX3,neg,3,ZSCAN4,neg,3,0.14814814814814814,7.02075702075702
DUX4_pos_0,YY1_pos_0,0.04666666666666667,0.08666666666666667,5,0.7142857142857142,8.241758241758241,0.02928888888888889,3.1966666666666654,0.9216783216783216,1,1,DUX4,pos,0,YY1,pos,0,0.07407407407407407,7.631257631257631
FOXK2_neg_4,MEF2C_neg_4,0.04666666666666667,0.08666666666666667,5,0.7142857142857142,8.241758241758241,0.02928888888888889,3.1966666666666654,0.9216783216783216,1,1,FOXK2,neg,4,MEF2C,neg,4,0.18181818181818182,6.743256743256742
TFAP2A_pos_0,TFAP2B_pos_0,0.1,0.11333333333333333,14,0.9333333333333333,8.23529411764706,0.082,13.300000000000004,0.9761904761904762,1,1,TFAP2A,pos,0,TFAP2B,pos,0,0.782608695652174,1.7902813299232736
LHX6_pos_1,NOTO_pos_1,0.05333333333333334,0.10666666666666667,7,0.875,8.203125,0.04097777777777778,7.1466666666666665,0.9275653923541247,1,1,LHX6,pos,1,NOTO,pos,1,0.4117647058823529,4.825367647058823
JUND_pos_1,JUNB_pos_1,0.09333333333333334,0.11333333333333333,13,0.9285714285714286,8.19327731092437,0.07608888888888889,12.41333333333334,0.9683257918552036,1,1,JUND,pos,1,JUNB,pos,1,0.6086956521739131,3.2060650347095363
TCF3_pos_2,SNAI2_pos_2,0.1,0.10666666666666667,13,0.8666666666666667,8.125,0.076,6.700000000000001,0.9743589743589743,1,1,TCF3,pos,2,SNAI2,pos,2,0.6956521739130435,2.472826086956522
TCF4_pos_2,SNAI2_pos_2,0.1,0.10666666666666667,13,0.8666666666666667,8.125,0.076,6.700000000000001,0.9743589743589743,1,1,TCF4,pos,2,SNAI2,pos,2,0.7391304347826086,2.1195652173913047
ZNF740_neg_8,SP3_neg_8,0.08,0.09333333333333334,9,0.75,8.035714285714285,0.05253333333333333,3.6266666666666665,0.9516908212560385,1,1,ZNF740,neg,8,SP3,neg,8,0.38095238095238093,4.974489795918367
ZNF740_neg_8,KLF16_neg_8,0.08,0.09333333333333334,9,0.75,8.035714285714285,0.05253333333333333,3.6266666666666665,0.9516908212560385,1,1,ZNF740,neg,8,KLF16,neg,8,0.4090909090909091,4.748376623376622
SP8_neg_8,KLF16_neg_8,0.08,0.09333333333333334,9,0.75,8.035714285714285,0.05253333333333333,3.6266666666666665,0.9516908212560385,1,1,SP8,neg,8,KLF16,neg,8,0.45,4.419642857142857
FOS_pos_1,FOSL2_pos_1,0.1,0.12666666666666668,15,1.0,7.894736842105263,0.08733333333333333,inf,0.9703703703703702,1,1,FOS,pos,1,FOSL2,pos,1,0.68,2.5263157894736836
FOSB_pos_1,FOSL2_pos_1,0.07333333333333333,0.12666666666666668,11,1.0,7.894736842105263,0.06404444444444445,inf,0.9424460431654675,1,1,FOSB,pos,1,FOSL2,pos,1,0.5,3.9473684210526314
JUND_pos_1,FOSL2_pos_1,0.09333333333333334,0.12666666666666668,14,1.0,7.894736842105263,0.08151111111111112,inf,0.9632352941176471,1,1,JUND,pos,1,FOSL2,pos,1,0.6666666666666666,2.6315789473684212
JUNB_pos_1,FOSL2_pos_1,0.11333333333333333,0.12666666666666668,17,1.0,7.894736842105263,0.09897777777777778,inf,0.9849624060150376,1,1,JUNB,pos,1,FOSL2,pos,1,0.8636363636363636,1.076555023923445
HOXB3_neg_1,HOXB2_neg_1,0.10666666666666667,0.11333333333333333,14,0.875,7.720588235294118,0.08124444444444445,7.093333333333334,0.9744136460554372,1,1,HOXB3,neg,1,HOXB2,neg,1,0.75,1.9301470588235294
NEUROG2_neg_1,NEUROD2_neg_1,0.10666666666666667,0.11333333333333333,14,0.875,7.720588235294118,0.08124444444444445,7.093333333333334,0.9744136460554372,1,1,NEUROG2,neg,1,NEUROD2,neg,1,0.75,1.9301470588235294
FIGLA_pos_2,MSC_pos_2,0.08,0.08666666666666667,8,0.6666666666666667,7.6923076923076925,0.046400000000000004,2.7400000000000007,0.9456521739130433,1,1,FIGLA,pos,2,MSC,pos,2,0.36363636363636365,4.895104895104895
FOXD2_neg_4,JUN_pos_1,0.04666666666666667,0.09333333333333334,5,0.7142857142857142,7.653061224489795,0.028977777777777776,3.173333333333332,0.9118881118881118,1,1,FOXD2,neg,4,JUN,pos,1,0.0,7.653061224489795
FOXI1_neg_4,JUN_pos_1,0.04666666666666667,0.09333333333333334,5,0.7142857142857142,7.653061224489795,0.028977777777777776,3.173333333333332,0.9118881118881118,1,1,FOXI1,neg,4,JUN,pos,1,0.0,7.653061224489795
PROP1_neg_2,JUND_pos_1,0.04666666666666667,0.09333333333333334,5,0.7142857142857142,7.653061224489795,0.028977777777777776,3.173333333333332,0.9118881118881118,1,1,PROP1,neg,2,JUND,pos,1,0.08695652173913043,6.987577639751552
FOXP3_neg_4,JUN_pos_1,0.04666666666666667,0.09333333333333334,5,0.7142857142857142,7.653061224489795,0.028977777777777776,3.173333333333332,0.9118881118881118,1,1,FOXP3,neg,4,JUN,pos,1,0.0,7.653061224489795
RFX3_neg_4,PBX3_neg_4,0.04666666666666667,0.09333333333333334,5,0.7142857142857142,7.653061224489795,0.028977777777777776,3.173333333333332,0.9118881118881118,1,1,RFX3,neg,4,PBX3,neg,4,0.09523809523809523,6.924198250728862
FOXO4_neg_4,JUN_pos_1,0.04666666666666667,0.09333333333333334,5,0.7142857142857142,7.653061224489795,0.028977777777777776,3.173333333333332,0.9118881118881118,1,1,FOXO4,neg,4,JUN,pos,1,0.0,7.653061224489795
FOXO6_neg_4,JUN_pos_1,0.04666666666666667,0.09333333333333334,5,0.7142857142857142,7.653061224489795,0.028977777777777776,3.173333333333332,0.9118881118881118,1,1,FOXO6,neg,4,JUN,pos,1,0.0,7.653061224489795
FOS_pos_1,JUNB_pos_1,0.1,0.11333333333333333,13,0.8666666666666667,7.647058823529412,0.07533333333333334,6.650000000000002,0.9658119658119658,1,1,FOS,pos,1,JUNB,pos,1,0.56,3.3647058823529408
MIXL1_neg_1,ALX3_neg_1,0.08,0.12,11,0.9166666666666666,7.638888888888889,0.06373333333333334,10.559999999999995,0.9446640316205532,1,1,MIXL1,neg,1,ALX3,neg,1,0.6,3.055555555555556
NR4A2_pos_1,HNF1B_pos_1,0.06,0.07333333333333333,5,0.5555555555555556,7.575757575757576,0.028933333333333332,2.085,0.9234042553191489,1,1,NR4A2,pos,1,HNF1B,pos,1,0.0,7.575757575757576
FOSL1_pos_1,FOSL2_pos_1,0.10666666666666667,0.12666666666666668,15,0.9375,7.401315789473683,0.08648888888888889,13.973333333333333,0.9681592039800996,1,1,FOSL1,pos,1,FOSL2,pos,1,0.64,2.6644736842105257
NFE2_pos_1,FOSL2_pos_1,0.1,0.12666666666666668,14,0.9333333333333333,7.368421052631579,0.08066666666666666,13.100000000000003,0.9603174603174602,1,1,NFE2,pos,1,FOSL2,pos,1,0.6521739130434783,2.5629290617848968
JUN_pos_8,STAT1_pos_8,0.04,0.11333333333333333,5,0.8333333333333333,7.352941176470588,0.0288,5.319999999999998,0.8999999999999999,1,1,JUN,pos,8,STAT1,pos,8,0.14814814814814814,6.2636165577342044
JUN_pos_1,FOSL2_pos_1,0.09333333333333334,0.12666666666666668,13,0.9285714285714286,7.330827067669173,0.07484444444444445,12.226666666666672,0.9524886877828055,1,1,JUN,pos,1,FOSL2,pos,1,0.5185185185185185,3.529657477025898
KLF9_neg_8,ZNF740_neg_8,0.08,0.08,7,0.5833333333333334,7.291666666666667,0.040266666666666666,2.208,0.9378881987577639,1,1,KLF9,neg,8,ZNF740,neg,8,0.3181818181818182,4.97159090909091
ZNF740_neg_8,KLF9_neg_8,0.08,0.08,7,0.5833333333333334,7.291666666666667,0.040266666666666666,2.208,0.9378881987577639,1,1,ZNF740,neg,8,KLF9,neg,8,0.3181818181818182,4.97159090909091
RAX_neg_1,MIXL1_neg_1,0.08,0.08,7,0.5833333333333334,7.291666666666667,0.040266666666666666,2.208,0.9378881987577639,1,1,RAX,neg,1,MIXL1,neg,1,0.4444444444444444,4.0509259259259265
MIXL1_neg_1,RAX_neg_1,0.08,0.08,7,0.5833333333333334,7.291666666666667,0.040266666666666666,2.208,0.9378881987577639,1,1,MIXL1,neg,1,RAX,neg,1,0.4444444444444444,4.0509259259259265
LMX1B_pos_2,MSC_pos_2,0.05333333333333334,0.08666666666666667,5,0.625,7.211538461538462,0.02871111111111111,2.4355555555555557,0.9098591549295776,1,1,LMX1B,pos,2,MSC,pos,2,0.2,5.76923076923077
FOXB1_neg_4,MEF2C_neg_4,0.05333333333333334,0.08666666666666667,5,0.625,7.211538461538462,0.02871111111111111,2.4355555555555557,0.9098591549295776,1,1,FOXB1,neg,4,MEF2C,neg,4,0.13043478260869565,6.270903010033445
LMX1A_pos_2,MSC_pos_2,0.05333333333333334,0.08666666666666667,5,0.625,7.211538461538462,0.02871111111111111,2.4355555555555557,0.9098591549295776,1,1,LMX1A,pos,2,MSC,pos,2,0.2,5.76923076923077
SHOX_pos_2,MSC_pos_2,0.05333333333333334,0.08666666666666667,5,0.625,7.211538461538462,0.02871111111111111,2.4355555555555557,0.9098591549295776,1,1,SHOX,pos,2,MSC,pos,2,0.2,5.76923076923077
UNCX_pos_2,MSC_pos_2,0.05333333333333334,0.08666666666666667,5,0.625,7.211538461538462,0.02871111111111111,2.4355555555555557,0.9098591549295776,1,1,UNCX,pos,2,MSC,pos,2,0.2,5.76923076923077
MEOX2_neg_1,GBX2_neg_1,0.10666666666666667,0.11333333333333333,13,0.8125,7.169117647058824,0.07457777777777778,4.728888888888889,0.9632606199770379,1,1,MEOX2,neg,1,GBX2,neg,1,0.3333333333333333,4.779411764705883
FOSL1_pos_1,JUNB_pos_1,0.10666666666666667,0.11333333333333333,13,0.8125,7.169117647058824,0.07457777777777778,4.728888888888889,0.9632606199770379,1,1,FOSL1,pos,1,JUNB,pos,1,0.5833333333333334,2.9871323529411766
RFX5_neg_4,PBX3_neg_4,0.06,0.09333333333333334,6,0.6666666666666667,7.142857142857143,0.0344,2.7200000000000006,0.9148936170212766,1,1,RFX5,neg,4,PBX3,neg,4,0.13043478260869565,6.211180124223603
MAX_neg_8,SP2_neg_8,0.03333333333333333,0.14,5,1.0,7.142857142857142,0.028666666666666667,inf,0.8896551724137931,1,1,MAX,neg,8,SP2,neg,8,0.17857142857142858,5.867346938775509
MYF6_pos_2,NHLH1_pos_2,0.04666666666666667,0.14,7,1.0,7.142857142857142,0.04013333333333333,inf,0.9020979020979021,1,1,MYF6,pos,2,NHLH1,pos,2,0.13333333333333333,6.190476190476191
KLF9_neg_8,SP2_neg_8,0.08,0.14,12,1.0,7.142857142857142,0.0688,inf,0.9347826086956522,1,1,KLF9,neg,8,SP2,neg,8,0.4,4.285714285714286
ETV3_neg_8,SP2_neg_8,0.03333333333333333,0.14,5,1.0,7.142857142857142,0.028666666666666667,inf,0.8896551724137931,1,1,ETV3,neg,8,SP2,neg,8,0.03225806451612903,6.912442396313364
SP3_neg_8,SP2_neg_8,0.09333333333333334,0.14,14,1.0,7.142857142857142,0.08026666666666667,inf,0.9485294117647058,1,1,SP3,neg,8,SP2,neg,8,0.4482758620689655,3.940886699507389
SP8_neg_8,SP2_neg_8,0.08,0.14,12,1.0,7.142857142857142,0.0688,inf,0.9347826086956522,1,1,SP8,neg,8,SP2,neg,8,0.3,4.999999999999999
JUN_pos_1,NFE2_pos_1,0.09333333333333334,0.1,10,0.7142857142857142,7.1428571428571415,0.05733333333333333,3.149999999999999,0.948529411764706,1,1,JUN,pos,1,NFE2,pos,1,0.4583333333333333,3.8690476190476186
JUN_pos_1,FOS_pos_1,0.09333333333333334,0.1,10,0.7142857142857142,7.1428571428571415,0.05733333333333333,3.149999999999999,0.948529411764706,1,1,JUN,pos,1,FOS,pos,1,0.5,3.5714285714285707
PROP1_neg_2,FOS_pos_1,0.04666666666666667,0.1,5,0.7142857142857142,7.1428571428571415,0.028666666666666667,3.149999999999999,0.9020979020979021,1,1,PROP1,neg,2,FOS,pos,1,0.08,6.57142857142857
NFE2_pos_1,JUNB_pos_1,0.1,0.11333333333333333,12,0.7999999999999999,7.0588235294117645,0.06866666666666667,4.433333333333332,0.9537037037037036,1,1,NFE2,pos,1,JUNB,pos,1,0.5909090909090909,2.887700534759358
RAX_neg_1,SHOX_neg_1,0.08,0.10666666666666667,9,0.75,7.031249999999999,0.05146666666666666,3.5733333333333333,0.932367149758454,1,1,RAX,neg,1,SHOX,neg,1,0.42857142857142855,4.017857142857142
MEIS2_neg_0,POU2F2_neg_0,0.06666666666666667,0.1,7,0.7000000000000001,7.0,0.04,3.000000000000001,0.9183673469387755,1,1,MEIS2,neg,0,POU2F2,neg,0,0.2,5.6000000000000005
POU6F2_pos_0,PRDM1_pos_0,0.06,0.08,5,0.5555555555555556,6.944444444444445,0.028533333333333334,2.0700000000000003,0.9106382978723405,1,1,POU6F2,pos,0,PRDM1,pos,0,0.043478260869565216,6.642512077294686
JUN_pos_1,JUNB_pos_1,0.09333333333333334,0.11333333333333333,11,0.7857142857142857,6.932773109243698,0.06275555555555555,4.137777777777778,0.943850267379679,1,1,JUN,pos,1,JUNB,pos,1,0.46153846153846156,3.733031674208145
GSX1_pos_2,MSC_pos_2,0.06666666666666667,0.08666666666666667,6,0.6,6.9230769230769225,0.03422222222222222,2.283333333333333,0.9166666666666666,1,1,GSX1,pos,2,MSC,pos,2,0.23809523809523808,5.274725274725274
JUND_pos_1,JUN_pos_1,0.09333333333333334,0.09333333333333334,9,0.6428571428571428,6.887755102040815,0.051288888888888884,2.538666666666666,0.9428104575163399,1,1,JUND,pos,1,JUN,pos,1,0.4230769230769231,3.9737048665620085
JUN_pos_1,JUND_pos_1,0.09333333333333334,0.09333333333333334,9,0.6428571428571428,6.887755102040815,0.051288888888888884,2.538666666666666,0.9428104575163399,1,1,JUN,pos,1,JUND,pos,1,0.4230769230769231,3.9737048665620085
TEAD4_neg_0,NR2F1_neg_0,0.06666666666666667,0.07333333333333333,5,0.5,6.818181818181818,0.028444444444444446,1.8533333333333333,0.9142857142857144,1,1,TEAD4,neg,0,NR2F1,neg,0,0.13636363636363635,5.8884297520661155
FOSB_pos_1,JUN_pos_1,0.07333333333333333,0.09333333333333334,7,0.6363636363636364,6.8181818181818175,0.039822222222222224,2.493333333333333,0.920863309352518,1,1,FOSB,pos,1,JUN,pos,1,0.30434782608695654,4.743083003952568
TCF4_neg_4,ZEB1_neg_4,0.07333333333333333,0.08,6,0.5454545454545454,6.8181818181818175,0.034133333333333335,2.024,0.920863309352518,1,1,TCF4,neg,4,ZEB1,neg,4,0.3333333333333333,4.545454545454546
TFAP2B_pos_1,TFAP2A_pos_1,0.13333333333333333,0.13333333333333333,18,0.9,6.75,0.10222222222222221,8.66666666666667,0.9829059829059829,1,1,TFAP2B,pos,1,TFAP2A,pos,1,0.6904761904761905,2.0892857142857144
TFAP2A_pos_1,TFAP2B_pos_1,0.13333333333333333,0.13333333333333333,18,0.9,6.75,0.10222222222222221,8.66666666666667,0.9829059829059829,1,1,TFAP2A,pos,1,TFAP2B,pos,1,0.6904761904761905,2.0892857142857144
FOXO3_pos_2,ID4_pos_2,0.05333333333333334,0.09333333333333334,5,0.625,6.696428571428571,0.028355555555555554,2.417777777777778,0.8985915492957747,1,1,FOXO3,pos,2,ID4,pos,2,0.09090909090909091,6.087662337662337
JUN_pos_1,FOSL1_pos_1,0.09333333333333334,0.10666666666666667,10,0.7142857142857142,6.69642857142857,0.05671111111111111,3.1266666666666656,0.9382352941176471,1,1,JUN,pos,1,FOSL1,pos,1,0.46153846153846156,3.60576923076923
PROP1_neg_2,FOSL1_pos_1,0.04666666666666667,0.10666666666666667,5,0.7142857142857142,6.69642857142857,0.028355555555555554,3.1266666666666656,0.8923076923076922,1,1,PROP1,neg,2,FOSL1,pos,1,0.08333333333333333,6.138392857142856
RAX_neg_1,UNCX_neg_1,0.08,0.1,8,0.6666666666666667,6.666666666666667,0.04533333333333334,2.7000000000000006,0.9239130434782608,1,1,RAX,neg,1,UNCX,neg,1,0.38095238095238093,4.126984126984127
NR4A2_pos_1,TFAP2B_pos_1,0.06,0.13333333333333333,8,0.888888888888889,6.666666666666667,0.04533333333333334,7.800000000000004,0.9042553191489362,1,1,NR4A2,pos,1,TFAP2B,pos,1,0.017857142857142856,6.5476190476190474
NR4A2_pos_1,TFAP2A_pos_1,0.06,0.13333333333333333,8,0.888888888888889,6.666666666666667,0.04533333333333334,7.800000000000004,0.9042553191489362,1,1,NR4A2,pos,1,TFAP2A,pos,1,0.015384615384615385,6.564102564102565
NR4A2_pos_1,PITX3_pos_1,0.06,0.1,6,0.6666666666666667,6.666666666666667,0.034,2.7000000000000006,0.9042553191489362,1,1,NR4A2,pos,1,PITX3,pos,1,0.0,6.666666666666667
RAX_neg_1,LMX1A_neg_1,0.08,0.1,8,0.6666666666666667,6.666666666666667,0.04533333333333334,2.7000000000000006,0.9239130434782608,1,1,RAX,neg,1,LMX1A,neg,1,0.38095238095238093,4.126984126984127
KLF16_neg_8,SP2_neg_8,0.09333333333333334,0.14,13,0.9285714285714286,6.63265306122449,0.0736,12.040000000000004,0.9366515837104072,1,1,KLF16,neg,8,SP2,neg,8,0.41935483870967744,3.851217906517445
CEBPA_pos_8,STAT1_pos_8,0.08,0.11333333333333333,9,0.75,6.61764705882353,0.05093333333333333,3.546666666666667,0.9227053140096618,1,1,CEBPA,pos,8,STAT1,pos,8,0.20689655172413793,5.248478701825558
MIXL1_neg_1,GSX1_neg_1,0.08,0.11333333333333333,9,0.75,6.61764705882353,0.05093333333333333,3.546666666666667,0.9227053140096618,1,1,MIXL1,neg,1,GSX1,neg,1,0.36363636363636365,4.211229946524065
MEOX2_neg_1,HOXB2_neg_1,0.10666666666666667,0.11333333333333333,12,0.75,6.61764705882353,0.06791111111111112,3.546666666666667,0.9502487562189056,1,1,MEOX2,neg,1,HOXB2,neg,1,0.37037037037037035,4.166666666666667
ZNF740_neg_8,SP2_neg_8,0.08,0.14,11,0.9166666666666666,6.547619047619047,0.06213333333333333,10.319999999999995,0.9209486166007904,1,1,ZNF740,neg,8,SP2,neg,8,0.4642857142857143,3.507653061224489
HOXB3_neg_1,MEOX2_neg_1,0.10666666666666667,0.10666666666666667,11,0.6875,6.4453125,0.061955555555555555,2.8586666666666667,0.9457259158751697,1,1,HOXB3,neg,1,MEOX2,neg,1,0.2857142857142857,4.603794642857143
MEOX2_neg_1,HOXB3_neg_1,0.10666666666666667,0.10666666666666667,11,0.6875,6.4453125,0.061955555555555555,2.8586666666666667,0.9457259158751697,1,1,MEOX2,neg,1,HOXB3,neg,1,0.2857142857142857,4.603794642857143
LEF1_neg_4,MEF2C_neg_4,0.06,0.08666666666666667,5,0.5555555555555556,6.410256410256411,0.028133333333333333,2.055,0.897872340425532,1,1,LEF1,neg,4,MEF2C,neg,4,0.18181818181818182,5.244755244755245
FOXC1_neg_4,MEF2C_neg_4,0.06,0.08666666666666667,5,0.5555555555555556,6.410256410256411,0.028133333333333333,2.055,0.897872340425532,1,1,FOXC1,neg,4,MEF2C,neg,4,0.13043478260869565,5.574136008918618
FOXD2_neg_4,JUNB_pos_1,0.04666666666666667,0.11333333333333333,5,0.7142857142857142,6.302521008403361,0.028044444444444445,3.1033333333333326,0.8825174825174825,1,1,FOXD2,neg,4,JUNB,pos,1,0.0,6.302521008403361
GATA1_pos_8,STAT1_pos_8,0.04666666666666667,0.11333333333333333,5,0.7142857142857142,6.302521008403361,0.028044444444444445,3.1033333333333326,0.8825174825174825,1,1,GATA1,pos,8,STAT1,pos,8,0.14285714285714285,5.402160864345738
FOXO4_neg_4,JUNB_pos_1,0.04666666666666667,0.11333333333333333,5,0.7142857142857142,6.302521008403361,0.028044444444444445,3.1033333333333326,0.8825174825174825,1,1,FOXO4,neg,4,JUNB,pos,1,0.0,6.302521008403361
FOXO6_neg_4,JUNB_pos_1,0.04666666666666667,0.11333333333333333,5,0.7142857142857142,6.302521008403361,0.028044444444444445,3.1033333333333326,0.8825174825174825,1,1,FOXO6,neg,4,JUNB,pos,1,0.0,6.302521008403361
FOXP3_neg_4,JUNB_pos_1,0.04666666666666667,0.11333333333333333,5,0.7142857142857142,6.302521008403361,0.028044444444444445,3.1033333333333326,0.8825174825174825,1,1,FOXP3,neg,4,JUNB,pos,1,0.0,6.302521008403361
PBX1_pos_8,STAT1_pos_8,0.04666666666666667,0.11333333333333333,5,0.7142857142857142,6.302521008403361,0.028044444444444445,3.1033333333333326,0.8825174825174825,1,1,PBX1,pos,8,STAT1,pos,8,0.03333333333333333,6.092436974789916
PROP1_neg_2,JUNB_pos_1,0.04666666666666667,0.11333333333333333,5,0.7142857142857142,6.302521008403361,0.028044444444444445,3.1033333333333326,0.8825174825174825,1,1,PROP1,neg,2,JUNB,pos,1,0.08333333333333333,5.777310924369748
MYF6_pos_2,TFAP4_pos_2,0.04666666666666667,0.11333333333333333,5,0.7142857142857142,6.302521008403361,0.028044444444444445,3.1033333333333326,0.8825174825174825,1,1,MYF6,pos,2,TFAP4,pos,2,0.16,5.294117647058823
FOXI1_neg_4,JUNB_pos_1,0.04666666666666667,0.11333333333333333,5,0.7142857142857142,6.302521008403361,0.028044444444444445,3.1033333333333326,0.8825174825174825,1,1,FOXI1,neg,4,JUNB,pos,1,0.0,6.302521008403361
NFYA_pos_0,YY1_pos_0,0.07333333333333333,0.08666666666666667,6,0.5454545454545454,6.293706293706293,0.03364444444444444,2.009333333333333,0.907673860911271,1,1,NFYA,pos,0,YY1,pos,0,0.14814814814814814,5.361305361305361
FOXO3_pos_2,TCF4_pos_2,0.05333333333333334,0.1,5,0.625,6.25,0.027999999999999997,2.4,0.8873239436619719,1,1,FOXO3,pos,2,TCF4,pos,2,0.12,5.5
RAX_neg_1,LMX1B_neg_1,0.08,0.10666666666666667,8,0.6666666666666667,6.25,0.044800000000000006,2.6800000000000006,0.9130434782608695,1,1,RAX,neg,1,LMX1B,neg,1,0.36363636363636365,3.977272727272727
HIF1A_pos_1,PITX3_pos_1,0.05333333333333334,0.1,5,0.625,6.25,0.027999999999999997,2.4,0.8873239436619719,1,1,HIF1A,pos,1,PITX3,pos,1,0.08695652173913043,5.7065217391304355
SHOX_neg_1,ALX3_neg_1,0.10666666666666667,0.12,12,0.75,6.25,0.0672,3.52,0.9402985074626865,1,1,SHOX,neg,1,ALX3,neg,1,0.5,3.125
NR4A2_neg_1,NR2F2_neg_1,0.08,0.13333333333333333,10,0.8333333333333333,6.249999999999999,0.056,5.1999999999999975,0.9130434782608695,1,1,NR4A2,neg,1,NR2F2,neg,1,0.3055555555555556,4.340277777777777
RFX4_neg_0,NR2F1_neg_0,0.07333333333333333,0.07333333333333333,5,0.45454545454545453,6.198347107438016,0.027955555555555553,1.698888888888889,0.9050359712230216,1,1,RFX4,neg,0,NR2F1,neg,0,0.08695652173913043,5.659360402443406
FOSB_pos_1,HNF1B_pos_1,0.07333333333333333,0.07333333333333333,5,0.45454545454545453,6.198347107438016,0.027955555555555553,1.698888888888889,0.9050359712230216,1,1,FOSB,pos,1,HNF1B,pos,1,0.09523809523809523,5.608028335301062
HNF1B_pos_1,FOSB_pos_1,0.07333333333333333,0.07333333333333333,5,0.45454545454545453,6.198347107438016,0.027955555555555553,1.698888888888889,0.9050359712230216,1,1,HNF1B,pos,1,FOSB,pos,1,0.09523809523809523,5.608028335301062
NR2F1_neg_0,RFX4_neg_0,0.07333333333333333,0.07333333333333333,5,0.45454545454545453,6.198347107438016,0.027955555555555553,1.698888888888889,0.9050359712230216,1,1,NR2F1,neg,0,RFX4,neg,0,0.08695652173913043,5.659360402443406
GRHL2_pos_8,STAT1_pos_8,0.06666666666666667,0.11333333333333333,7,0.7000000000000001,6.176470588235295,0.03911111111111111,2.955555555555556,0.8979591836734694,1,1,GRHL2,pos,8,STAT1,pos,8,0.13793103448275862,5.324543610547668
HES5_neg_0,NEUROD1_neg_0,0.04666666666666667,0.14,6,0.8571428571428571,6.1224489795918355,0.033466666666666665,6.019999999999998,0.8776223776223775,1,1,HES5,neg,0,NEUROD1,neg,0,0.125,5.357142857142856
LMX1A_neg_1,ALX3_neg_1,0.1,0.12,11,0.7333333333333333,6.111111111111111,0.06133333333333334,3.2999999999999994,0.9292929292929293,1,1,LMX1A,neg,1,ALX3,neg,1,0.4583333333333333,3.3101851851851856
UNCX_neg_1,ALX3_neg_1,0.1,0.12,11,0.7333333333333333,6.111111111111111,0.06133333333333334,3.2999999999999994,0.9292929292929293,1,1,UNCX,neg,1,ALX3,neg,1,0.4583333333333333,3.3101851851851856
HOXB3_neg_1,GBX2_neg_1,0.10666666666666667,0.11333333333333333,11,0.6875,6.0661764705882355,0.06124444444444445,2.8373333333333335,0.9348710990502037,1,1,HOXB3,neg,1,GBX2,neg,1,0.4782608695652174,3.1649616368286444
HOXB3_neg_1,GSX1_neg_1,0.10666666666666667,0.11333333333333333,11,0.6875,6.0661764705882355,0.06124444444444445,2.8373333333333335,0.9348710990502037,1,1,HOXB3,neg,1,GSX1,neg,1,0.4782608695652174,3.1649616368286444
MSC_pos_2,NHLH1_pos_2,0.08666666666666667,0.14,11,0.8461538461538461,6.043956043956043,0.0612,5.59,0.913735899137359,1,1,MSC,pos,2,NHLH1,pos,2,0.2903225806451613,4.289259127968805
HOXB2_neg_1,MNX1_neg_1,0.11333333333333333,0.12666666666666668,13,0.7647058823529412,6.037151702786377,0.07231111111111112,3.7116666666666673,0.9410063620589937,1,1,HOXB2,neg,1,MNX1,neg,1,0.52,2.897832817337461
HNF1B_pos_1,NOTO_pos_1,0.07333333333333333,0.10666666666666667,7,0.6363636363636364,5.965909090909091,0.038844444444444445,2.4566666666666666,0.8982528263103803,1,1,HNF1B,pos,1,NOTO,pos,1,0.12,5.25
FOXK2_pos_2,ID4_pos_2,0.06,0.09333333333333334,5,0.5555555555555556,5.9523809523809526,0.027733333333333332,2.04,0.8851063829787235,1,1,FOXK2,pos,2,ID4,pos,2,0.08,5.476190476190476
LEF1_neg_4,PBX3_neg_4,0.06,0.09333333333333334,5,0.5555555555555556,5.9523809523809526,0.027733333333333332,2.04,0.8851063829787235,1,1,LEF1,neg,4,PBX3,neg,4,0.09090909090909091,5.411255411255412
FOXG1_pos_2,ID4_pos_2,0.06,0.09333333333333334,5,0.5555555555555556,5.9523809523809526,0.027733333333333332,2.04,0.8851063829787235,1,1,FOXG1,pos,2,ID4,pos,2,0.08333333333333333,5.4563492063492065
MIXL1_neg_1,MNX1_neg_1,0.08,0.12666666666666668,9,0.75,5.921052631578947,0.04986666666666666,3.493333333333333,0.9033816425120772,1,1,MIXL1,neg,1,MNX1,neg,1,0.43478260869565216,3.3466819221967965
HOXB3_neg_1,MNX1_neg_1,0.10666666666666667,0.12666666666666668,12,0.75,5.921052631578947,0.06648888888888889,3.493333333333333,0.9303482587064676,1,1,HOXB3,neg,1,MNX1,neg,1,0.4230769230769231,3.4159919028340076
EHF_neg_1,ELF3_neg_1,0.14,0.15333333333333332,19,0.9047619047619048,5.900621118012423,0.10520000000000002,8.89,0.9657282741738067,1,1,EHF,neg,1,ELF3,neg,1,0.6666666666666666,1.9668737060041412
PRDM1_pos_0,TFAP2B_pos_0,0.08,0.11333333333333333,8,0.6666666666666667,5.882352941176472,0.04426666666666667,2.6600000000000006,0.9021739130434782,1,1,PRDM1,pos,0,TFAP2B,pos,0,0.125,5.147058823529413
HNF1B_pos_1,JUN_pos_1,0.07333333333333333,0.09333333333333334,6,0.5454545454545454,5.844155844155844,0.033155555555555556,1.9946666666666664,0.8944844124700241,1,1,HNF1B,pos,1,JUN,pos,1,0.14814814814814814,4.978354978354978
IRF5_neg_2,BACH2_neg_2,0.07333333333333333,0.09333333333333334,6,0.5454545454545454,5.844155844155844,0.033155555555555556,1.9946666666666664,0.8944844124700241,1,1,IRF5,neg,2,BACH2,neg,2,0.17391304347826086,4.827780914737436
SIX2_neg_4,PBX3_neg_4,0.07333333333333333,0.09333333333333334,6,0.5454545454545454,5.844155844155844,0.033155555555555556,1.9946666666666664,0.8944844124700241,1,1,SIX2,neg,4,PBX3,neg,4,0.13043478260869565,5.081874647092038
HNF1B_pos_1,HES5_pos_1,0.07333333333333333,0.09333333333333334,6,0.5454545454545454,5.844155844155844,0.033155555555555556,1.9946666666666664,0.8944844124700241,1,1,HNF1B,pos,1,HES5,pos,1,0.12,5.142857142857142
PRDM1_pos_0,TFAP2A_pos_0,0.08,0.1,7,0.5833333333333334,5.833333333333333,0.03866666666666667,2.16,0.9006211180124223,1,1,PRDM1,pos,0,TFAP2A,pos,0,0.09375,5.286458333333333
PRDM1_pos_0,YY1_pos_0,0.08,0.08666666666666667,6,0.5,5.769230769230769,0.03306666666666667,1.8266666666666667,0.8985507246376812,1,1,PRDM1,pos,0,YY1,pos,0,0.0967741935483871,5.2109181141439205
LMX1B_neg_1,ALX3_neg_1,0.10666666666666667,0.12,11,0.6875,5.729166666666667,0.060533333333333335,2.816,0.9240162822252376,1,1,LMX1B,neg,1,ALX3,neg,1,0.44,3.208333333333334
HOXB2_neg_1,GBX2_neg_1,0.11333333333333333,0.11333333333333333,11,0.6470588235294118,5.709342560553634,0.06048888888888889,2.512222222222223,0.9302802460697197,1,1,HOXB2,neg,1,GBX2,neg,1,0.4,3.4256055363321805
GBX2_neg_1,HOXB2_neg_1,0.11333333333333333,0.11333333333333333,11,0.6470588235294118,5.709342560553634,0.06048888888888889,2.512222222222223,0.9302802460697197,1,1,GBX2,neg,1,HOXB2,neg,1,0.4,3.4256055363321805
FOXO4_neg_4,FOSL2_pos_1,0.04666666666666667,0.12666666666666668,5,0.7142857142857142,5.639097744360901,0.027422222222222223,3.0566666666666653,0.8629370629370628,1,1,FOXO4,neg,4,FOSL2,pos,1,0.0,5.639097744360901
PROP1_neg_2,FOSL2_pos_1,0.04666666666666667,0.12666666666666668,5,0.7142857142857142,5.639097744360901,0.027422222222222223,3.0566666666666653,0.8629370629370628,1,1,PROP1,neg,2,FOSL2,pos,1,0.07407407407407407,5.221386800334168
FOXO6_neg_4,FOSL2_pos_1,0.04666666666666667,0.12666666666666668,5,0.7142857142857142,5.639097744360901,0.027422222222222223,3.0566666666666653,0.8629370629370628,1,1,FOXO6,neg,4,FOSL2,pos,1,0.0,5.639097744360901
FOXD2_neg_4,FOSL2_pos_1,0.04666666666666667,0.12666666666666668,5,0.7142857142857142,5.639097744360901,0.027422222222222223,3.0566666666666653,0.8629370629370628,1,1,FOXD2,neg,4,FOSL2,pos,1,0.0,5.639097744360901
FOXI1_neg_4,FOSL2_pos_1,0.04666666666666667,0.12666666666666668,5,0.7142857142857142,5.639097744360901,0.027422222222222223,3.0566666666666653,0.8629370629370628,1,1,FOXI1,neg,4,FOSL2,pos,1,0.0,5.639097744360901
FOXP3_neg_4,FOSL2_pos_1,0.04666666666666667,0.12666666666666668,5,0.7142857142857142,5.639097744360901,0.027422222222222223,3.0566666666666653,0.8629370629370628,1,1,FOXP3,neg,4,FOSL2,pos,1,0.0,5.639097744360901
NFE2_pos_1,NOTO_pos_1,0.1,0.10666666666666667,9,0.6,5.624999999999999,0.049333333333333326,2.233333333333333,0.9135802469135801,1,1,NFE2,pos,1,NOTO,pos,1,0.06666666666666667,5.249999999999999
FOS_pos_1,NOTO_pos_1,0.1,0.10666666666666667,9,0.6,5.624999999999999,0.049333333333333326,2.233333333333333,0.9135802469135801,1,1,FOS,pos,1,NOTO,pos,1,0.058823529411764705,5.2941176470588225
HNF1B_pos_1,JUNB_pos_1,0.07333333333333333,0.11333333333333333,7,0.6363636363636364,5.614973262032086,0.03835555555555556,2.4383333333333335,0.8869475847893115,1,1,HNF1B,pos,1,JUNB,pos,1,0.14814814814814814,4.783125371360666
NFYA_pos_0,TFAP2B_pos_0,0.07333333333333333,0.11333333333333333,7,0.6363636363636364,5.614973262032086,0.03835555555555556,2.4383333333333335,0.8869475847893115,1,1,NFYA,pos,0,TFAP2B,pos,0,0.06451612903225806,5.252716922546145
EHF_neg_1,ELF5_neg_1,0.14,0.15333333333333332,18,0.857142857142857,5.590062111801242,0.09853333333333333,5.9266666666666605,0.9547803617571059,1,1,EHF,neg,1,ELF5,neg,1,0.625,2.0962732919254656
GSX1_neg_1,MNX1_neg_1,0.11333333333333333,0.12666666666666668,12,0.7058823529411765,5.572755417956656,0.06564444444444445,2.9693333333333336,0.9254385964912282,1,1,GSX1,neg,1,MNX1,neg,1,0.4230769230769231,3.215051202667301
PRDM1_pos_0,IRF3_pos_0,0.08,0.12,8,0.6666666666666667,5.555555555555556,0.04373333333333334,2.6400000000000006,0.8913043478260869,1,1,PRDM1,pos,0,IRF3,pos,0,0.05714285714285714,5.238095238095239
RAX_neg_1,ALX3_neg_1,0.08,0.12,8,0.6666666666666667,5.555555555555556,0.04373333333333334,2.6400000000000006,0.8913043478260869,1,1,RAX,neg,1,ALX3,neg,1,0.391304347826087,3.3816425120772955
FOXG1_pos_2,TCF4_pos_2,0.06,0.1,5,0.5555555555555556,5.555555555555555,0.027333333333333334,2.0250000000000004,0.872340425531915,1,1,FOXG1,pos,2,TCF4,pos,2,0.1111111111111111,4.938271604938271
FOXK2_pos_2,TCF4_pos_2,0.06,0.1,5,0.5555555555555556,5.555555555555555,0.027333333333333334,2.0250000000000004,0.872340425531915,1,1,FOXK2,pos,2,TCF4,pos,2,0.10714285714285714,4.9603174603174605
MEF2D_neg_4,NEUROD2_neg_1,0.05333333333333334,0.11333333333333333,5,0.625,5.514705882352941,0.02728888888888889,2.3644444444444446,0.8647887323943664,1,1,MEF2D,neg,4,NEUROD2,neg,1,0.0,5.514705882352941
UNCX_pos_2,TFAP4_pos_2,0.05333333333333334,0.11333333333333333,5,0.625,5.514705882352941,0.02728888888888889,2.3644444444444446,0.8647887323943664,1,1,UNCX,pos,2,TFAP4,pos,2,0.11538461538461539,4.878393665158371
LMX1A_pos_2,TFAP4_pos_2,0.05333333333333334,0.11333333333333333,5,0.625,5.514705882352941,0.02728888888888889,2.3644444444444446,0.8647887323943664,1,1,LMX1A,pos,2,TFAP4,pos,2,0.11538461538461539,4.878393665158371
POU5F1_pos_8,STAT1_pos_8,0.05333333333333334,0.11333333333333333,5,0.625,5.514705882352941,0.02728888888888889,2.3644444444444446,0.8647887323943664,1,1,POU5F1,pos,8,STAT1,pos,8,0.1724137931034483,4.563894523326572
SHOX_pos_2,TFAP4_pos_2,0.05333333333333334,0.11333333333333333,5,0.625,5.514705882352941,0.02728888888888889,2.3644444444444446,0.8647887323943664,1,1,SHOX,pos,2,TFAP4,pos,2,0.11538461538461539,4.878393665158371
LMX1B_pos_2,TFAP4_pos_2,0.05333333333333334,0.11333333333333333,5,0.625,5.514705882352941,0.02728888888888889,2.3644444444444446,0.8647887323943664,1,1,LMX1B,pos,2,TFAP4,pos,2,0.11538461538461539,4.878393665158371
MSC_pos_2,TFAP4_pos_2,0.08666666666666667,0.11333333333333333,8,0.6153846153846154,5.429864253393665,0.04351111111111111,2.3053333333333335,0.8932481751824817,1,1,MSC,pos,2,TFAP4,pos,2,0.25,4.072398190045249
TFAP2B_pos_0,IRF3_pos_0,0.11333333333333333,0.12,11,0.6470588235294118,5.392156862745098,0.05973333333333333,2.4933333333333336,0.9186602870813396,1,1,TFAP2B,pos,0,IRF3,pos,0,0.10256410256410256,4.839115133232781
SREBF1_neg_1,SREBF2_neg_1,0.15333333333333332,0.15333333333333332,19,0.8260869565217392,5.387523629489604,0.10315555555555557,4.868333333333337,0.9618731869042685,1,1,SREBF1,neg,1,SREBF2,neg,1,0.5675675675675675,2.3297399478873966
SREBF2_neg_1,SREBF1_neg_1,0.15333333333333332,0.15333333333333332,19,0.8260869565217392,5.387523629489604,0.10315555555555557,4.868333333333337,0.9618731869042685,1,1,SREBF2,neg,1,SREBF1,neg,1,0.5675675675675675,2.3297399478873966
PKNOX2_pos_2,TCF3_pos_2,0.08666666666666667,0.1,7,0.5384615384615384,5.384615384615384,0.038,1.95,0.8915537017726799,1,1,PKNOX2,pos,2,TCF3,pos,2,0.25925925925925924,3.988603988603988
MSC_pos_2,TCF3_pos_2,0.08666666666666667,0.1,7,0.5384615384615384,5.384615384615384,0.038,1.95,0.8915537017726799,1,1,MSC,pos,2,TCF3,pos,2,0.21428571428571427,4.23076923076923
PKNOX2_pos_2,TCF4_pos_2,0.08666666666666667,0.1,7,0.5384615384615384,5.384615384615384,0.038,1.95,0.8915537017726799,1,1,PKNOX2,pos,2,TCF4,pos,2,0.25,4.038461538461538
YY1_pos_0,TFAP2A_pos_0,0.08666666666666667,0.1,7,0.5384615384615384,5.384615384615384,0.038,1.95,0.8915537017726799,1,1,YY1,pos,0,TFAP2A,pos,0,0.11428571428571428,4.769230769230768
JUND_pos_1,NOTO_pos_1,0.09333333333333334,0.10666666666666667,8,0.5714285714285714,5.357142857142857,0.04337777777777778,2.0844444444444443,0.8970588235294118,1,1,JUND,pos,1,NOTO,pos,1,0.0625,5.022321428571428
FOXP1_pos_2,ID4_pos_2,0.08,0.09333333333333334,6,0.5,5.357142857142857,0.03253333333333333,1.8133333333333332,0.8840579710144927,1,1,FOXP1,pos,2,ID4,pos,2,0.1111111111111111,4.761904761904761
LMX1A_neg_1,GSX1_neg_1,0.1,0.11333333333333333,9,0.6,5.294117647058823,0.048666666666666664,2.216666666666667,0.9012345679012346,1,1,LMX1A,neg,1,GSX1,neg,1,0.32,3.5999999999999996
GSX1_pos_2,TFAP4_pos_2,0.06666666666666667,0.11333333333333333,6,0.6,5.294117647058823,0.03244444444444444,2.216666666666667,0.869047619047619,1,1,GSX1,pos,2,TFAP4,pos,2,0.14814814814814814,4.509803921568627
UNCX_neg_1,GSX1_neg_1,0.1,0.11333333333333333,9,0.6,5.294117647058823,0.048666666666666664,2.216666666666667,0.9012345679012346,1,1,UNCX,neg,1,GSX1,neg,1,0.32,3.5999999999999996
NOTO_pos_1,FOSL1_pos_1,0.10666666666666667,0.10666666666666667,9,0.5624999999999999,5.273437499999998,0.04862222222222222,2.0419047619047612,0.9071310116086236,1,1,NOTO,pos,1,FOSL1,pos,1,0.09375,4.779052734374998
FOSL1_pos_1,NOTO_pos_1,0.10666666666666667,0.10666666666666667,9,0.5624999999999999,5.273437499999998,0.04862222222222222,2.0419047619047612,0.9071310116086236,1,1,FOSL1,pos,1,NOTO,pos,1,0.09375,4.779052734374998
RFX2_neg_1,MSC_pos_2,0.07333333333333333,0.08666666666666667,5,0.45454545454545453,5.244755244755244,0.026977777777777778,1.6744444444444446,0.8733812949640288,1,1,RFX2,neg,1,MSC,pos,2,0.0,5.244755244755244
IRF5_neg_2,MAF_neg_2,0.07333333333333333,0.08666666666666667,5,0.45454545454545453,5.244755244755244,0.026977777777777778,1.6744444444444446,0.8733812949640288,1,1,IRF5,neg,2,MAF,neg,2,0.09090909090909091,4.767959313413858
TCF4_neg_4,MEF2C_neg_4,0.07333333333333333,0.08666666666666667,5,0.45454545454545453,5.244755244755244,0.026977777777777778,1.6744444444444446,0.8733812949640288,1,1,TCF4,neg,4,MEF2C,neg,4,0.16,4.405594405594405
NR4A2_pos_1,NOTO_pos_1,0.06,0.10666666666666667,5,0.5555555555555556,5.208333333333333,0.026933333333333333,2.0100000000000002,0.8595744680851064,1,1,NR4A2,pos,1,NOTO,pos,1,0.024390243902439025,5.08130081300813
FOSB_pos_1,NOTO_pos_1,0.07333333333333333,0.10666666666666667,6,0.5454545454545454,5.113636363636363,0.03217777777777778,1.9653333333333332,0.86810551558753,1,1,FOSB,pos,1,NOTO,pos,1,0.08,4.704545454545454
GATA1_pos_8,EHF_neg_1,0.04666666666666667,0.14,5,0.7142857142857142,5.10204081632653,0.026799999999999997,3.009999999999999,0.8433566433566432,1,1,GATA1,pos,8,EHF,neg,1,0.030303030303030304,4.9474335188620895
PKNOX2_pos_2,SNAI2_pos_2,0.08666666666666667,0.10666666666666667,7,0.5384615384615384,5.0480769230769225,0.037422222222222225,1.9355555555555555,0.8779979144942649,1,1,PKNOX2,pos,2,SNAI2,pos,2,0.25,3.7860576923076916
MSC_pos_2,SNAI2_pos_2,0.08666666666666667,0.10666666666666667,7,0.5384615384615384,5.0480769230769225,0.037422222222222225,1.9355555555555555,0.8779979144942649,1,1,MSC,pos,2,SNAI2,pos,2,0.20689655172413793,4.003647214854111
NHLH1_pos_2,ASCL1_pos_2,0.14,0.18,19,0.9047619047619048,5.026455026455027,0.10146666666666668,8.610000000000001,0.9314565483476133,1,1,NHLH1,pos,2,ASCL1,pos,2,0.5833333333333334,2.0943562610229276
HNF1B_pos_1,FOSL2_pos_1,0.07333333333333333,0.12666666666666668,7,0.6363636363636364,5.023923444976076,0.03737777777777778,2.4016666666666664,0.8643371017471737,1,1,HNF1B,pos,1,FOSL2,pos,1,0.13333333333333333,4.354066985645933
TFAP2A_pos_0,IRF3_pos_0,0.1,0.12,9,0.6,5.0,0.048,2.1999999999999997,0.888888888888889,1,1,TFAP2A,pos,0,IRF3,pos,0,0.10526315789473684,4.473684210526316
FOXP1_pos_2,TCF4_pos_2,0.08,0.1,6,0.5,5.0,0.032,1.8,0.8695652173913044,1,1,FOXP1,pos,2,TCF4,pos,2,0.13333333333333333,4.333333333333334
PKNOX2_pos_4,NEUROD1_pos_4,0.06666666666666667,0.1,5,0.5,5.0,0.026666666666666665,1.8,0.8571428571428571,1,1,PKNOX2,pos,4,NEUROD1,pos,4,0.10714285714285714,4.464285714285714
SCRT1_pos_1,PITX3_pos_1,0.09333333333333334,0.1,7,0.5,5.0,0.037333333333333336,1.8,0.8823529411764707,1,1,SCRT1,pos,1,PITX3,pos,1,0.06666666666666667,4.666666666666667
ZBTB18_pos_4,NEUROD1_pos_4,0.08,0.1,6,0.5,5.0,0.032,1.8,0.8695652173913044,1,1,ZBTB18,pos,4,NEUROD1,pos,4,0.18518518518518517,4.074074074074074
MEOX2_neg_1,GSX1_neg_1,0.10666666666666667,0.11333333333333333,9,0.5624999999999999,4.963235294117647,0.04791111111111111,2.0266666666666664,0.8938640132669985,1,1,MEOX2,neg,1,GSX1,neg,1,0.2857142857142857,3.5451680672268906
LMX1B_neg_1,GSX1_neg_1,0.10666666666666667,0.11333333333333333,9,0.5624999999999999,4.963235294117647,0.04791111111111111,2.0266666666666664,0.8938640132669985,1,1,LMX1B,neg,1,GSX1,neg,1,0.3076923076923077,3.4360859728506785
SHOX_neg_1,GSX1_neg_1,0.10666666666666667,0.11333333333333333,9,0.5624999999999999,4.963235294117647,0.04791111111111111,2.0266666666666664,0.8938640132669985,1,1,SHOX,neg,1,GSX1,neg,1,0.3076923076923077,3.4360859728506785
NOTO_pos_1,JUNB_pos_1,0.10666666666666667,0.11333333333333333,9,0.5624999999999999,4.963235294117647,0.04791111111111111,2.0266666666666664,0.8938640132669985,1,1,NOTO,pos,1,JUNB,pos,1,0.06060606060606061,4.662433155080214
FOXD2_pos_2,ID4_pos_2,0.08666666666666667,0.09333333333333334,6,0.4615384615384615,4.945054945054944,0.03191111111111111,1.6838095238095234,0.8734793187347932,1,1,FOXD2,pos,2,ID4,pos,2,0.10714285714285714,4.4152276295133435
PKNOX2_pos_2,ID4_pos_2,0.08666666666666667,0.09333333333333334,6,0.4615384615384615,4.945054945054944,0.03191111111111111,1.6838095238095234,0.8734793187347932,1,1,PKNOX2,pos,2,ID4,pos,2,0.19230769230769232,3.9940828402366857
FOXO4_pos_2,ID4_pos_2,0.08666666666666667,0.09333333333333334,6,0.4615384615384615,4.945054945054944,0.03191111111111111,1.6838095238095234,0.8734793187347932,1,1,FOXO4,pos,2,ID4,pos,2,0.10714285714285714,4.4152276295133435
FOXO6_pos_2,ID4_pos_2,0.08666666666666667,0.09333333333333334,6,0.4615384615384615,4.945054945054944,0.03191111111111111,1.6838095238095234,0.8734793187347932,1,1,FOXO6,pos,2,ID4,pos,2,0.10714285714285714,4.4152276295133435
MSC_pos_2,ID4_pos_2,0.08666666666666667,0.09333333333333334,6,0.4615384615384615,4.945054945054944,0.03191111111111111,1.6838095238095234,0.8734793187347932,1,1,MSC,pos,2,ID4,pos,2,0.19230769230769232,3.9940828402366857
FOXI1_pos_2,ID4_pos_2,0.08666666666666667,0.09333333333333334,6,0.4615384615384615,4.945054945054944,0.03191111111111111,1.6838095238095234,0.8734793187347932,1,1,FOXI1,pos,2,ID4,pos,2,0.10714285714285714,4.4152276295133435
FOXP3_pos_2,ID4_pos_2,0.08666666666666667,0.09333333333333334,6,0.4615384615384615,4.945054945054944,0.03191111111111111,1.6838095238095234,0.8734793187347932,1,1,FOXP3,pos,2,ID4,pos,2,0.10714285714285714,4.4152276295133435
MEOX2_neg_1,MNX1_neg_1,0.10666666666666667,0.12666666666666668,10,0.625,4.934210526315789,0.05315555555555555,2.328888888888889,0.8925373134328358,1,1,MEOX2,neg,1,MNX1,neg,1,0.3448275862068966,3.232758620689655
NOTO_pos_1,FOSL2_pos_1,0.10666666666666667,0.12666666666666668,10,0.625,4.934210526315789,0.05315555555555555,2.328888888888889,0.8925373134328358,1,1,NOTO,pos,1,FOSL2,pos,1,0.05555555555555555,4.660087719298246
NFYB_pos_0,TFAP2B_pos_0,0.06,0.11333333333333333,5,0.5555555555555556,4.901960784313726,0.026533333333333332,1.995,0.8468085106382979,1,1,NFYB,pos,0,TFAP2B,pos,0,0.07142857142857142,4.551820728291317
HNF1B_pos_1,JUND_pos_1,0.07333333333333333,0.09333333333333334,5,0.45454545454545453,4.87012987012987,0.026488888888888888,1.6622222222222223,0.8575539568345324,1,1,HNF1B,pos,1,JUND,pos,1,0.1111111111111111,4.329004329004329
FOXG1_neg_1,FOXP2_neg_1,0.09333333333333334,0.14666666666666667,10,0.7142857142857142,4.87012987012987,0.052977777777777776,2.9866666666666655,0.8764705882352941,1,1,FOXG1,neg,1,FOXP2,neg,1,0.3055555555555556,3.3820346320346317
HNF1B_pos_1,SCRT1_pos_1,0.07333333333333333,0.09333333333333334,5,0.45454545454545453,4.87012987012987,0.026488888888888888,1.6622222222222223,0.8575539568345324,1,1,HNF1B,pos,1,SCRT1,pos,1,0.03571428571428571,4.696196660482374
ALX3_neg_1,MNX1_neg_1,0.12,0.12666666666666668,11,0.6111111111111112,4.824561403508772,0.058133333333333335,2.245714285714286,0.9008264462809918,1,1,ALX3,neg,1,MNX1,neg,1,0.4444444444444444,2.680311890838207
ELF3_neg_1,ELF5_neg_1,0.15333333333333332,0.15333333333333332,17,0.7391304347826088,4.820415879017014,0.08982222222222222,3.245555555555556,0.9360815192218619,1,1,ELF3,neg,1,ELF5,neg,1,0.4857142857142857,2.4790710234944644
ELF5_neg_1,ELF3_neg_1,0.15333333333333332,0.15333333333333332,17,0.7391304347826088,4.820415879017014,0.08982222222222222,3.245555555555556,0.9360815192218619,1,1,ELF5,neg,1,ELF3,neg,1,0.4857142857142857,2.4790710234944644
FIGLA_pos_2,NHLH1_pos_2,0.08,0.14,8,0.6666666666666667,4.761904761904762,0.042133333333333335,2.5800000000000005,0.858695652173913,1,1,FIGLA,pos,2,NHLH1,pos,2,0.17647058823529413,3.9215686274509802
TCF3_pos_2,NHLH1_pos_2,0.1,0.14,10,0.6666666666666666,4.761904761904761,0.05266666666666667,2.5799999999999996,0.8777777777777778,1,1,TCF3,pos,2,NHLH1,pos,2,0.2571428571428571,3.537414965986394
NFIC_neg_0,NEUROD1_neg_0,0.1,0.14,10,0.6666666666666666,4.761904761904761,0.05266666666666667,2.5799999999999996,0.8777777777777778,1,1,NFIC,neg,0,NEUROD1,neg,0,0.175,3.9285714285714275
YY1_pos_0,TFAP2B_pos_0,0.08666666666666667,0.11333333333333333,7,0.5384615384615384,4.751131221719457,0.036844444444444444,1.9211111111111112,0.8644421272158499,1,1,YY1,pos,0,TFAP2B,pos,0,0.1111111111111111,4.223227752639517
PKNOX2_pos_2,NEUROD1_pos_2,0.08666666666666667,0.14666666666666667,9,0.6923076923076923,4.72027972027972,0.04728888888888889,2.773333333333333,0.8629359286293593,1,1,PKNOX2,pos,2,NEUROD1,pos,2,0.28125,3.3927010489510487
FOXC2_neg_4,MEOX2_neg_1,0.06666666666666667,0.10666666666666667,5,0.5,4.6875,0.026222222222222223,1.7866666666666666,0.8428571428571429,1,1,FOXC2,neg,4,MEOX2,neg,1,0.0,4.6875
RAX_neg_1,HOXB3_neg_1,0.08,0.10666666666666667,6,0.5,4.6875,0.03146666666666667,1.7866666666666666,0.8550724637681161,1,1,RAX,neg,1,HOXB3,neg,1,0.2,3.75
JUN_pos_1,NOTO_pos_1,0.09333333333333334,0.10666666666666667,7,0.5,4.6875,0.03671111111111111,1.7866666666666666,0.8676470588235294,1,1,JUN,pos,1,NOTO,pos,1,0.09375,4.248046875
GBX2_neg_1,GSX1_neg_1,0.11333333333333333,0.11333333333333333,9,0.5294117647058824,4.671280276816609,0.047155555555555555,1.8841666666666668,0.8863826232247284,1,1,GBX2,neg,1,GSX1,neg,1,0.36,2.98961937716263
HOXB2_neg_1,GSX1_neg_1,0.11333333333333333,0.11333333333333333,9,0.5294117647058824,4.671280276816609,0.047155555555555555,1.8841666666666668,0.8863826232247284,1,1,HOXB2,neg,1,GSX1,neg,1,0.34615384615384615,3.054298642533937
GSX1_neg_1,HOXB2_neg_1,0.11333333333333333,0.11333333333333333,9,0.5294117647058824,4.671280276816609,0.047155555555555555,1.8841666666666668,0.8863826232247284,1,1,GSX1,neg,1,HOXB2,neg,1,0.34615384615384615,3.054298642533937
GSX1_neg_1,GBX2_neg_1,0.11333333333333333,0.11333333333333333,9,0.5294117647058824,4.671280276816609,0.047155555555555555,1.8841666666666668,0.8863826232247284,1,1,GSX1,neg,1,GBX2,neg,1,0.36,2.98961937716263
GBX2_neg_1,MNX1_neg_1,0.11333333333333333,0.12666666666666668,10,0.5882352941176471,4.643962848297213,0.052311111111111114,2.120952380952381,0.8849624060150376,1,1,GBX2,neg,1,MNX1,neg,1,0.23333333333333334,3.560371517027863
NFYB_pos_0,IRF3_pos_0,0.06,0.12,5,0.5555555555555556,4.62962962962963,0.026133333333333335,1.9800000000000002,0.8340425531914895,1,1,NFYB,pos,0,IRF3,pos,0,0.14814814814814814,3.943758573388203
MSC_pos_2,TCF4_pos_2,0.08666666666666667,0.1,6,0.4615384615384615,4.615384615384615,0.03133333333333333,1.6714285714285713,0.8576642335766422,1,1,MSC,pos,2,TCF4,pos,2,0.16666666666666666,3.846153846153846
FOXI1_pos_2,TCF4_pos_2,0.08666666666666667,0.1,6,0.4615384615384615,4.615384615384615,0.03133333333333333,1.6714285714285713,0.8576642335766422,1,1,FOXI1,pos,2,TCF4,pos,2,0.12903225806451613,4.0198511166253095
FOXO4_pos_2,TCF4_pos_2,0.08666666666666667,0.1,6,0.4615384615384615,4.615384615384615,0.03133333333333333,1.6714285714285713,0.8576642335766422,1,1,FOXO4,pos,2,TCF4,pos,2,0.12903225806451613,4.0198511166253095
FOXP3_pos_2,TCF4_pos_2,0.08666666666666667,0.1,6,0.4615384615384615,4.615384615384615,0.03133333333333333,1.6714285714285713,0.8576642335766422,1,1,FOXP3,pos,2,TCF4,pos,2,0.12903225806451613,4.0198511166253095
FOXD2_pos_2,TCF4_pos_2,0.08666666666666667,0.1,6,0.4615384615384615,4.615384615384615,0.03133333333333333,1.6714285714285713,0.8576642335766422,1,1,FOXD2,pos,2,TCF4,pos,2,0.12903225806451613,4.0198511166253095
FOXO6_pos_2,TCF4_pos_2,0.08666666666666667,0.1,6,0.4615384615384615,4.615384615384615,0.03133333333333333,1.6714285714285713,0.8576642335766422,1,1,FOXO6,pos,2,TCF4,pos,2,0.12903225806451613,4.0198511166253095
RAX_neg_1,MNX1_neg_1,0.08,0.12666666666666668,7,0.5833333333333334,4.605263157894737,0.036533333333333334,2.096,0.8509316770186335,1,1,RAX,neg,1,MNX1,neg,1,0.32,3.131578947368421
ID4_pos_2,NHLH1_pos_2,0.09333333333333334,0.14,9,0.6428571428571428,4.591836734693877,0.04693333333333333,2.4079999999999995,0.8627450980392156,1,1,ID4,pos,2,NHLH1,pos,2,0.24242424242424243,3.478664192949907
HNF1B_pos_1,FOS_pos_1,0.07333333333333333,0.1,5,0.45454545454545453,4.545454545454545,0.026,1.6500000000000001,0.8417266187050361,1,1,HNF1B,pos,1,FOS,pos,1,0.10344827586206896,4.075235109717868
T_neg_1,SRY_neg_1,0.07333333333333333,0.1,5,0.45454545454545453,4.545454545454545,0.026,1.6500000000000001,0.8417266187050361,1,1,T,neg,1,SRY,neg,1,0.03571428571428571,4.383116883116883
FOSB_pos_1,SP2_neg_7,0.07333333333333333,0.1,5,0.45454545454545453,4.545454545454545,0.026,1.6500000000000001,0.8417266187050361,1,1,FOSB,pos,1,SP2,neg,7,0.0,4.545454545454545
NFYA_pos_0,TFAP2A_pos_0,0.07333333333333333,0.1,5,0.45454545454545453,4.545454545454545,0.026,1.6500000000000001,0.8417266187050361,1,1,NFYA,pos,0,TFAP2A,pos,0,0.03225806451612903,4.39882697947214
HNF1B_pos_1,NFE2_pos_1,0.07333333333333333,0.1,5,0.45454545454545453,4.545454545454545,0.026,1.6500000000000001,0.8417266187050361,1,1,HNF1B,pos,1,NFE2,pos,1,0.07692307692307693,4.195804195804196
RFX4_neg_0,POU2F2_neg_0,0.07333333333333333,0.1,5,0.45454545454545453,4.545454545454545,0.026,1.6500000000000001,0.8417266187050361,1,1,RFX4,neg,0,POU2F2,neg,0,0.07407407407407407,4.2087542087542085
NR2F1_neg_0,POU2F2_neg_0,0.07333333333333333,0.1,5,0.45454545454545453,4.545454545454545,0.026,1.6500000000000001,0.8417266187050361,1,1,NR2F1,neg,0,POU2F2,neg,0,0.10344827586206896,4.075235109717868
YY1_pos_0,IRF3_pos_0,0.08666666666666667,0.12,7,0.5384615384615384,4.487179487179487,0.03626666666666667,1.9066666666666665,0.8508863399374349,1,1,YY1,pos,0,IRF3,pos,0,0.025,4.375
SNAI2_pos_5,SP2_neg_8,0.05333333333333334,0.14,5,0.625,4.4642857142857135,0.025866666666666666,2.2933333333333334,0.8197183098591551,1,1,SNAI2,pos,5,SP2,neg,8,0.0,4.4642857142857135
FOXP3_neg_8,SP2_neg_8,0.05333333333333334,0.14,5,0.625,4.4642857142857135,0.025866666666666666,2.2933333333333334,0.8197183098591551,1,1,FOXP3,neg,8,SP2,neg,8,0.09090909090909091,4.058441558441557
FOXI1_neg_8,SP2_neg_8,0.05333333333333334,0.14,5,0.625,4.4642857142857135,0.025866666666666666,2.2933333333333334,0.8197183098591551,1,1,FOXI1,neg,8,SP2,neg,8,0.09090909090909091,4.058441558441557
NR4A2_neg_1,FOXG1_neg_1,0.08,0.09333333333333334,5,0.41666666666666663,4.4642857142857135,0.025866666666666666,1.554285714285714,0.8434782608695651,1,1,NR4A2,neg,1,FOXG1,neg,1,0.0,4.4642857142857135
FOXO6_neg_8,SP2_neg_8,0.05333333333333334,0.14,5,0.625,4.4642857142857135,0.025866666666666666,2.2933333333333334,0.8197183098591551,1,1,FOXO6,neg,8,SP2,neg,8,0.09090909090909091,4.058441558441557
FOXO4_neg_8,SP2_neg_8,0.05333333333333334,0.14,5,0.625,4.4642857142857135,0.025866666666666666,2.2933333333333334,0.8197183098591551,1,1,FOXO4,neg,8,SP2,neg,8,0.09090909090909091,4.058441558441557
FOXD2_neg_8,SP2_neg_8,0.05333333333333334,0.14,5,0.625,4.4642857142857135,0.025866666666666666,2.2933333333333334,0.8197183098591551,1,1,FOXD2,neg,8,SP2,neg,8,0.09090909090909091,4.058441558441557
ZSCAN4_neg_3,YY1_pos_0,0.08666666666666667,0.08666666666666667,5,0.3846153846153846,4.437869822485206,0.025822222222222222,1.4841666666666666,0.8481751824817518,1,1,ZSCAN4,neg,3,YY1,pos,0,0.0,4.437869822485206
YY1_pos_0,ZSCAN4_neg_3,0.08666666666666667,0.08666666666666667,5,0.3846153846153846,4.437869822485206,0.025822222222222222,1.4841666666666666,0.8481751824817518,1,1,YY1,pos,0,ZSCAN4,neg,3,0.0,4.437869822485206
HOXB2_neg_1,ALX3_neg_1,0.11333333333333333,0.12,9,0.5294117647058824,4.411764705882353,0.0464,1.87,0.8721804511278194,1,1,HOXB2,neg,1,ALX3,neg,1,0.27586206896551724,3.194726166328601
FIGLA_pos_2,TFAP4_pos_2,0.08,0.11333333333333333,6,0.5,4.411764705882353,0.030933333333333334,1.7733333333333334,0.8405797101449276,1,1,FIGLA,pos,2,TFAP4,pos,2,0.16666666666666666,3.6764705882352944
SMAD2_pos_8,STAT1_pos_8,0.09333333333333334,0.11333333333333333,7,0.5,4.411764705882353,0.03608888888888889,1.7733333333333334,0.8529411764705883,1,1,SMAD2,pos,8,STAT1,pos,8,0.10810810810810811,3.934817170111288
RAX_neg_1,GSX1_neg_1,0.08,0.11333333333333333,6,0.5,4.411764705882353,0.030933333333333334,1.7733333333333334,0.8405797101449276,1,1,RAX,neg,1,GSX1,neg,1,0.2,3.5294117647058827
PITX3_pos_1,NOTO_pos_1,0.1,0.10666666666666667,7,0.4666666666666667,4.375,0.036000000000000004,1.675,0.8571428571428572,1,1,PITX3,pos,1,NOTO,pos,1,0.03333333333333333,4.229166666666667
FOXG1_neg_1,NR2F2_neg_1,0.09333333333333334,0.13333333333333333,8,0.5714285714285714,4.285714285714286,0.04088888888888889,2.022222222222222,0.8455882352941178,1,1,FOXG1,neg,1,NR2F2,neg,1,0.05405405405405406,4.0540540540540535
TCF4_pos_2,NHLH1_pos_2,0.1,0.14,9,0.6,4.285714285714286,0.046,2.15,0.8518518518518519,1,1,TCF4,pos,2,NHLH1,pos,2,0.21621621621621623,3.359073359073359
NR4A2_pos_2,NEUROD1_pos_2,0.05333333333333334,0.14666666666666667,5,0.625,4.261363636363637,0.02551111111111111,2.2755555555555556,0.8084507042253521,1,1,NR4A2,pos,2,NEUROD1,pos,2,0.0967741935483871,3.8489736070381233
MAFG_pos_2,NEUROD1_pos_2,0.05333333333333334,0.14666666666666667,5,0.625,4.261363636363637,0.02551111111111111,2.2755555555555556,0.8084507042253521,1,1,MAFG,pos,2,NEUROD1,pos,2,0.0625,3.995028409090909
RFX2_neg_1,SNAI2_pos_2,0.07333333333333333,0.10666666666666667,5,0.45454545454545453,4.261363636363636,0.02551111111111111,1.6377777777777778,0.8258992805755396,1,1,RFX2,neg,1,SNAI2,pos,2,0.0,4.261363636363636
HNF1B_pos_1,FOSL1_pos_1,0.07333333333333333,0.10666666666666667,5,0.45454545454545453,4.261363636363636,0.02551111111111111,1.6377777777777778,0.8258992805755396,1,1,HNF1B,pos,1,FOSL1,pos,1,0.06896551724137931,3.9674764890282126
LMX1A_neg_1,MNX1_neg_1,0.1,0.12666666666666668,8,0.5333333333333333,4.2105263157894735,0.04066666666666667,1.8714285714285712,0.8472222222222223,1,1,LMX1A,neg,1,MNX1,neg,1,0.3333333333333333,2.8070175438596494
UNCX_neg_1,MNX1_neg_1,0.1,0.12666666666666668,8,0.5333333333333333,4.2105263157894735,0.04066666666666667,1.8714285714285712,0.8472222222222223,1,1,UNCX,neg,1,MNX1,neg,1,0.3333333333333333,2.8070175438596494
SPDEF_pos_1,TFAP2B_pos_1,0.06,0.13333333333333333,5,0.5555555555555556,4.166666666666667,0.025333333333333333,1.9500000000000002,0.8085106382978724,1,1,SPDEF,pos,1,TFAP2B,pos,1,0.037037037037037035,4.012345679012347
HOXC12_neg_1,NR2F2_neg_1,0.06,0.13333333333333333,5,0.5555555555555556,4.166666666666667,0.025333333333333333,1.9500000000000002,0.8085106382978724,1,1,HOXC12,neg,1,NR2F2,neg,1,0.034482758620689655,4.022988505747127
HOXB3_neg_1,ALX3_neg_1,0.10666666666666667,0.12,8,0.5,4.166666666666667,0.04053333333333334,1.76,0.8507462686567164,1,1,HOXB3,neg,1,ALX3,neg,1,0.2,3.333333333333334
RAX_neg_1,SRY_neg_1,0.08,0.1,5,0.41666666666666663,4.166666666666666,0.025333333333333333,1.5428571428571427,0.826086956521739,1,1,RAX,neg,1,SRY,neg,1,0.12,3.666666666666666
FOXP1_pos_2,TCF3_pos_2,0.08,0.1,5,0.41666666666666663,4.166666666666666,0.025333333333333333,1.5428571428571427,0.826086956521739,1,1,FOXP1,pos,2,TCF3,pos,2,0.1,3.7499999999999996
ELF3_pos_2,SREBF2_neg_1,0.07333333333333333,0.15333333333333332,7,0.6363636363636364,4.150197628458498,0.03542222222222222,2.328333333333333,0.8191161356628982,1,1,ELF3,pos,2,SREBF2,neg,1,0.02631578947368421,4.040981901393801
RFX2_neg_1,SREBF2_neg_1,0.07333333333333333,0.15333333333333332,7,0.6363636363636364,4.150197628458498,0.03542222222222222,2.328333333333333,0.8191161356628982,1,1,RFX2,neg,1,SREBF2,neg,1,0.02564102564102564,4.04378230465187
TBX19_neg_1,SREBF1_neg_1,0.07333333333333333,0.15333333333333332,7,0.6363636363636364,4.150197628458498,0.03542222222222222,2.328333333333333,0.8191161356628982,1,1,TBX19,neg,1,SREBF1,neg,1,0.05,3.942687747035573
HNF1B_pos_1,SP8_pos_1,0.07333333333333333,0.22,10,0.9090909090909091,4.132231404958677,0.05053333333333333,8.579999999999998,0.8179856115107914,1,1,HNF1B,pos,1,SP8,pos,1,0.03278688524590164,3.996748408074786
SHOX_neg_1,HOXB3_neg_1,0.10666666666666667,0.10666666666666667,7,0.4375,4.1015625,0.03528888888888889,1.588148148148148,0.8464818763326227,1,1,SHOX,neg,1,HOXB3,neg,1,0.1724137931034483,3.394396551724138
HOXB3_neg_1,SHOX_neg_1,0.10666666666666667,0.10666666666666667,7,0.4375,4.1015625,0.03528888888888889,1.588148148148148,0.8464818763326227,1,1,HOXB3,neg,1,SHOX,neg,1,0.1724137931034483,3.394396551724138
MAFK_pos_2,NEUROD1_pos_2,0.06666666666666667,0.14666666666666667,6,0.6,4.090909090909091,0.030222222222222223,2.133333333333333,0.8095238095238095,1,1,MAFK,pos,2,NEUROD1,pos,2,0.08823529411764706,3.729946524064171
HNF1B_pos_1,TFAP2B_pos_1,0.07333333333333333,0.13333333333333333,6,0.5454545454545454,4.090909090909091,0.030222222222222223,1.9066666666666665,0.815347721822542,1,1,HNF1B,pos,1,TFAP2B,pos,1,0.023809523809523808,3.9935064935064934
HNF1B_pos_1,TFAP2A_pos_1,0.07333333333333333,0.13333333333333333,6,0.5454545454545454,4.090909090909091,0.030222222222222223,1.9066666666666665,0.815347721822542,1,1,HNF1B,pos,1,TFAP2A,pos,1,0.0196078431372549,4.010695187165775
TCF3_pos_2,ASCL1_pos_2,0.1,0.18,11,0.7333333333333333,4.0740740740740735,0.05533333333333333,3.0749999999999997,0.8383838383838383,1,1,TCF3,pos,2,ASCL1,pos,2,0.24390243902439024,3.0803974706413726
SPDEF_neg_1,NKX3-2_neg_1,0.08666666666666667,0.11333333333333333,6,0.4615384615384615,4.072398190045249,0.03017777777777778,1.6466666666666665,0.8260340632603407,1,1,SPDEF,neg,1,NKX3-2,neg,1,0.07142857142857142,3.7815126050420167
NR4A2_pos_1,SP8_pos_1,0.06,0.22,8,0.888888888888889,4.040404040404041,0.04013333333333334,7.020000000000004,0.8005319148936171,1,1,NR4A2,pos,1,SP8,pos,1,0.013157894736842105,3.9872408293460926
HES5_pos_1,NOTO_pos_1,0.09333333333333334,0.10666666666666667,6,0.42857142857142855,4.017857142857142,0.030044444444444443,1.5633333333333335,0.8284313725490197,1,1,HES5,pos,1,NOTO,pos,1,0.06666666666666667,3.7499999999999996
SNAI2_pos_2,NHLH1_pos_2,0.10666666666666667,0.14,9,0.5624999999999999,4.0178571428571415,0.045066666666666665,1.965714285714285,0.8407960199004976,1,1,SNAI2,pos,2,NHLH1,pos,2,0.21621621621621623,3.149131274131273
PITX3_pos_1,TFAP2B_pos_1,0.1,0.13333333333333333,8,0.5333333333333333,4.0,0.04,1.8571428571428572,0.8333333333333334,1,1,PITX3,pos,1,TFAP2B,pos,1,0.045454545454545456,3.8181818181818183
NFE2_pos_1,SP2_neg_7,0.1,0.1,6,0.39999999999999997,3.9999999999999996,0.03,1.4999999999999998,0.8333333333333333,1,1,NFE2,pos,1,SP2,neg,7,0.0,3.9999999999999996
ATF4_pos_1,PITX3_pos_1,0.1,0.1,6,0.39999999999999997,3.9999999999999996,0.03,1.4999999999999998,0.8333333333333333,1,1,ATF4,pos,1,PITX3,pos,1,0.06896551724137931,3.724137931034482
PITX3_pos_1,ATF4_pos_1,0.1,0.1,6,0.39999999999999997,3.9999999999999996,0.03,1.4999999999999998,0.8333333333333333,1,1,PITX3,pos,1,ATF4,pos,1,0.06896551724137931,3.724137931034482
SP2_neg_7,NFE2_pos_1,0.1,0.1,6,0.39999999999999997,3.9999999999999996,0.03,1.4999999999999998,0.8333333333333333,1,1,SP2,neg,7,NFE2,pos,1,0.0,3.9999999999999996
RAX_neg_1,FOXP2_neg_1,0.08,0.14666666666666667,7,0.5833333333333334,3.9772727272727275,0.03493333333333334,2.048,0.8136645962732919,1,1,RAX,neg,1,FOXP2,neg,1,0.07692307692307693,3.6713286713286717
MYF6_pos_2,ASCL1_pos_2,0.04666666666666667,0.18,5,0.7142857142857142,3.968253968253968,0.024933333333333335,2.869999999999999,0.7846153846153846,1,1,MYF6,pos,2,ASCL1,pos,2,0.07894736842105263,3.6549707602339176
FOXG1_pos_2,NHLH1_pos_2,0.06,0.14,5,0.5555555555555556,3.968253968253968,0.02493333333333333,1.935,0.7957446808510639,1,1,FOXG1,pos,2,NHLH1,pos,2,0.06060606060606061,3.727753727753728
SHOX_neg_1,MNX1_neg_1,0.10666666666666667,0.12666666666666668,8,0.5,3.9473684210526314,0.039822222222222224,1.7466666666666666,0.835820895522388,1,1,SHOX,neg,1,MNX1,neg,1,0.32142857142857145,2.6785714285714284
LMX1B_neg_1,MNX1_neg_1,0.10666666666666667,0.12666666666666668,8,0.5,3.9473684210526314,0.039822222222222224,1.7466666666666666,0.835820895522388,1,1,LMX1B,neg,1,MNX1,neg,1,0.32142857142857145,2.6785714285714284
GSX1_neg_1,ALX3_neg_1,0.11333333333333333,0.12,8,0.4705882352941177,3.921568627450981,0.039733333333333336,1.6622222222222225,0.8402255639097744,1,1,GSX1,neg,1,ALX3,neg,1,0.2413793103448276,2.974983096686951
NEUROD2_neg_1,ALX3_neg_1,0.11333333333333333,0.12,8,0.4705882352941177,3.921568627450981,0.039733333333333336,1.6622222222222225,0.8402255639097744,1,1,NEUROD2,neg,1,ALX3,neg,1,0.027777777777777776,3.812636165577343
ZBTB18_pos_4,SNAI2_pos_2,0.08,0.10666666666666667,5,0.41666666666666663,3.9062499999999996,0.0248,1.5314285714285714,0.8086956521739129,1,1,ZBTB18,pos,4,SNAI2,pos,2,0.0,3.9062499999999996
MIXL1_neg_1,NEUROG2_neg_1,0.08,0.10666666666666667,5,0.41666666666666663,3.9062499999999996,0.0248,1.5314285714285714,0.8086956521739129,1,1,MIXL1,neg,1,NEUROG2,neg,1,0.034482758620689655,3.7715517241379306
NR4A2_neg_1,MEOX2_neg_1,0.08,0.10666666666666667,5,0.41666666666666663,3.9062499999999996,0.0248,1.5314285714285714,0.8086956521739129,1,1,NR4A2,neg,1,MEOX2,neg,1,0.022727272727272728,3.8174715909090904
MIXL1_neg_1,HOXB3_neg_1,0.08,0.10666666666666667,5,0.41666666666666663,3.9062499999999996,0.0248,1.5314285714285714,0.8086956521739129,1,1,MIXL1,neg,1,HOXB3,neg,1,0.15384615384615385,3.3052884615384612
FOXP1_pos_2,SNAI2_pos_2,0.08,0.10666666666666667,5,0.41666666666666663,3.9062499999999996,0.0248,1.5314285714285714,0.8086956521739129,1,1,FOXP1,pos,2,SNAI2,pos,2,0.0967741935483871,3.5282258064516125
NR4A2_neg_1,HOXB3_neg_1,0.08,0.10666666666666667,5,0.41666666666666663,3.9062499999999996,0.0248,1.5314285714285714,0.8086956521739129,1,1,NR4A2,neg,1,HOXB3,neg,1,0.0,3.9062499999999996
ELF3_pos_2,NHLH1_pos_2,0.07333333333333333,0.14,6,0.5454545454545454,3.8961038961038956,0.029733333333333334,1.892,0.802158273381295,1,1,ELF3,pos,2,NHLH1,pos,2,0.2,3.1168831168831166
MSC_pos_2,ASCL1_pos_2,0.08666666666666667,0.18,9,0.6923076923076923,3.8461538461538463,0.044399999999999995,2.665,0.8102189781021898,1,1,MSC,pos,2,ASCL1,pos,2,0.20512820512820512,3.0571992110453654
SPDEF_neg_1,ALX3_neg_1,0.08666666666666667,0.12,6,0.4615384615384615,3.8461538461538463,0.0296,1.6342857142857141,0.8102189781021898,1,1,SPDEF,neg,1,ALX3,neg,1,0.047619047619047616,3.663003663003663
SPDEF_neg_1,EHF_neg_1,0.08666666666666667,0.14,7,0.5384615384615384,3.846153846153846,0.03453333333333333,1.8633333333333333,0.8102189781021898,1,1,SPDEF,neg,1,EHF,neg,1,0.13636363636363635,3.321678321678321
FOXO4_pos_2,TCF3_pos_2,0.08666666666666667,0.1,5,0.3846153846153846,3.846153846153846,0.024666666666666663,1.4625,0.8102189781021897,1,1,FOXO4,pos,2,TCF3,pos,2,0.0967741935483871,3.47394540942928
FOXO6_pos_2,TCF3_pos_2,0.08666666666666667,0.1,5,0.3846153846153846,3.846153846153846,0.024666666666666663,1.4625,0.8102189781021897,1,1,FOXO6,pos,2,TCF3,pos,2,0.0967741935483871,3.47394540942928
EGR4_pos_5,ZIC3_neg_0,0.08666666666666667,0.1,5,0.3846153846153846,3.846153846153846,0.024666666666666663,1.4625,0.8102189781021897,1,1,EGR4,pos,5,ZIC3,neg,0,0.0,3.846153846153846
FOXP3_pos_2,TCF3_pos_2,0.08666666666666667,0.1,5,0.3846153846153846,3.846153846153846,0.024666666666666663,1.4625,0.8102189781021897,1,1,FOXP3,pos,2,TCF3,pos,2,0.0967741935483871,3.47394540942928
FOXI1_pos_2,TCF3_pos_2,0.08666666666666667,0.1,5,0.3846153846153846,3.846153846153846,0.024666666666666663,1.4625,0.8102189781021897,1,1,FOXI1,pos,2,TCF3,pos,2,0.0967741935483871,3.47394540942928
FOXD2_pos_2,TCF3_pos_2,0.08666666666666667,0.1,5,0.3846153846153846,3.846153846153846,0.024666666666666663,1.4625,0.8102189781021897,1,1,FOXD2,pos,2,TCF3,pos,2,0.0967741935483871,3.47394540942928
SCRT1_pos_1,JUN_pos_1,0.09333333333333334,0.09333333333333334,5,0.3571428571428571,3.8265306122448974,0.02462222222222222,1.4103703703703703,0.8147058823529412,1,1,SCRT1,pos,1,JUN,pos,1,0.0,3.8265306122448974
JUN_pos_1,SCRT1_pos_1,0.09333333333333334,0.09333333333333334,5,0.3571428571428571,3.8265306122448974,0.02462222222222222,1.4103703703703703,0.8147058823529412,1,1,JUN,pos,1,SCRT1,pos,1,0.0,3.8265306122448974
SCRT1_pos_1,HES5_pos_1,0.09333333333333334,0.09333333333333334,5,0.3571428571428571,3.8265306122448974,0.02462222222222222,1.4103703703703703,0.8147058823529412,1,1,SCRT1,pos,1,HES5,pos,1,0.06451612903225806,3.5796576695194204
HES5_pos_1,SCRT1_pos_1,0.09333333333333334,0.09333333333333334,5,0.3571428571428571,3.8265306122448974,0.02462222222222222,1.4103703703703703,0.8147058823529412,1,1,HES5,pos,1,SCRT1,pos,1,0.06451612903225806,3.5796576695194204
TCF7L1_pos_4,SREBF2_neg_1,0.08,0.15333333333333332,7,0.5833333333333334,3.804347826086957,0.0344,2.032,0.8012422360248447,1,1,TCF7L1,pos,4,SREBF2,neg,1,0.025,3.709239130434783
NFYA_pos_0,IRF3_pos_0,0.07333333333333333,0.12,5,0.45454545454545453,3.787878787878788,0.02453333333333333,1.6133333333333335,0.7942446043165468,1,1,NFYA,pos,0,IRF3,pos,0,0.13333333333333333,3.2828282828282833
HES5_pos_1,TFAP2B_pos_1,0.09333333333333334,0.13333333333333333,7,0.5,3.75,0.03422222222222222,1.7333333333333334,0.8088235294117647,1,1,HES5,pos,1,TFAP2B,pos,1,0.021739130434782608,3.6684782608695654
SCRT1_pos_1,TFAP2B_pos_1,0.09333333333333334,0.13333333333333333,7,0.5,3.75,0.03422222222222222,1.7333333333333334,0.8088235294117647,1,1,SCRT1,pos,1,TFAP2B,pos,1,0.043478260869565216,3.5869565217391304
SCRT1_pos_1,TFAP2A_pos_1,0.09333333333333334,0.13333333333333333,7,0.5,3.75,0.03422222222222222,1.7333333333333334,0.8088235294117647,1,1,SCRT1,pos,1,TFAP2A,pos,1,0.05555555555555555,3.5416666666666665
HES5_pos_1,TFAP2A_pos_1,0.09333333333333334,0.13333333333333333,7,0.5,3.75,0.03422222222222222,1.7333333333333334,0.8088235294117647,1,1,HES5,pos,1,TFAP2A,pos,1,0.01818181818181818,3.6818181818181817
ATF4_pos_1,NOTO_pos_1,0.1,0.10666666666666667,6,0.39999999999999997,3.7499999999999996,0.029333333333333333,1.4888888888888887,0.8148148148148147,1,1,ATF4,pos,1,NOTO,pos,1,0.03225806451612903,3.629032258064516
LMX1A_neg_1,HOXB3_neg_1,0.1,0.10666666666666667,6,0.39999999999999997,3.7499999999999996,0.029333333333333333,1.4888888888888887,0.8148148148148147,1,1,LMX1A,neg,1,HOXB3,neg,1,0.13793103448275862,3.232758620689655
UNCX_neg_1,HOXB3_neg_1,0.1,0.10666666666666667,6,0.39999999999999997,3.7499999999999996,0.029333333333333333,1.4888888888888887,0.8148148148148147,1,1,UNCX,neg,1,HOXB3,neg,1,0.13793103448275862,3.232758620689655
FIGLA_pos_2,ASCL1_pos_2,0.08,0.18,8,0.6666666666666667,3.703703703703704,0.038933333333333334,2.460000000000001,0.7934782608695651,1,1,FIGLA,pos,2,ASCL1,pos,2,0.14634146341463414,3.1616982836495033
TCF4_pos_2,ASCL1_pos_2,0.1,0.18,10,0.6666666666666666,3.7037037037037037,0.048666666666666664,2.46,0.8111111111111111,1,1,TCF4,pos,2,ASCL1,pos,2,0.20930232558139536,2.9285099052540913
MAF_neg_2,ZNF740_neg_2,0.08666666666666667,0.16666666666666666,8,0.6153846153846154,3.6923076923076925,0.03888888888888889,2.166666666666667,0.7983576642335766,1,1,MAF,neg,2,ZNF740,neg,2,0.07317073170731707,3.4221388367729837
FOXP1_pos_2,TFAP4_pos_2,0.08,0.11333333333333333,5,0.41666666666666663,3.676470588235294,0.024266666666666666,1.52,0.7913043478260868,1,1,FOXP1,pos,2,TFAP4,pos,2,0.13333333333333333,3.1862745098039214
RAX_neg_1,GBX2_neg_1,0.08,0.11333333333333333,5,0.41666666666666663,3.676470588235294,0.024266666666666666,1.52,0.7913043478260868,1,1,RAX,neg,1,GBX2,neg,1,0.1111111111111111,3.26797385620915
NR4A2_neg_1,GBX2_neg_1,0.08,0.11333333333333333,5,0.41666666666666663,3.676470588235294,0.024266666666666666,1.52,0.7913043478260868,1,1,NR4A2,neg,1,GBX2,neg,1,0.0,3.676470588235294
MIXL1_neg_1,NEUROD2_neg_1,0.08,0.11333333333333333,5,0.41666666666666663,3.676470588235294,0.024266666666666666,1.52,0.7913043478260868,1,1,MIXL1,neg,1,NEUROD2,neg,1,0.03333333333333333,3.553921568627451
TFAP2B_pos_1,TFAP2C_pos_1,0.13333333333333333,0.24666666666666667,18,0.9,3.6486486486486487,0.08711111111111111,7.533333333333335,0.8376068376068376,1,1,TFAP2B,pos,1,TFAP2C,pos,1,0.46774193548387094,1.9420226678291193
NEUROG2_neg_1,ALX3_neg_1,0.10666666666666667,0.12,7,0.4375,3.6458333333333335,0.03386666666666667,1.5644444444444445,0.8123667377398722,1,1,NEUROG2,neg,1,ALX3,neg,1,0.02857142857142857,3.541666666666667
MEOX2_neg_1,ALX3_neg_1,0.10666666666666667,0.12,7,0.4375,3.6458333333333335,0.03386666666666667,1.5644444444444445,0.8123667377398722,1,1,MEOX2,neg,1,ALX3,neg,1,0.15151515151515152,3.0934343434343434
HIC2_neg_6,SREBF2_neg_1,0.06,0.15333333333333332,5,0.5555555555555556,3.623188405797102,0.024133333333333333,1.905,0.7702127659574468,1,1,HIC2,neg,6,SREBF2,neg,1,0.0,3.623188405797102
ZBTB7B_neg_6,SREBF2_neg_1,0.06,0.15333333333333332,5,0.5555555555555556,3.623188405797102,0.024133333333333333,1.905,0.7702127659574468,1,1,ZBTB7B,neg,6,SREBF2,neg,1,0.0,3.623188405797102
RFX2_neg_1,NFIX_neg_1,0.07333333333333333,0.22666666666666666,9,0.8181818181818181,3.6096256684491976,0.04337777777777778,4.253333333333332,0.7801758593125501,1,1,RFX2,neg,1,NFIX,neg,1,0.03773584905660377,3.4734133790737562
FOXD2_pos_2,SNAI2_pos_2,0.08666666666666667,0.10666666666666667,5,0.3846153846153846,3.6057692307692304,0.02408888888888889,1.4516666666666667,0.7912408759124088,1,1,FOXD2,pos,2,SNAI2,pos,2,0.09375,3.267728365384615
FOXO4_pos_2,SNAI2_pos_2,0.08666666666666667,0.10666666666666667,5,0.3846153846153846,3.6057692307692304,0.02408888888888889,1.4516666666666667,0.7912408759124088,1,1,FOXO4,pos,2,SNAI2,pos,2,0.09375,3.267728365384615
FOXP3_pos_2,SNAI2_pos_2,0.08666666666666667,0.10666666666666667,5,0.3846153846153846,3.6057692307692304,0.02408888888888889,1.4516666666666667,0.7912408759124088,1,1,FOXP3,pos,2,SNAI2,pos,2,0.09375,3.267728365384615
FOXI1_pos_2,SNAI2_pos_2,0.08666666666666667,0.10666666666666667,5,0.3846153846153846,3.6057692307692304,0.02408888888888889,1.4516666666666667,0.7912408759124088,1,1,FOXI1,pos,2,SNAI2,pos,2,0.09375,3.267728365384615
FOXO6_pos_2,SNAI2_pos_2,0.08666666666666667,0.10666666666666667,5,0.3846153846153846,3.6057692307692304,0.02408888888888889,1.4516666666666667,0.7912408759124088,1,1,FOXO6,pos,2,SNAI2,pos,2,0.09375,3.267728365384615
MAF_neg_2,NFIC_neg_2,0.08666666666666667,0.19333333333333333,9,0.6923076923076923,3.580901856763926,0.043244444444444446,2.6216666666666666,0.789132197891322,1,1,MAF,neg,2,NFIC,neg,2,0.1590909090909091,3.0112129250060287
HNF1B_pos_1,KLF16_pos_1,0.07333333333333333,0.28,11,1.0,3.571428571428571,0.0528,inf,0.776978417266187,1,1,HNF1B,pos,1,KLF16,pos,1,0.036585365853658534,3.440766550522648
FOXP1_pos_2,NHLH1_pos_2,0.08,0.14,6,0.5,3.571428571428571,0.0288,1.72,0.782608695652174,1,1,FOXP1,pos,2,NHLH1,pos,2,0.11428571428571428,3.1632653061224487
ID4_pos_2,ASCL1_pos_2,0.09333333333333334,0.18,9,0.6428571428571428,3.571428571428571,0.0432,2.296,0.7941176470588236,1,1,ID4,pos,2,ASCL1,pos,2,0.2,2.857142857142857
TEAD4_neg_0,NEUROD1_neg_0,0.06666666666666667,0.14,5,0.5,3.571428571428571,0.024,1.72,0.7714285714285715,1,1,TEAD4,neg,0,NEUROD1,neg,0,0.02702702702702703,3.474903474903475
MEIS2_neg_0,NEUROD1_neg_0,0.06666666666666667,0.14,5,0.5,3.571428571428571,0.024,1.72,0.7714285714285715,1,1,MEIS2,neg,0,NEUROD1,neg,0,0.14705882352941177,3.046218487394958
BACH2_neg_2,NFE2_pos_1,0.09333333333333334,0.1,5,0.3571428571428571,3.5714285714285707,0.024,1.4,0.7941176470588236,1,1,BACH2,neg,2,NFE2,pos,1,0.03225806451612903,3.4562211981566815
JUN_pos_1,PITX3_pos_1,0.09333333333333334,0.1,5,0.3571428571428571,3.5714285714285707,0.024,1.4,0.7941176470588236,1,1,JUN,pos,1,PITX3,pos,1,0.0625,3.348214285714285
BACH2_neg_2,FOS_pos_1,0.09333333333333334,0.1,5,0.3571428571428571,3.5714285714285707,0.024,1.4,0.7941176470588236,1,1,BACH2,neg,2,FOS,pos,1,0.09090909090909091,3.246753246753246
ID4_pos_2,POU2F2_neg_0,0.09333333333333334,0.1,5,0.3571428571428571,3.5714285714285707,0.024,1.4,0.7941176470588236,1,1,ID4,pos,2,POU2F2,neg,0,0.030303030303030304,3.4632034632034627
JUND_pos_1,SP2_neg_7,0.09333333333333334,0.1,5,0.3571428571428571,3.5714285714285707,0.024,1.4,0.7941176470588236,1,1,JUND,pos,1,SP2,neg,7,0.0,3.5714285714285707
SCRT1_pos_1,ATF4_pos_1,0.09333333333333334,0.1,5,0.3571428571428571,3.5714285714285707,0.024,1.4,0.7941176470588236,1,1,SCRT1,pos,1,ATF4,pos,1,0.0,3.5714285714285707
RFX2_neg_1,SREBF1_neg_1,0.07333333333333333,0.15333333333333332,6,0.5454545454545454,3.5573122529644268,0.028755555555555555,1.8626666666666665,0.775779376498801,1,1,RFX2,neg,1,SREBF1,neg,1,0.024390243902439025,3.4705485394774893
T_neg_1,SREBF2_neg_1,0.07333333333333333,0.15333333333333332,6,0.5454545454545454,3.5573122529644268,0.028755555555555555,1.8626666666666665,0.775779376498801,1,1,T,neg,1,SREBF2,neg,1,0.05,3.379446640316205
TBX19_neg_1,SREBF2_neg_1,0.07333333333333333,0.15333333333333332,6,0.5454545454545454,3.5573122529644268,0.028755555555555555,1.8626666666666665,0.775779376498801,1,1,TBX19,neg,1,SREBF2,neg,1,0.02564102564102564,3.466099118273031
RFX2_neg_1,HIC2_neg_1,0.07333333333333333,0.18,7,0.6363636363636364,3.5353535353535355,0.03346666666666667,2.255,0.7738951695786229,1,1,RFX2,neg,1,HIC2,neg,1,0.0,3.5353535353535355
SRY_neg_1,NFIX_neg_1,0.1,0.22666666666666666,12,0.7999999999999999,3.5294117647058822,0.05733333333333333,3.8666666666666654,0.7962962962962962,1,1,SRY,neg,1,NFIX,neg,1,0.11538461538461539,3.122171945701357
SP2_neg_7,JUNB_pos_1,0.1,0.11333333333333333,6,0.39999999999999997,3.5294117647058822,0.028666666666666667,1.4777777777777776,0.7962962962962962,1,1,SP2,neg,7,JUNB,pos,1,0.0,3.5294117647058822
NEUROG2_neg_1,SHOX_neg_1,0.10666666666666667,0.10666666666666667,6,0.375,3.5156249999999996,0.028622222222222223,1.4293333333333333,0.8009950248756219,1,1,NEUROG2,neg,1,SHOX,neg,1,0.030303030303030304,3.4090909090909087
SHOX_neg_1,NEUROG2_neg_1,0.10666666666666667,0.10666666666666667,6,0.375,3.5156249999999996,0.028622222222222223,1.4293333333333333,0.8009950248756219,1,1,SHOX,neg,1,NEUROG2,neg,1,0.030303030303030304,3.4090909090909087
LMX1B_neg_1,HOXB3_neg_1,0.10666666666666667,0.10666666666666667,6,0.375,3.5156249999999996,0.028622222222222223,1.4293333333333333,0.8009950248756219,1,1,LMX1B,neg,1,HOXB3,neg,1,0.13333333333333333,3.0468749999999996
HOXB3_neg_1,LMX1B_neg_1,0.10666666666666667,0.10666666666666667,6,0.375,3.5156249999999996,0.028622222222222223,1.4293333333333333,0.8009950248756219,1,1,HOXB3,neg,1,LMX1B,neg,1,0.13333333333333333,3.0468749999999996
SPDEF_neg_1,ELF3_neg_1,0.08666666666666667,0.15333333333333332,7,0.5384615384615384,3.5117056856187294,0.033377777777777784,1.8344444444444443,0.7831074035453599,1,1,SPDEF,neg,1,ELF3,neg,1,0.13636363636363635,3.0328367284889026
PITX3_pos_1,TFAP2A_pos_1,0.1,0.13333333333333333,7,0.4666666666666667,3.5,0.03333333333333333,1.625,0.7936507936507936,1,1,PITX3,pos,1,TFAP2A,pos,1,0.03773584905660377,3.367924528301887
SRY_neg_1,SREBF2_neg_1,0.1,0.15333333333333332,8,0.5333333333333333,3.4782608695652177,0.038000000000000006,1.8142857142857143,0.7916666666666667,1,1,SRY,neg,1,SREBF2,neg,1,0.075,3.2173913043478266
GCM1_neg_2,EWSR1-FLI1_neg_2,0.05333333333333334,0.18,5,0.625,3.4722222222222223,0.023733333333333332,2.186666666666667,0.752112676056338,1,1,GCM1,neg,2,EWSR1-FLI1,neg,2,0.075,3.211805555555556
NR3C2_neg_0,EWSR1-FLI1_neg_2,0.05333333333333334,0.18,5,0.625,3.4722222222222223,0.023733333333333332,2.186666666666667,0.752112676056338,1,1,NR3C2,neg,0,EWSR1-FLI1,neg,2,0.0,3.4722222222222223
SP8_pos_1,KLF16_pos_1,0.22,0.28,32,0.9696969696969697,3.463203463203463,0.15173333333333333,23.76000000000002,0.9118589743589742,1,1,SP8,pos,1,KLF16,pos,1,0.5121951219512195,1.6893675430260795
TFAP2A_pos_1,TFAP2C_pos_1,0.13333333333333333,0.24666666666666667,17,0.85,3.4459459459459456,0.08044444444444443,5.022222222222221,0.8190045248868777,1,1,TFAP2A,pos,1,TFAP2C,pos,1,0.42857142857142855,1.9691119691119687
GBX2_neg_1,ALX3_neg_1,0.11333333333333333,0.12,7,0.411764705882353,3.431372549019608,0.03306666666666667,1.4960000000000002,0.7991407089151449,1,1,GBX2,neg,1,ALX3,neg,1,0.09090909090909091,3.1194295900178255
NR4A2_neg_1,FOXP2_neg_1,0.08,0.14666666666666667,6,0.5,3.409090909090909,0.02826666666666667,1.7066666666666666,0.7681159420289856,1,1,NR4A2,neg,1,FOXP2,neg,1,0.0,3.409090909090909
T_neg_1,NR2F2_neg_1,0.07333333333333333,0.13333333333333333,5,0.45454545454545453,3.409090909090909,0.023555555555555555,1.588888888888889,0.762589928057554,1,1,T,neg,1,NR2F2,neg,1,0.029411764705882353,3.308823529411765
IRF5_neg_2,TFAP2B_pos_1,0.07333333333333333,0.13333333333333333,5,0.45454545454545453,3.409090909090909,0.023555555555555555,1.588888888888889,0.762589928057554,1,1,IRF5,neg,2,TFAP2B,pos,1,0.0,3.409090909090909
RFX2_neg_1,FOXL1_neg_1,0.07333333333333333,0.26666666666666666,10,0.9090909090909091,3.409090909090909,0.04711111111111111,8.066666666666665,0.762589928057554,1,1,RFX2,neg,1,FOXL1,neg,1,0.034482758620689655,3.29153605015674
TFAP2A_pos_1,SP8_pos_1,0.13333333333333333,0.22,15,0.75,3.409090909090909,0.07066666666666667,3.12,0.8153846153846154,1,1,TFAP2A,pos,1,SP8,pos,1,0.1375,2.940340909090909
HIF1A_pos_1,SP8_pos_1,0.05333333333333334,0.22,6,0.75,3.409090909090909,0.02826666666666667,3.12,0.7464788732394367,1,1,HIF1A,pos,1,SP8,pos,1,0.03389830508474576,3.293528505392912
ZSCAN4_neg_3,TFAP2B_pos_0,0.08666666666666667,0.11333333333333333,5,0.3846153846153846,3.3936651583710407,0.02351111111111111,1.4408333333333334,0.7722627737226277,1,1,ZSCAN4,neg,3,TFAP2B,pos,0,0.0,3.3936651583710407
FOXO6_pos_2,TFAP4_pos_2,0.08666666666666667,0.11333333333333333,5,0.3846153846153846,3.3936651583710407,0.02351111111111111,1.4408333333333334,0.7722627737226277,1,1,FOXO6,pos,2,TFAP4,pos,2,0.12903225806451613,2.9557728798715517
YY1_pos_0,GSX1_neg_1,0.08666666666666667,0.11333333333333333,5,0.3846153846153846,3.3936651583710407,0.02351111111111111,1.4408333333333334,0.7722627737226277,1,1,YY1,pos,0,GSX1,neg,1,0.0,3.3936651583710407
FOXO4_pos_2,TFAP4_pos_2,0.08666666666666667,0.11333333333333333,5,0.3846153846153846,3.3936651583710407,0.02351111111111111,1.4408333333333334,0.7722627737226277,1,1,FOXO4,pos,2,TFAP4,pos,2,0.12903225806451613,2.9557728798715517
SPDEF_neg_1,GBX2_neg_1,0.08666666666666667,0.11333333333333333,5,0.3846153846153846,3.3936651583710407,0.02351111111111111,1.4408333333333334,0.7722627737226277,1,1,SPDEF,neg,1,GBX2,neg,1,0.024390243902439025,3.3108928374351616
FOXP3_pos_2,TFAP4_pos_2,0.08666666666666667,0.11333333333333333,5,0.3846153846153846,3.3936651583710407,0.02351111111111111,1.4408333333333334,0.7722627737226277,1,1,FOXP3,pos,2,TFAP4,pos,2,0.12903225806451613,2.9557728798715517
MEF2C_neg_4,NEUROD2_neg_1,0.08666666666666667,0.11333333333333333,5,0.3846153846153846,3.3936651583710407,0.02351111111111111,1.4408333333333334,0.7722627737226277,1,1,MEF2C,neg,4,NEUROD2,neg,1,0.0,3.3936651583710407
FOXI1_pos_2,TFAP4_pos_2,0.08666666666666667,0.11333333333333333,5,0.3846153846153846,3.3936651583710407,0.02351111111111111,1.4408333333333334,0.7722627737226277,1,1,FOXI1,pos,2,TFAP4,pos,2,0.12903225806451613,2.9557728798715517
MEF2C_neg_4,JUNB_pos_1,0.08666666666666667,0.11333333333333333,5,0.3846153846153846,3.3936651583710407,0.02351111111111111,1.4408333333333334,0.7722627737226277,1,1,MEF2C,neg,4,JUNB,pos,1,0.0,3.3936651583710407
FOXD2_pos_2,TFAP4_pos_2,0.08666666666666667,0.11333333333333333,5,0.3846153846153846,3.3936651583710407,0.02351111111111111,1.4408333333333334,0.7722627737226277,1,1,FOXD2,pos,2,TFAP4,pos,2,0.12903225806451613,2.9557728798715517
TFAP4_pos_2,NHLH1_pos_2,0.11333333333333333,0.14,8,0.4705882352941177,3.361344537815126,0.03746666666666667,1.6244444444444448,0.7922932330827067,1,1,TFAP4,pos,2,NHLH1,pos,2,0.21621621621621623,2.6345673404496934
BACH2_neg_2,FOSL1_pos_1,0.09333333333333334,0.10666666666666667,5,0.3571428571428571,3.348214285714285,0.023377777777777775,1.3896296296296295,0.7735294117647059,1,1,BACH2,neg,2,FOSL1,pos,1,0.029411764705882353,3.2497373949579824
BACH2_neg_2,NOTO_pos_1,0.09333333333333334,0.10666666666666667,5,0.3571428571428571,3.348214285714285,0.023377777777777775,1.3896296296296295,0.7735294117647059,1,1,BACH2,neg,2,NOTO,pos,1,0.0,3.348214285714285
SCRT1_pos_1,NOTO_pos_1,0.09333333333333334,0.10666666666666667,5,0.3571428571428571,3.348214285714285,0.023377777777777775,1.3896296296296295,0.7735294117647059,1,1,SCRT1,pos,1,NOTO,pos,1,0.03125,3.2435825892857135
SRY_neg_1,HIC2_neg_1,0.1,0.18,9,0.6,3.3333333333333335,0.041999999999999996,2.05,0.7777777777777777,1,1,SRY,neg,1,HIC2,neg,1,0.06521739130434782,3.1159420289855073
LMX1A_neg_1,SRY_neg_1,0.1,0.1,5,0.3333333333333333,3.333333333333333,0.02333333333333333,1.3499999999999999,0.7777777777777777,1,1,LMX1A,neg,1,SRY,neg,1,0.06896551724137931,3.1034482758620685
SRY_neg_1,LMX1A_neg_1,0.1,0.1,5,0.3333333333333333,3.333333333333333,0.02333333333333333,1.3499999999999999,0.7777777777777777,1,1,SRY,neg,1,LMX1A,neg,1,0.06896551724137931,3.1034482758620685
UNCX_neg_1,SRY_neg_1,0.1,0.1,5,0.3333333333333333,3.333333333333333,0.02333333333333333,1.3499999999999999,0.7777777777777777,1,1,UNCX,neg,1,SRY,neg,1,0.06896551724137931,3.1034482758620685
SRY_neg_1,UNCX_neg_1,0.1,0.1,5,0.3333333333333333,3.333333333333333,0.02333333333333333,1.3499999999999999,0.7777777777777777,1,1,SRY,neg,1,UNCX,neg,1,0.06896551724137931,3.1034482758620685
ZIC3_neg_0,NEUROD1_neg_0,0.1,0.14,7,0.4666666666666667,3.333333333333333,0.03266666666666666,1.6125,0.7777777777777777,1,1,ZIC3,neg,0,NEUROD1,neg,0,0.09523809523809523,3.015873015873016
POU2F2_neg_0,TCF3_pos_2,0.1,0.1,5,0.3333333333333333,3.333333333333333,0.02333333333333333,1.3499999999999999,0.7777777777777777,1,1,POU2F2,neg,0,TCF3,pos,2,0.027777777777777776,3.2407407407407405
FOS_pos_1,SP2_neg_7,0.1,0.1,5,0.3333333333333333,3.333333333333333,0.02333333333333333,1.3499999999999999,0.7777777777777777,1,1,FOS,pos,1,SP2,neg,7,0.0,3.333333333333333
SP2_neg_7,FOS_pos_1,0.1,0.1,5,0.3333333333333333,3.333333333333333,0.02333333333333333,1.3499999999999999,0.7777777777777777,1,1,SP2,neg,7,FOS,pos,1,0.0,3.333333333333333
TCF4_pos_2,POU2F2_neg_0,0.1,0.1,5,0.3333333333333333,3.333333333333333,0.02333333333333333,1.3499999999999999,0.7777777777777777,1,1,TCF4,pos,2,POU2F2,neg,0,0.02702702702702703,3.243243243243243
POU2F2_neg_0,TCF4_pos_2,0.1,0.1,5,0.3333333333333333,3.333333333333333,0.02333333333333333,1.3499999999999999,0.7777777777777777,1,1,POU2F2,neg,0,TCF4,pos,2,0.02702702702702703,3.243243243243243
ZIC3_neg_0,POU2F2_neg_0,0.1,0.1,5,0.3333333333333333,3.333333333333333,0.02333333333333333,1.3499999999999999,0.7777777777777777,1,1,ZIC3,neg,0,POU2F2,neg,0,0.08823529411764706,3.0392156862745097
POU2F2_neg_0,ZIC3_neg_0,0.1,0.1,5,0.3333333333333333,3.333333333333333,0.02333333333333333,1.3499999999999999,0.7777777777777777,1,1,POU2F2,neg,0,ZIC3,neg,0,0.08823529411764706,3.0392156862745097
ZIC3_neg_0,NFIC_neg_0,0.1,0.1,5,0.3333333333333333,3.333333333333333,0.02333333333333333,1.3499999999999999,0.7777777777777777,1,1,ZIC3,neg,0,NFIC,neg,0,0.05405405405405406,3.153153153153153
TCF3_pos_2,POU2F2_neg_0,0.1,0.1,5,0.3333333333333333,3.333333333333333,0.02333333333333333,1.3499999999999999,0.7777777777777777,1,1,TCF3,pos,2,POU2F2,neg,0,0.027777777777777776,3.2407407407407405
NFIC_neg_0,ZIC3_neg_0,0.1,0.1,5,0.3333333333333333,3.333333333333333,0.02333333333333333,1.3499999999999999,0.7777777777777777,1,1,NFIC,neg,0,ZIC3,neg,0,0.05405405405405406,3.153153153153153
HNF1B_pos_1,TFAP2C_pos_1,0.07333333333333333,0.24666666666666667,9,0.8181818181818181,3.3169533169533167,0.04191111111111111,4.143333333333332,0.7537969624300559,1,1,HNF1B,pos,1,TFAP2C,pos,1,0.02857142857142857,3.222183222183222
LMX1B_neg_1,HOXB2_neg_1,0.10666666666666667,0.11333333333333333,6,0.375,3.308823529411765,0.027911111111111112,1.4186666666666667,0.7810945273631842,1,1,LMX1B,neg,1,HOXB2,neg,1,0.16666666666666666,2.757352941176471
LMX1B_neg_1,GBX2_neg_1,0.10666666666666667,0.11333333333333333,6,0.375,3.308823529411765,0.027911111111111112,1.4186666666666667,0.7810945273631842,1,1,LMX1B,neg,1,GBX2,neg,1,0.0967741935483871,2.9886148007590134
SHOX_neg_1,GBX2_neg_1,0.10666666666666667,0.11333333333333333,6,0.375,3.308823529411765,0.027911111111111112,1.4186666666666667,0.7810945273631842,1,1,SHOX,neg,1,GBX2,neg,1,0.0967741935483871,2.9886148007590134
RAX_neg_1,NFIX_neg_1,0.08,0.22666666666666666,9,0.75,3.308823529411765,0.04186666666666666,3.0933333333333333,0.7584541062801932,1,1,RAX,neg,1,NFIX,neg,1,0.07692307692307693,3.054298642533937
SHOX_neg_1,HOXB2_neg_1,0.10666666666666667,0.11333333333333333,6,0.375,3.308823529411765,0.027911111111111112,1.4186666666666667,0.7810945273631842,1,1,SHOX,neg,1,HOXB2,neg,1,0.16666666666666666,2.757352941176471
SHOX_neg_1,NEUROD2_neg_1,0.10666666666666667,0.11333333333333333,6,0.375,3.308823529411765,0.027911111111111112,1.4186666666666667,0.7810945273631842,1,1,SHOX,neg,1,NEUROD2,neg,1,0.029411764705882353,3.211505190311419
NEUROG2_neg_1,NKX3-2_neg_1,0.10666666666666667,0.11333333333333333,6,0.375,3.308823529411765,0.027911111111111112,1.4186666666666667,0.7810945273631842,1,1,NEUROG2,neg,1,NKX3-2,neg,1,0.027777777777777776,3.2169117647058827
FOXI1_pos_2,NHLH1_pos_2,0.08666666666666667,0.14,6,0.4615384615384615,3.296703296703296,0.027866666666666665,1.597142857142857,0.7627737226277371,1,1,FOXI1,pos,2,NHLH1,pos,2,0.1111111111111111,2.9304029304029298
SPDEF_neg_1,NHLH1_pos_2,0.08666666666666667,0.14,6,0.4615384615384615,3.296703296703296,0.027866666666666665,1.597142857142857,0.7627737226277371,1,1,SPDEF,neg,1,NHLH1,pos,2,0.0,3.296703296703296
PKNOX2_pos_2,NHLH1_pos_2,0.08666666666666667,0.14,6,0.4615384615384615,3.296703296703296,0.027866666666666665,1.597142857142857,0.7627737226277371,1,1,PKNOX2,pos,2,NHLH1,pos,2,0.1111111111111111,2.9304029304029298
FOXO4_pos_2,NHLH1_pos_2,0.08666666666666667,0.14,6,0.4615384615384615,3.296703296703296,0.027866666666666665,1.597142857142857,0.7627737226277371,1,1,FOXO4,pos,2,NHLH1,pos,2,0.1111111111111111,2.9304029304029298
FOXO6_pos_2,NHLH1_pos_2,0.08666666666666667,0.14,6,0.4615384615384615,3.296703296703296,0.027866666666666665,1.597142857142857,0.7627737226277371,1,1,FOXO6,pos,2,NHLH1,pos,2,0.1111111111111111,2.9304029304029298
FOXD2_pos_2,NHLH1_pos_2,0.08666666666666667,0.14,6,0.4615384615384615,3.296703296703296,0.027866666666666665,1.597142857142857,0.7627737226277371,1,1,FOXD2,pos,2,NHLH1,pos,2,0.1111111111111111,2.9304029304029298
FOXP3_pos_2,NHLH1_pos_2,0.08666666666666667,0.14,6,0.4615384615384615,3.296703296703296,0.027866666666666665,1.597142857142857,0.7627737226277371,1,1,FOXP3,pos,2,NHLH1,pos,2,0.1111111111111111,2.9304029304029298
NOTO_pos_1,TFAP2A_pos_1,0.10666666666666667,0.13333333333333333,7,0.4375,3.28125,0.03244444444444444,1.5407407407407407,0.7782515991471215,1,1,NOTO,pos,1,TFAP2A,pos,1,0.037037037037037035,3.1597222222222223
NOTO_pos_1,TFAP2B_pos_1,0.10666666666666667,0.13333333333333333,7,0.4375,3.28125,0.03244444444444444,1.5407407407407407,0.7782515991471215,1,1,NOTO,pos,1,TFAP2B,pos,1,0.044444444444444446,3.135416666666667
TBX19_neg_1,ZNF740_neg_2,0.07333333333333333,0.16666666666666666,6,0.5454545454545454,3.2727272727272725,0.02777777777777778,1.8333333333333333,0.7494004796163071,1,1,TBX19,neg,1,ZNF740,neg,2,0.0,3.2727272727272725
GRHL2_pos_8,SREBF1_neg_1,0.06666666666666667,0.15333333333333332,5,0.5,3.2608695652173916,0.02311111111111111,1.6933333333333334,0.7428571428571429,1,1,GRHL2,pos,8,SREBF1,neg,1,0.02564102564102564,3.177257525083612
CEBPA_pos_8,SREBF2_neg_1,0.08,0.15333333333333332,6,0.5,3.2608695652173916,0.027733333333333336,1.6933333333333334,0.7536231884057972,1,1,CEBPA,pos,8,SREBF2,neg,1,0.05263157894736842,3.0892448512585817
NEUROG2_neg_1,ELF3_neg_1,0.10666666666666667,0.15333333333333332,8,0.5,3.2608695652173916,0.03697777777777778,1.6933333333333334,0.7761194029850746,1,1,NEUROG2,neg,1,ELF3,neg,1,0.05,3.097826086956522
TCF7L1_pos_4,SREBF1_neg_1,0.08,0.15333333333333332,6,0.5,3.2608695652173916,0.027733333333333336,1.6933333333333334,0.7536231884057972,1,1,TCF7L1,pos,4,SREBF1,neg,1,0.023809523809523808,3.1832298136645965
SREBF2_neg_1,FOXL1_neg_1,0.15333333333333332,0.26666666666666666,20,0.8695652173913044,3.2608695652173916,0.09244444444444444,5.622222222222226,0.8188976377952756,1,1,SREBF2,neg,1,FOXL1,neg,1,0.08571428571428572,2.9813664596273295
NR4A2_neg_1,SREBF2_neg_1,0.08,0.15333333333333332,6,0.5,3.2608695652173916,0.027733333333333336,1.6933333333333334,0.7536231884057972,1,1,NR4A2,neg,1,SREBF2,neg,1,0.038461538461538464,3.135451505016723
NR4A2_neg_1,ELF3_neg_1,0.08,0.15333333333333332,6,0.5,3.2608695652173916,0.027733333333333336,1.6933333333333334,0.7536231884057972,1,1,NR4A2,neg,1,ELF3,neg,1,0.02,3.195652173913044
NR4A2_neg_1,SREBF1_neg_1,0.08,0.15333333333333332,6,0.5,3.2608695652173916,0.027733333333333336,1.6933333333333334,0.7536231884057972,1,1,NR4A2,neg,1,SREBF1,neg,1,0.05660377358490566,3.076292042657917
NR2F2_neg_1,SREBF1_neg_1,0.13333333333333333,0.15333333333333332,10,0.5,3.2608695652173916,0.04622222222222222,1.6933333333333334,0.7999999999999999,1,1,NR2F2,neg,1,SREBF1,neg,1,0.0625,3.0570652173913047
GRHL2_pos_8,SREBF2_neg_1,0.06666666666666667,0.15333333333333332,5,0.5,3.2608695652173916,0.02311111111111111,1.6933333333333334,0.7428571428571429,1,1,GRHL2,pos,8,SREBF2,neg,1,0.02702702702702703,3.1727379553466513
NR2F1_neg_0,NEUROD1_neg_0,0.07333333333333333,0.14,5,0.45454545454545453,3.2467532467532463,0.023066666666666666,1.5766666666666667,0.7467625899280576,1,1,NR2F1,neg,0,NEUROD1,neg,0,0.07894736842105263,2.9904306220095687
FOXP1_pos_2,ASCL1_pos_2,0.08,0.18,7,0.5833333333333334,3.240740740740741,0.032266666666666666,1.9680000000000004,0.7515527950310558,1,1,FOXP1,pos,2,ASCL1,pos,2,0.12195121951219512,2.845528455284553
GCM1_neg_2,NFIC_neg_2,0.05333333333333334,0.19333333333333333,5,0.625,3.2327586206896552,0.02302222222222222,2.151111111111111,0.7295774647887324,1,1,GCM1,neg,2,NFIC,neg,2,0.11904761904761904,2.8479064039408866
TFAP2B_pos_1,SP8_pos_1,0.13333333333333333,0.22,14,0.7000000000000001,3.181818181818182,0.064,2.6000000000000005,0.7912087912087912,1,1,TFAP2B,pos,1,SP8,pos,1,0.09333333333333334,2.8848484848484848
TCF3_pos_2,NEUROD1_pos_2,0.1,0.14666666666666667,7,0.4666666666666667,3.1818181818181817,0.032,1.5999999999999999,0.7619047619047619,1,1,TCF3,pos,2,NEUROD1,pos,2,0.18421052631578946,2.595693779904306
TCF4_pos_2,NEUROD1_pos_2,0.1,0.14666666666666667,7,0.4666666666666667,3.1818181818181817,0.032,1.5999999999999999,0.7619047619047619,1,1,TCF4,pos,2,NEUROD1,pos,2,0.1794871794871795,2.6107226107226107
NR4A2_pos_1,KLF16_pos_1,0.06,0.28,8,0.888888888888889,3.1746031746031744,0.036533333333333334,6.480000000000003,0.7287234042553191,1,1,NR4A2,pos,1,KLF16,pos,1,0.042105263157894736,3.0409356725146197
SP2_neg_7,FOSL2_pos_1,0.1,0.12666666666666668,6,0.39999999999999997,3.157894736842105,0.027333333333333334,1.4555555555555553,0.7592592592592592,1,1,SP2,neg,7,FOSL2,pos,1,0.0,3.157894736842105
NR4A2_pos_1,TFAP2C_pos_1,0.06,0.24666666666666667,7,0.7777777777777778,3.153153153153153,0.03186666666666667,3.39,0.7264437689969605,1,1,NR4A2,pos,1,TFAP2C,pos,1,0.023809523809523808,3.078078078078078
SCRT1_pos_1,JUNB_pos_1,0.09333333333333334,0.11333333333333333,5,0.3571428571428571,3.1512605042016806,0.022755555555555557,1.3792592592592592,0.7529411764705883,1,1,SCRT1,pos,1,JUNB,pos,1,0.0,3.1512605042016806
NRL_pos_2,NEUROD1_pos_2,0.08666666666666667,0.14666666666666667,6,0.4615384615384615,3.1468531468531467,0.02728888888888889,1.5847619047619044,0.7469586374695864,1,1,NRL,pos,2,NEUROD1,pos,2,0.14705882352941177,2.6840806252570957
SNAI2_pos_2,ASCL1_pos_2,0.10666666666666667,0.18,9,0.5624999999999999,3.1249999999999996,0.040799999999999996,1.8742857142857139,0.7611940298507462,1,1,SNAI2,pos,2,ASCL1,pos,2,0.18181818181818182,2.556818181818181
SRY_neg_1,SHOX_neg_1,0.1,0.10666666666666667,5,0.3333333333333333,3.1249999999999996,0.022666666666666665,1.3399999999999999,0.7555555555555555,1,1,SRY,neg,1,SHOX,neg,1,0.06666666666666667,2.9166666666666665
NEUROG2_neg_1,EHF_neg_1,0.10666666666666667,0.14,7,0.4375,3.1249999999999996,0.031733333333333336,1.528888888888889,0.7611940298507464,1,1,NEUROG2,neg,1,EHF,neg,1,0.05,2.9687499999999996
PITX3_pos_1,FOSL1_pos_1,0.1,0.10666666666666667,5,0.3333333333333333,3.1249999999999996,0.022666666666666665,1.3399999999999999,0.7555555555555555,1,1,PITX3,pos,1,FOSL1,pos,1,0.0625,2.9296874999999996
SOX21_neg_6,FOXL1_neg_1,0.04,0.26666666666666666,5,0.8333333333333333,3.1249999999999996,0.02266666666666667,4.399999999999999,0.7083333333333334,1,1,SOX21,neg,6,FOXL1,neg,1,0.0,3.1249999999999996
RAX_neg_1,NR2F2_neg_1,0.08,0.13333333333333333,5,0.41666666666666663,3.1249999999999996,0.02266666666666667,1.4857142857142858,0.7391304347826088,1,1,RAX,neg,1,NR2F2,neg,1,0.0,3.1249999999999996
SP2_neg_7,FOSL1_pos_1,0.1,0.10666666666666667,5,0.3333333333333333,3.1249999999999996,0.022666666666666665,1.3399999999999999,0.7555555555555555,1,1,SP2,neg,7,FOSL1,pos,1,0.0,3.1249999999999996
UNCX_neg_1,NEUROG2_neg_1,0.1,0.10666666666666667,5,0.3333333333333333,3.1249999999999996,0.022666666666666665,1.3399999999999999,0.7555555555555555,1,1,UNCX,neg,1,NEUROG2,neg,1,0.03125,3.0273437499999996
POU2F2_neg_0,SNAI2_pos_2,0.1,0.10666666666666667,5,0.3333333333333333,3.1249999999999996,0.022666666666666665,1.3399999999999999,0.7555555555555555,1,1,POU2F2,neg,0,SNAI2,pos,2,0.02702702702702703,3.0405405405405403
SRY_neg_1,LMX1B_neg_1,0.1,0.10666666666666667,5,0.3333333333333333,3.1249999999999996,0.022666666666666665,1.3399999999999999,0.7555555555555555,1,1,SRY,neg,1,LMX1B,neg,1,0.06666666666666667,2.9166666666666665
LMX1A_neg_1,NEUROG2_neg_1,0.1,0.10666666666666667,5,0.3333333333333333,3.1249999999999996,0.022666666666666665,1.3399999999999999,0.7555555555555555,1,1,LMX1A,neg,1,NEUROG2,neg,1,0.03125,3.0273437499999996
NEUROD2_neg_1,NKX3-2_neg_1,0.11333333333333333,0.11333333333333333,6,0.35294117647058826,3.114186851211073,0.027155555555555558,1.3703030303030306,0.7656641604010026,1,1,NEUROD2,neg,1,NKX3-2,neg,1,0.02702702702702703,3.0300196390161793
NKX3-2_neg_1,NEUROD2_neg_1,0.11333333333333333,0.11333333333333333,6,0.35294117647058826,3.114186851211073,0.027155555555555558,1.3703030303030306,0.7656641604010026,1,1,NKX3-2,neg,1,NEUROD2,neg,1,0.02702702702702703,3.0300196390161793
CEBPE_pos_1,NFIC_neg_2,0.06666666666666667,0.19333333333333333,6,0.6,3.103448275862069,0.027111111111111114,2.0166666666666666,0.7261904761904762,1,1,CEBPE,pos,1,NFIC,neg,2,0.0,3.103448275862069
CEBPD_pos_1,NFIC_neg_2,0.06666666666666667,0.19333333333333333,6,0.6,3.103448275862069,0.027111111111111114,2.0166666666666666,0.7261904761904762,1,1,CEBPD,pos,1,NFIC,neg,2,0.0,3.103448275862069
CEBPB_pos_1,NFIC_neg_2,0.06666666666666667,0.19333333333333333,6,0.6,3.103448275862069,0.027111111111111114,2.0166666666666666,0.7261904761904762,1,1,CEBPB,pos,1,NFIC,neg,2,0.0,3.103448275862069
SREBF1_neg_1,FOXL1_neg_1,0.15333333333333332,0.26666666666666666,19,0.8260869565217392,3.0978260869565224,0.08577777777777779,4.2166666666666694,0.7998342312474098,1,1,SREBF1,neg,1,FOXL1,neg,1,0.13043478260869565,2.693761814744802
ZBTB7B_neg_6,ASCL1_pos_2,0.06,0.18,5,0.5555555555555556,3.08641975308642,0.022533333333333336,1.8450000000000002,0.7191489361702129,1,1,ZBTB7B,neg,6,ASCL1,pos,2,0.0,3.08641975308642
POU6F2_pos_0,HIC2_neg_1,0.06,0.18,5,0.5555555555555556,3.08641975308642,0.022533333333333336,1.8450000000000002,0.7191489361702129,1,1,POU6F2,pos,0,HIC2,neg,1,0.0,3.08641975308642
FOXK2_pos_2,ASCL1_pos_2,0.06,0.18,5,0.5555555555555556,3.08641975308642,0.022533333333333336,1.8450000000000002,0.7191489361702129,1,1,FOXK2,pos,2,ASCL1,pos,2,0.075,2.8549382716049387
NKX3-2_neg_1,SREBF2_neg_1,0.11333333333333333,0.15333333333333332,8,0.4705882352941177,3.069053708439898,0.03595555555555556,1.5992592592592596,0.7603383458646616,1,1,NKX3-2,neg,1,SREBF2,neg,1,0.02127659574468085,3.0037546933667088
GSX1_neg_1,SREBF2_neg_1,0.11333333333333333,0.15333333333333332,8,0.4705882352941177,3.069053708439898,0.03595555555555556,1.5992592592592596,0.7603383458646616,1,1,GSX1,neg,1,SREBF2,neg,1,0.046511627906976744,2.9263070243264147
NKX3-2_neg_1,SREBF1_neg_1,0.11333333333333333,0.15333333333333332,8,0.4705882352941177,3.069053708439898,0.03595555555555556,1.5992592592592596,0.7603383458646616,1,1,NKX3-2,neg,1,SREBF1,neg,1,0.041666666666666664,2.941176470588236
NR2F2_neg_1,FOXP2_neg_1,0.13333333333333333,0.14666666666666667,9,0.45,3.0681818181818183,0.04044444444444444,1.5515151515151513,0.7777777777777778,1,1,NR2F2,neg,1,FOXP2,neg,1,0.06382978723404255,2.872340425531915
FOXP2_neg_1,FOXL1_neg_1,0.14666666666666667,0.26666666666666666,18,0.8181818181818181,3.068181818181818,0.08088888888888889,4.033333333333332,0.7899305555555556,1,1,FOXP2,neg,1,FOXL1,neg,1,0.26229508196721313,2.263412816691505
TBX19_neg_1,FOXL1_neg_1,0.07333333333333333,0.26666666666666666,9,0.8181818181818181,3.068181818181818,0.04044444444444444,4.033333333333332,0.7274180655475619,1,1,TBX19,neg,1,FOXL1,neg,1,0.09090909090909091,2.789256198347107
SMAD2_pos_8,EHF_neg_1,0.09333333333333334,0.14,6,0.42857142857142855,3.0612244897959178,0.02693333333333333,1.5050000000000001,0.7426470588235294,1,1,SMAD2,pos,8,EHF,neg,1,0.0,3.0612244897959178
HIF1A_pos_1,TFAP2C_pos_1,0.05333333333333334,0.24666666666666667,6,0.75,3.0405405405405403,0.02684444444444444,3.013333333333333,0.7089201877934271,1,1,HIF1A,pos,1,TFAP2C,pos,1,0.014492753623188406,2.99647473560517
NOTO_pos_1,TFAP2C_pos_1,0.10666666666666667,0.24666666666666667,12,0.75,3.0405405405405403,0.05368888888888888,3.013333333333333,0.7512437810945273,1,1,NOTO,pos,1,TFAP2C,pos,1,0.0410958904109589,2.9155868196964088
LHX6_pos_1,TFAP2C_pos_1,0.05333333333333334,0.24666666666666667,6,0.75,3.0405405405405403,0.02684444444444444,3.013333333333333,0.7089201877934271,1,1,LHX6,pos,1,TFAP2C,pos,1,0.030303030303030304,2.9484029484029484
MEF2C_neg_4,FOSL2_pos_1,0.08666666666666667,0.12666666666666668,5,0.3846153846153846,3.0364372469635623,0.022355555555555552,1.4191666666666665,0.7343065693430656,1,1,MEF2C,neg,4,FOSL2,pos,1,0.0,3.0364372469635623
YY1_pos_0,MNX1_neg_1,0.08666666666666667,0.12666666666666668,5,0.3846153846153846,3.0364372469635623,0.022355555555555552,1.4191666666666665,0.7343065693430656,1,1,YY1,pos,0,MNX1,neg,1,0.0,3.0364372469635623
SHOX_neg_1,NFIX_neg_1,0.10666666666666667,0.22666666666666666,11,0.6875,3.0330882352941178,0.049155555555555557,2.474666666666667,0.7503392130257803,1,1,SHOX,neg,1,NFIX,neg,1,0.09090909090909091,2.7573529411764706
ELF3_pos_2,ASCL1_pos_2,0.07333333333333333,0.18,6,0.5454545454545454,3.0303030303030303,0.0268,1.804,0.723021582733813,1,1,ELF3,pos,2,ASCL1,pos,2,0.16216216216216217,2.538902538902539
T_neg_1,HIC2_neg_1,0.07333333333333333,0.18,6,0.5454545454545454,3.0303030303030303,0.0268,1.804,0.723021582733813,1,1,T,neg,1,HIC2,neg,1,0.043478260869565216,2.898550724637681
FOSB_pos_1,EWSR1-FLI1_neg_2,0.07333333333333333,0.18,6,0.5454545454545454,3.0303030303030303,0.0268,1.804,0.723021582733813,1,1,FOSB,pos,1,EWSR1-FLI1,neg,2,0.0,3.0303030303030303
SPDEF_neg_1,ELF5_neg_1,0.08666666666666667,0.15333333333333332,6,0.4615384615384615,3.0100334448160537,0.026711111111111113,1.5723809523809522,0.7311435523114356,1,1,SPDEF,neg,1,ELF5,neg,1,0.10638297872340426,2.6898171208994524
BACH2_neg_2,ZNF740_neg_2,0.09333333333333334,0.16666666666666666,7,0.5,3.0,0.031111111111111114,1.6666666666666667,0.7352941176470589,1,1,BACH2,neg,2,ZNF740,neg,2,0.044444444444444446,2.8666666666666667
TFAP2B_neg_6,ZNF740_neg_2,0.06666666666666667,0.16666666666666666,5,0.5,3.0,0.022222222222222223,1.6666666666666667,0.7142857142857143,1,1,TFAP2B,neg,6,ZNF740,neg,2,0.0,3.0
TCF7L1_pos_4,ZNF740_neg_2,0.08,0.16666666666666666,6,0.5,3.0,0.02666666666666667,1.6666666666666667,0.7246376811594204,1,1,TCF7L1,pos,4,ZNF740,neg,2,0.023255813953488372,2.9302325581395348
FIGLA_pos_2,ZNF740_neg_2,0.08,0.16666666666666666,6,0.5,3.0,0.02666666666666667,1.6666666666666667,0.7246376811594204,1,1,FIGLA,pos,2,ZNF740,neg,2,0.0,3.0
SRY_neg_1,NR2F2_neg_1,0.1,0.13333333333333333,6,0.39999999999999997,3.0,0.026666666666666665,1.4444444444444442,0.7407407407407406,1,1,SRY,neg,1,NR2F2,neg,1,0.058823529411764705,2.8235294117647056
ATF4_pos_1,TFAP2B_pos_1,0.1,0.13333333333333333,6,0.39999999999999997,3.0,0.026666666666666665,1.4444444444444442,0.7407407407407406,1,1,ATF4,pos,1,TFAP2B,pos,1,0.044444444444444446,2.8666666666666667
ATF4_pos_1,TFAP2A_pos_1,0.1,0.13333333333333333,6,0.39999999999999997,3.0,0.026666666666666665,1.4444444444444442,0.7407407407407406,1,1,ATF4,pos,1,TFAP2A,pos,1,0.037037037037037035,2.8888888888888893
FOXP3_pos_2,ASCL1_pos_2,0.08666666666666667,0.18,7,0.5384615384615384,2.9914529914529915,0.03106666666666667,1.7766666666666666,0.7288842544316998,1,1,FOXP3,pos,2,ASCL1,pos,2,0.11904761904761904,2.635327635327635
FOXD2_pos_2,ASCL1_pos_2,0.08666666666666667,0.18,7,0.5384615384615384,2.9914529914529915,0.03106666666666667,1.7766666666666666,0.7288842544316998,1,1,FOXD2,pos,2,ASCL1,pos,2,0.11904761904761904,2.635327635327635
FOXI1_pos_2,ASCL1_pos_2,0.08666666666666667,0.18,7,0.5384615384615384,2.9914529914529915,0.03106666666666667,1.7766666666666666,0.7288842544316998,1,1,FOXI1,pos,2,ASCL1,pos,2,0.11904761904761904,2.635327635327635
FOXO6_pos_2,ASCL1_pos_2,0.08666666666666667,0.18,7,0.5384615384615384,2.9914529914529915,0.03106666666666667,1.7766666666666666,0.7288842544316998,1,1,FOXO6,pos,2,ASCL1,pos,2,0.11904761904761904,2.635327635327635
FOXO4_pos_2,ASCL1_pos_2,0.08666666666666667,0.18,7,0.5384615384615384,2.9914529914529915,0.03106666666666667,1.7766666666666666,0.7288842544316998,1,1,FOXO4,pos,2,ASCL1,pos,2,0.11904761904761904,2.635327635327635
PKNOX2_pos_2,ASCL1_pos_2,0.08666666666666667,0.18,7,0.5384615384615384,2.9914529914529915,0.03106666666666667,1.7766666666666666,0.7288842544316998,1,1,PKNOX2,pos,2,ASCL1,pos,2,0.11904761904761904,2.635327635327635
SNAI2_pos_2,NEUROD1_pos_2,0.10666666666666667,0.14666666666666667,7,0.4375,2.9829545454545454,0.031022222222222222,1.517037037037037,0.744136460554371,1,1,SNAI2,pos,2,NEUROD1,pos,2,0.1794871794871795,2.4475524475524475
ID4_pos_2,ALX3_neg_1,0.09333333333333334,0.12,5,0.3571428571428571,2.976190476190476,0.02213333333333333,1.3688888888888888,0.7323529411764705,1,1,ID4,pos,2,ALX3,neg,1,0.029411764705882353,2.8886554621848735
ZEB1_neg_4,EHF_neg_1,0.08,0.14,5,0.41666666666666663,2.976190476190476,0.02213333333333333,1.4742857142857142,0.7217391304347825,1,1,ZEB1,neg,4,EHF,neg,1,0.0,2.976190476190476
TCF7L1_pos_4,NHLH1_pos_2,0.08,0.14,5,0.41666666666666663,2.976190476190476,0.02213333333333333,1.4742857142857142,0.7217391304347825,1,1,TCF7L1,pos,4,NHLH1,pos,2,0.0,2.976190476190476
NFE2_pos_1,TFAP2C_pos_1,0.1,0.24666666666666667,11,0.7333333333333333,2.972972972972973,0.048666666666666664,2.8249999999999993,0.7373737373737373,1,1,NFE2,pos,1,TFAP2C,pos,1,0.0410958904109589,2.850796001480933
PITX3_pos_1,TFAP2C_pos_1,0.1,0.24666666666666667,11,0.7333333333333333,2.972972972972973,0.048666666666666664,2.8249999999999993,0.7373737373737373,1,1,PITX3,pos,1,TFAP2C,pos,1,0.056338028169014086,2.8054815378759037
T_neg_1,SREBF1_neg_1,0.07333333333333333,0.15333333333333332,5,0.45454545454545453,2.964426877470356,0.022088888888888887,1.5522222222222224,0.7151079136690648,1,1,T,neg,1,SREBF1,neg,1,0.023255813953488372,2.895486717529185
ELF3_pos_2,ELF3_neg_1,0.07333333333333333,0.15333333333333332,5,0.45454545454545453,2.964426877470356,0.022088888888888887,1.5522222222222224,0.7151079136690648,1,1,ELF3,pos,2,ELF3,neg,1,0.09090909090909091,2.6949335249730506
ELF3_pos_2,SREBF1_neg_1,0.07333333333333333,0.15333333333333332,5,0.45454545454545453,2.964426877470356,0.022088888888888887,1.5522222222222224,0.7151079136690648,1,1,ELF3,pos,2,SREBF1,neg,1,0.025,2.890316205533597
BACH2_neg_2,NFIC_neg_2,0.09333333333333334,0.19333333333333333,8,0.5714285714285714,2.955665024630542,0.03528888888888889,1.882222222222222,0.729779411764706,1,1,BACH2,neg,2,NFIC,neg,2,0.14893617021276595,2.5154595954302486
FOXG1_neg_1,FOXL1_neg_1,0.09333333333333334,0.26666666666666666,11,0.7857142857142857,2.9464285714285716,0.04844444444444444,3.422222222222222,0.7286096256684492,1,1,FOXG1,neg,1,FOXL1,neg,1,0.13793103448275862,2.540024630541872
MIXL1_neg_1,NFIX_neg_1,0.08,0.22666666666666666,8,0.6666666666666667,2.941176470588236,0.03520000000000001,2.3200000000000003,0.7173913043478262,1,1,MIXL1,neg,1,NFIX,neg,1,0.07692307692307693,2.714932126696833
ALX3_neg_1,NFIX_neg_1,0.12,0.22666666666666666,12,0.6666666666666667,2.941176470588236,0.0528,2.3200000000000003,0.75,1,1,ALX3,neg,1,NFIX,neg,1,0.08771929824561403,2.683178534571724
NKX3-2_neg_1,ALX3_neg_1,0.11333333333333333,0.12,6,0.35294117647058826,2.9411764705882355,0.0264,1.36,0.7443609022556391,1,1,NKX3-2,neg,1,ALX3,neg,1,0.02631578947368421,2.863777089783282
TFAP4_pos_2,ASCL1_pos_2,0.11333333333333333,0.18,9,0.5294117647058824,2.9411764705882355,0.039599999999999996,1.7425000000000002,0.744360902255639,1,1,TFAP4,pos,2,ASCL1,pos,2,0.20930232558139536,2.3255813953488373
STAT1_pos_8,ALX3_neg_1,0.11333333333333333,0.12,6,0.35294117647058826,2.9411764705882355,0.0264,1.36,0.7443609022556391,1,1,STAT1,pos,8,ALX3,neg,1,0.0,2.9411764705882355
LMX1A_neg_1,NFIX_neg_1,0.1,0.22666666666666666,10,0.6666666666666666,2.941176470588235,0.044,2.32,0.7333333333333333,1,1,LMX1A,neg,1,NFIX,neg,1,0.09259259259259259,2.6688453159041394
ATF4_pos_1,JUNB_pos_1,0.1,0.11333333333333333,5,0.3333333333333333,2.941176470588235,0.022,1.3299999999999998,0.7333333333333333,1,1,ATF4,pos,1,JUNB,pos,1,0.029411764705882353,2.854671280276816
NEUROD1_pos_4,STAT1_pos_8,0.1,0.11333333333333333,5,0.3333333333333333,2.941176470588235,0.022,1.3299999999999998,0.7333333333333333,1,1,NEUROD1,pos,4,STAT1,pos,8,0.0,2.941176470588235
LMX1A_neg_1,HOXB2_neg_1,0.1,0.11333333333333333,5,0.3333333333333333,2.941176470588235,0.022,1.3299999999999998,0.7333333333333333,1,1,LMX1A,neg,1,HOXB2,neg,1,0.13333333333333333,2.549019607843137
POU2F2_neg_0,NKX3-2_neg_1,0.1,0.11333333333333333,5,0.3333333333333333,2.941176470588235,0.022,1.3299999999999998,0.7333333333333333,1,1,POU2F2,neg,0,NKX3-2,neg,1,0.0,2.941176470588235
UNCX_neg_1,NEUROD2_neg_1,0.1,0.11333333333333333,5,0.3333333333333333,2.941176470588235,0.022,1.3299999999999998,0.7333333333333333,1,1,UNCX,neg,1,NEUROD2,neg,1,0.030303030303030304,2.8520499108734403
UNCX_neg_1,GBX2_neg_1,0.1,0.11333333333333333,5,0.3333333333333333,2.941176470588235,0.022,1.3299999999999998,0.7333333333333333,1,1,UNCX,neg,1,GBX2,neg,1,0.06451612903225806,2.7514231499051234
POU2F2_neg_0,GSX1_neg_1,0.1,0.11333333333333333,5,0.3333333333333333,2.941176470588235,0.022,1.3299999999999998,0.7333333333333333,1,1,POU2F2,neg,0,GSX1,neg,1,0.0,2.941176470588235
LMX1A_neg_1,GBX2_neg_1,0.1,0.11333333333333333,5,0.3333333333333333,2.941176470588235,0.022,1.3299999999999998,0.7333333333333333,1,1,LMX1A,neg,1,GBX2,neg,1,0.06451612903225806,2.7514231499051234
UNCX_neg_1,NFIX_neg_1,0.1,0.22666666666666666,10,0.6666666666666666,2.941176470588235,0.044,2.32,0.7333333333333333,1,1,UNCX,neg,1,NFIX,neg,1,0.09259259259259259,2.6688453159041394
UNCX_neg_1,HOXB2_neg_1,0.1,0.11333333333333333,5,0.3333333333333333,2.941176470588235,0.022,1.3299999999999998,0.7333333333333333,1,1,UNCX,neg,1,HOXB2,neg,1,0.13333333333333333,2.549019607843137
SRY_neg_1,GSX1_neg_1,0.1,0.11333333333333333,5,0.3333333333333333,2.941176470588235,0.022,1.3299999999999998,0.7333333333333333,1,1,SRY,neg,1,GSX1,neg,1,0.06666666666666667,2.7450980392156863
POU2F2_neg_0,STAT1_pos_8,0.1,0.11333333333333333,5,0.3333333333333333,2.941176470588235,0.022,1.3299999999999998,0.7333333333333333,1,1,POU2F2,neg,0,STAT1,pos,8,0.0,2.941176470588235
POU2F2_neg_0,HOXB2_neg_1,0.1,0.11333333333333333,5,0.3333333333333333,2.941176470588235,0.022,1.3299999999999998,0.7333333333333333,1,1,POU2F2,neg,0,HOXB2,neg,1,0.0,2.941176470588235
TCF3_pos_2,TFAP4_pos_2,0.1,0.11333333333333333,5,0.3333333333333333,2.941176470588235,0.022,1.3299999999999998,0.7333333333333333,1,1,TCF3,pos,2,TFAP4,pos,2,0.11428571428571428,2.6050420168067223
LMX1A_neg_1,NEUROD2_neg_1,0.1,0.11333333333333333,5,0.3333333333333333,2.941176470588235,0.022,1.3299999999999998,0.7333333333333333,1,1,LMX1A,neg,1,NEUROD2,neg,1,0.030303030303030304,2.8520499108734403
NR2F2_neg_1,ELF3_neg_1,0.13333333333333333,0.15333333333333332,9,0.45,2.9347826086956523,0.03955555555555555,1.5393939393939393,0.7606837606837606,1,1,NR2F2,neg,1,ELF3,neg,1,0.045454545454545456,2.8013833992094863
NR2F2_neg_1,SREBF2_neg_1,0.13333333333333333,0.15333333333333332,9,0.45,2.9347826086956523,0.03955555555555555,1.5393939393939393,0.7606837606837606,1,1,NR2F2,neg,1,SREBF2,neg,1,0.0425531914893617,2.809898242368178
LMX1B_neg_1,NEUROG2_neg_1,0.10666666666666667,0.10666666666666667,5,0.3125,2.9296875,0.021955555555555555,1.2993939393939393,0.7373134328358208,1,1,LMX1B,neg,1,NEUROG2,neg,1,0.030303030303030304,2.840909090909091
MEOX2_neg_1,LMX1B_neg_1,0.10666666666666667,0.10666666666666667,5,0.3125,2.9296875,0.021955555555555555,1.2993939393939393,0.7373134328358208,1,1,MEOX2,neg,1,LMX1B,neg,1,0.125,2.5634765625
NEUROG2_neg_1,LMX1B_neg_1,0.10666666666666667,0.10666666666666667,5,0.3125,2.9296875,0.021955555555555555,1.2993939393939393,0.7373134328358208,1,1,NEUROG2,neg,1,LMX1B,neg,1,0.030303030303030304,2.840909090909091
LMX1B_neg_1,MEOX2_neg_1,0.10666666666666667,0.10666666666666667,5,0.3125,2.9296875,0.021955555555555555,1.2993939393939393,0.7373134328358208,1,1,LMX1B,neg,1,MEOX2,neg,1,0.125,2.5634765625
MEOX2_neg_1,SHOX_neg_1,0.10666666666666667,0.10666666666666667,5,0.3125,2.9296875,0.021955555555555555,1.2993939393939393,0.7373134328358208,1,1,MEOX2,neg,1,SHOX,neg,1,0.09090909090909091,2.6633522727272725
SHOX_neg_1,MEOX2_neg_1,0.10666666666666667,0.10666666666666667,5,0.3125,2.9296875,0.021955555555555555,1.2993939393939393,0.7373134328358208,1,1,SHOX,neg,1,MEOX2,neg,1,0.09090909090909091,2.6633522727272725
ID4_pos_2,NEUROD1_pos_2,0.09333333333333334,0.14666666666666667,6,0.42857142857142855,2.922077922077922,0.02631111111111111,1.4933333333333334,0.7254901960784315,1,1,ID4,pos,2,NEUROD1,pos,2,0.16666666666666666,2.435064935064935
FOSB_pos_1,KLF16_pos_1,0.07333333333333333,0.28,9,0.8181818181818181,2.9220779220779214,0.039466666666666664,3.9599999999999986,0.709832134292566,1,1,FOSB,pos,1,KLF16,pos,1,0.06329113924050633,2.7371362814400784
SREBF2_neg_1,HIC2_neg_1,0.15333333333333332,0.18,12,0.5217391304347827,2.8985507246376816,0.0524,1.714545454545455,0.7736220472440944,1,1,SREBF2,neg,1,HIC2,neg,1,0.01639344262295082,2.8510334996436213
FOXP3_neg_4,TFAP2C_pos_1,0.04666666666666667,0.24666666666666667,5,0.7142857142857142,2.8957528957528953,0.021822222222222222,2.636666666666666,0.6867132867132867,1,1,FOXP3,neg,4,TFAP2C,pos,1,0.0,2.8957528957528953
FOXD2_neg_4,TFAP2C_pos_1,0.04666666666666667,0.24666666666666667,5,0.7142857142857142,2.8957528957528953,0.021822222222222222,2.636666666666666,0.6867132867132867,1,1,FOXD2,neg,4,TFAP2C,pos,1,0.0,2.8957528957528953
FOXI1_neg_4,TFAP2C_pos_1,0.04666666666666667,0.24666666666666667,5,0.7142857142857142,2.8957528957528953,0.021822222222222222,2.636666666666666,0.6867132867132867,1,1,FOXI1,neg,4,TFAP2C,pos,1,0.0,2.8957528957528953
JUN_pos_1,TFAP2C_pos_1,0.09333333333333334,0.24666666666666667,10,0.7142857142857142,2.8957528957528953,0.043644444444444444,2.636666666666666,0.7220588235294119,1,1,JUN,pos,1,TFAP2C,pos,1,0.05333333333333334,2.7413127413127407
FOXO6_neg_4,TFAP2C_pos_1,0.04666666666666667,0.24666666666666667,5,0.7142857142857142,2.8957528957528953,0.021822222222222222,2.636666666666666,0.6867132867132867,1,1,FOXO6,neg,4,TFAP2C,pos,1,0.0,2.8957528957528953
SCRT1_pos_1,TFAP2C_pos_1,0.09333333333333334,0.24666666666666667,10,0.7142857142857142,2.8957528957528953,0.043644444444444444,2.636666666666666,0.7220588235294119,1,1,SCRT1,pos,1,TFAP2C,pos,1,0.0547945205479452,2.7370815042047916
FOXO4_neg_4,TFAP2C_pos_1,0.04666666666666667,0.24666666666666667,5,0.7142857142857142,2.8957528957528953,0.021822222222222222,2.636666666666666,0.6867132867132867,1,1,FOXO4,neg,4,TFAP2C,pos,1,0.0,2.8957528957528953
FOSB_pos_1,SP8_pos_1,0.07333333333333333,0.22,7,0.6363636363636364,2.8925619834710745,0.030533333333333336,2.145,0.7060637204522097,1,1,FOSB,pos,1,SP8,pos,1,0.05084745762711865,2.745482560582715
ZNF740_neg_2,EWSR1-FLI1_neg_2,0.16666666666666666,0.18,13,0.52,2.8888888888888893,0.05666666666666667,1.7083333333333335,0.7846153846153846,1,1,ZNF740,neg,2,EWSR1-FLI1,neg,2,0.18181818181818182,2.3636363636363638
MAF_neg_2,TFAP2A_pos_1,0.08666666666666667,0.13333333333333333,5,0.3846153846153846,2.8846153846153846,0.021777777777777778,1.4083333333333332,0.7153284671532847,1,1,MAF,neg,2,TFAP2A,pos,1,0.0,2.8846153846153846
MSC_pos_2,NR2F2_neg_1,0.08666666666666667,0.13333333333333333,5,0.3846153846153846,2.8846153846153846,0.021777777777777778,1.4083333333333332,0.7153284671532847,1,1,MSC,pos,2,NR2F2,neg,1,0.0,2.8846153846153846
MAF_neg_2,TFAP2B_pos_1,0.08666666666666667,0.13333333333333333,5,0.3846153846153846,2.8846153846153846,0.021777777777777778,1.4083333333333332,0.7153284671532847,1,1,MAF,neg,2,TFAP2B,pos,1,0.0,2.8846153846153846
PKNOX2_pos_2,TFAP2B_pos_1,0.08666666666666667,0.13333333333333333,5,0.3846153846153846,2.8846153846153846,0.021777777777777778,1.4083333333333332,0.7153284671532847,1,1,PKNOX2,pos,2,TFAP2B,pos,1,0.0,2.8846153846153846
PKNOX2_pos_2,TFAP2A_pos_1,0.08666666666666667,0.13333333333333333,5,0.3846153846153846,2.8846153846153846,0.021777777777777778,1.4083333333333332,0.7153284671532847,1,1,PKNOX2,pos,2,TFAP2A,pos,1,0.0,2.8846153846153846
SREBF2_neg_1,NFIX_neg_1,0.15333333333333332,0.22666666666666666,15,0.6521739130434784,2.8772378516624046,0.06524444444444445,2.223333333333334,0.7706036745406825,1,1,SREBF2,neg,1,NFIX,neg,1,0.028985507246376812,2.793839653063494
ELF3_neg_1,NFIX_neg_1,0.15333333333333332,0.22666666666666666,15,0.6521739130434784,2.8772378516624046,0.06524444444444445,2.223333333333334,0.7706036745406825,1,1,ELF3,neg,1,NFIX,neg,1,0.030303030303030304,2.790048825854453
EWSR1-FLI1_neg_2,NFIC_neg_2,0.18,0.19333333333333333,15,0.5555555555555556,2.873563218390805,0.06520000000000001,1.815,0.7951219512195121,1,1,EWSR1-FLI1,neg,2,NFIC,neg,2,0.16129032258064516,2.410085279940675
TGIF2_pos_4,NFIC_neg_2,0.06,0.19333333333333333,5,0.5555555555555556,2.873563218390805,0.021733333333333334,1.815,0.6936170212765959,1,1,TGIF2,pos,4,NFIC,neg,2,0.0,2.873563218390805
TFAP2A_pos_1,KLF16_pos_1,0.13333333333333333,0.28,16,0.8,2.857142857142857,0.06933333333333333,3.6000000000000005,0.7499999999999999,1,1,TFAP2A,pos,1,KLF16,pos,1,0.1188118811881188,2.5176803394625176
POU2F2_neg_0,NEUROD1_neg_0,0.1,0.14,6,0.39999999999999997,2.8571428571428568,0.026,1.4333333333333331,0.7222222222222221,1,1,POU2F2,neg,0,NEUROD1,neg,0,0.125,2.4999999999999996
POU2F2_neg_0,NHLH1_pos_2,0.1,0.14,6,0.39999999999999997,2.8571428571428568,0.026,1.4333333333333331,0.7222222222222221,1,1,POU2F2,neg,0,NHLH1,pos,2,0.0,2.8571428571428568
NKX3-2_neg_1,NFIX_neg_1,0.11333333333333333,0.22666666666666666,11,0.6470588235294118,2.854671280276817,0.04764444444444445,2.1911111111111112,0.732740943267259,1,1,NKX3-2,neg,1,NFIX,neg,1,0.05,2.711937716262976
GSX1_neg_1,NFIX_neg_1,0.11333333333333333,0.22666666666666666,11,0.6470588235294118,2.854671280276817,0.04764444444444445,2.1911111111111112,0.732740943267259,1,1,GSX1,neg,1,NFIX,neg,1,0.07142857142857142,2.6507661888284733
HOXB3_neg_1,SREBF2_neg_1,0.10666666666666667,0.15333333333333332,7,0.4375,2.8532608695652177,0.030311111111111115,1.5051851851851852,0.7270788912579959,1,1,HOXB3,neg,1,SREBF2,neg,1,0.07142857142857142,2.649456521739131
MEOX2_neg_1,ELF3_neg_1,0.10666666666666667,0.15333333333333332,7,0.4375,2.8532608695652177,0.030311111111111115,1.5051851851851852,0.7270788912579959,1,1,MEOX2,neg,1,ELF3,neg,1,0.1282051282051282,2.4874581939799336
NOTO_pos_1,SP8_pos_1,0.10666666666666667,0.22,10,0.625,2.840909090909091,0.0432,2.08,0.7253731343283583,1,1,NOTO,pos,1,SP8,pos,1,0.03076923076923077,2.7534965034965033
LHX6_pos_1,SP8_pos_1,0.05333333333333334,0.22,5,0.625,2.840909090909091,0.0216,2.08,0.6845070422535212,1,1,LHX6,pos,1,SP8,pos,1,0.017241379310344827,2.79192789968652
MIXL1_neg_1,FOXP2_neg_1,0.08,0.14666666666666667,5,0.41666666666666663,2.840909090909091,0.0216,1.4628571428571426,0.7043478260869566,1,1,MIXL1,neg,1,FOXP2,neg,1,0.05,2.6988636363636362
FOXP1_pos_2,NEUROD1_pos_2,0.08,0.14666666666666667,5,0.41666666666666663,2.840909090909091,0.0216,1.4628571428571426,0.7043478260869566,1,1,FOXP1,pos,2,NEUROD1,pos,2,0.02564102564102564,2.7680652680652678
ZBTB18_pos_4,NEUROD1_pos_2,0.08,0.14666666666666667,5,0.41666666666666663,2.840909090909091,0.0216,1.4628571428571426,0.7043478260869566,1,1,ZBTB18,pos,4,NEUROD1,pos,2,0.0,2.840909090909091
IRF5_neg_2,NFIC_neg_2,0.07333333333333333,0.19333333333333333,6,0.5454545454545454,2.8213166144200628,0.025822222222222226,1.7746666666666664,0.696642685851319,1,1,IRF5,neg,2,NFIC,neg,2,0.08888888888888889,2.5705329153605017
BACH2_neg_2,FOSL2_pos_1,0.09333333333333334,0.12666666666666668,5,0.3571428571428571,2.8195488721804507,0.02151111111111111,1.3585185185185185,0.711764705882353,1,1,BACH2,neg,2,FOSL2,pos,1,0.05555555555555555,2.6629072681704256
SCRT1_pos_1,FOSL2_pos_1,0.09333333333333334,0.12666666666666668,5,0.3571428571428571,2.8195488721804507,0.02151111111111111,1.3585185185185185,0.711764705882353,1,1,SCRT1,pos,1,FOSL2,pos,1,0.0,2.8195488721804507
NR2F2_neg_1,FOXL1_neg_1,0.13333333333333333,0.26666666666666666,15,0.75,2.8125,0.06444444444444444,2.9333333333333336,0.7435897435897435,1,1,NR2F2,neg,1,FOXL1,neg,1,0.06153846153846154,2.639423076923077
NR4A2_neg_1,FOXL1_neg_1,0.08,0.26666666666666666,9,0.75,2.8125,0.03866666666666667,2.9333333333333336,0.7004830917874396,1,1,NR4A2,neg,1,FOXL1,neg,1,0.027777777777777776,2.734375
NKX3-2_neg_1,FOXP2_neg_1,0.11333333333333333,0.14666666666666667,7,0.411764705882353,2.807486631016043,0.030044444444444447,1.4506666666666668,0.7261009667024704,1,1,NKX3-2,neg,1,FOXP2,neg,1,0.020833333333333332,2.7489973262032086
T_neg_1,NFIX_neg_1,0.07333333333333333,0.22666666666666666,7,0.6363636363636364,2.807486631016043,0.030044444444444447,2.1266666666666665,0.6947584789311408,1,1,T,neg,1,NFIX,neg,1,0.03636363636363636,2.705396208070005
FOXG1_neg_1,ELF5_neg_1,0.09333333333333334,0.15333333333333332,6,0.42857142857142855,2.7950310559006213,0.02568888888888889,1.4816666666666667,0.7083333333333335,1,1,FOXG1,neg,1,ELF5,neg,1,0.07142857142857142,2.5953859804791484
FOXG1_neg_1,ELF3_neg_1,0.09333333333333334,0.15333333333333332,6,0.42857142857142855,2.7950310559006213,0.02568888888888889,1.4816666666666667,0.7083333333333335,1,1,FOXG1,neg,1,ELF3,neg,1,0.10256410256410256,2.508361204013378
SMAD2_pos_8,ELF5_neg_1,0.09333333333333334,0.15333333333333332,6,0.42857142857142855,2.7950310559006213,0.02568888888888889,1.4816666666666667,0.7083333333333335,1,1,SMAD2,pos,8,ELF5,neg,1,0.0,2.7950310559006213
EHF_neg_1,SREBF1_neg_1,0.14,0.15333333333333332,9,0.4285714285714285,2.795031055900621,0.03853333333333333,1.4816666666666665,0.7467700258397932,1,1,EHF,neg,1,SREBF1,neg,1,0.057692307692307696,2.6337792642140467
FOSL1_pos_1,TFAP2C_pos_1,0.10666666666666667,0.24666666666666667,11,0.6875,2.7871621621621623,0.047022222222222215,2.4106666666666667,0.7177747625508819,1,1,FOSL1,pos,1,TFAP2C,pos,1,0.05333333333333334,2.6385135135135136
NKX3-2_neg_1,MNX1_neg_1,0.11333333333333333,0.12666666666666668,6,0.35294117647058826,2.786377708978328,0.025644444444444445,1.3496969696969698,0.7230576441102757,1,1,NKX3-2,neg,1,MNX1,neg,1,0.05263157894736842,2.6397262506110475
NEUROD2_neg_1,MNX1_neg_1,0.11333333333333333,0.12666666666666668,6,0.35294117647058826,2.786377708978328,0.025644444444444445,1.3496969696969698,0.7230576441102757,1,1,NEUROD2,neg,1,MNX1,neg,1,0.02702702702702703,2.7110702033302654
EGR4_pos_5,NFIC_neg_2,0.08666666666666667,0.19333333333333333,7,0.5384615384615384,2.7851458885941645,0.029911111111111114,1.7477777777777777,0.7017726798748698,1,1,EGR4,pos,5,NFIC,neg,2,0.0,2.7851458885941645
NEUROD1_pos_2,ASCL1_pos_2,0.14666666666666667,0.18,11,0.5,2.7777777777777777,0.046933333333333334,1.6400000000000001,0.75,1,1,NEUROD1,pos,2,ASCL1,pos,2,0.16,2.333333333333333
TCF7L1_pos_4,ASCL1_pos_2,0.08,0.18,6,0.5,2.7777777777777777,0.0256,1.6400000000000001,0.6956521739130436,1,1,TCF7L1,pos,4,ASCL1,pos,2,0.0,2.7777777777777777
ATF4_pos_1,IRF3_pos_0,0.1,0.12,5,0.3333333333333333,2.7777777777777777,0.021333333333333333,1.3199999999999998,0.7111111111111111,1,1,ATF4,pos,1,IRF3,pos,0,0.0,2.7777777777777777
MAFK_pos_2,ASCL1_pos_2,0.06666666666666667,0.18,5,0.5,2.7777777777777777,0.021333333333333333,1.6400000000000001,0.6857142857142857,1,1,MAFK,pos,2,ASCL1,pos,2,0.13157894736842105,2.412280701754386
SRY_neg_1,ALX3_neg_1,0.1,0.12,5,0.3333333333333333,2.7777777777777777,0.021333333333333333,1.3199999999999998,0.7111111111111111,1,1,SRY,neg,1,ALX3,neg,1,0.0625,2.6041666666666665
TCF4_pos_2,ALX3_neg_1,0.1,0.12,5,0.3333333333333333,2.7777777777777777,0.021333333333333333,1.3199999999999998,0.7111111111111111,1,1,TCF4,pos,2,ALX3,neg,1,0.02631578947368421,2.7046783625730995
TFAP2B_neg_6,EWSR1-FLI1_neg_2,0.06666666666666667,0.18,5,0.5,2.7777777777777777,0.021333333333333333,1.6400000000000001,0.6857142857142857,1,1,TFAP2B,neg,6,EWSR1-FLI1,neg,2,0.0,2.7777777777777777
CEBPB_pos_1,ASCL1_pos_2,0.06666666666666667,0.18,5,0.5,2.7777777777777777,0.021333333333333333,1.6400000000000001,0.6857142857142857,1,1,CEBPB,pos,1,ASCL1,pos,2,0.0,2.7777777777777777
FOSL1_pos_1,EWSR1-FLI1_neg_2,0.10666666666666667,0.18,8,0.5,2.7777777777777777,0.034133333333333335,1.6400000000000001,0.7164179104477612,1,1,FOSL1,pos,1,EWSR1-FLI1,neg,2,0.0,2.7777777777777777
CEBPD_pos_1,ASCL1_pos_2,0.06666666666666667,0.18,5,0.5,2.7777777777777777,0.021333333333333333,1.6400000000000001,0.6857142857142857,1,1,CEBPD,pos,1,ASCL1,pos,2,0.0,2.7777777777777777
TCF7L1_pos_4,HIC2_neg_1,0.08,0.18,6,0.5,2.7777777777777777,0.0256,1.6400000000000001,0.6956521739130436,1,1,TCF7L1,pos,4,HIC2,neg,1,0.0,2.7777777777777777
CEBPE_pos_1,ASCL1_pos_2,0.06666666666666667,0.18,5,0.5,2.7777777777777777,0.021333333333333333,1.6400000000000001,0.6857142857142857,1,1,CEBPE,pos,1,ASCL1,pos,2,0.0,2.7777777777777777
BATF_neg_9,NFIX_neg_1,0.05333333333333334,0.22666666666666666,5,0.625,2.7573529411764706,0.021244444444444444,2.062222222222222,0.6732394366197184,1,1,BATF,neg,9,NFIX,neg,1,0.0,2.7573529411764706
LMX1B_neg_1,NFIX_neg_1,0.10666666666666667,0.22666666666666666,10,0.625,2.7573529411764706,0.04248888888888889,2.062222222222222,0.7134328358208956,1,1,LMX1B,neg,1,NFIX,neg,1,0.09090909090909091,2.5066844919786093
LMX1B_neg_1,NEUROD2_neg_1,0.10666666666666667,0.11333333333333333,5,0.3125,2.7573529411764706,0.021244444444444444,1.2896969696969698,0.7134328358208956,1,1,LMX1B,neg,1,NEUROD2,neg,1,0.029411764705882353,2.6762543252595155
NEUROG2_neg_1,GSX1_neg_1,0.10666666666666667,0.11333333333333333,5,0.3125,2.7573529411764706,0.021244444444444444,1.2896969696969698,0.7134328358208956,1,1,NEUROG2,neg,1,GSX1,neg,1,0.0,2.7573529411764706
SNAI2_pos_2,TFAP4_pos_2,0.10666666666666667,0.11333333333333333,5,0.3125,2.7573529411764706,0.021244444444444444,1.2896969696969698,0.7134328358208956,1,1,SNAI2,pos,2,TFAP4,pos,2,0.1111111111111111,2.4509803921568625
RORC_neg_1,NKX3-2_neg_1,0.10666666666666667,0.11333333333333333,5,0.3125,2.7573529411764706,0.021244444444444444,1.2896969696969698,0.7134328358208956,1,1,RORC,neg,1,NKX3-2,neg,1,0.058823529411764705,2.5951557093425603
NEUROG2_neg_1,NFIX_neg_1,0.10666666666666667,0.22666666666666666,10,0.625,2.7573529411764706,0.04248888888888889,2.062222222222222,0.7134328358208956,1,1,NEUROG2,neg,1,NFIX,neg,1,0.034482758620689655,2.662271805273834
SHOX_neg_1,NKX3-2_neg_1,0.10666666666666667,0.11333333333333333,5,0.3125,2.7573529411764706,0.021244444444444444,1.2896969696969698,0.7134328358208956,1,1,SHOX,neg,1,NKX3-2,neg,1,0.027777777777777776,2.6807598039215685
SRY_neg_1,FOXL1_neg_1,0.1,0.26666666666666666,11,0.7333333333333333,2.75,0.04666666666666666,2.7499999999999996,0.707070707070707,1,1,SRY,neg,1,FOXL1,neg,1,0.08620689655172414,2.5129310344827585
FOXP3_pos_2,NEUROD1_neg_0,0.08666666666666667,0.14,5,0.3846153846153846,2.747252747252747,0.021199999999999997,1.3975,0.6963503649635036,1,1,FOXP3,pos,2,NEUROD1,neg,0,0.024390243902439025,2.680246582685607
FOXO4_pos_2,NEUROD1_neg_0,0.08666666666666667,0.14,5,0.3846153846153846,2.747252747252747,0.021199999999999997,1.3975,0.6963503649635036,1,1,FOXO4,pos,2,NEUROD1,neg,0,0.024390243902439025,2.680246582685607
FOXI1_pos_2,NEUROD1_neg_0,0.08666666666666667,0.14,5,0.3846153846153846,2.747252747252747,0.021199999999999997,1.3975,0.6963503649635036,1,1,FOXI1,pos,2,NEUROD1,neg,0,0.024390243902439025,2.680246582685607
FOXO6_pos_2,NEUROD1_neg_0,0.08666666666666667,0.14,5,0.3846153846153846,2.747252747252747,0.021199999999999997,1.3975,0.6963503649635036,1,1,FOXO6,pos,2,NEUROD1,neg,0,0.024390243902439025,2.680246582685607
PKNOX2_pos_2,EHF_neg_1,0.08666666666666667,0.14,5,0.3846153846153846,2.747252747252747,0.021199999999999997,1.3975,0.6963503649635036,1,1,PKNOX2,pos,2,EHF,neg,1,0.02564102564102564,2.676810369118061
MEF2C_neg_4,EHF_neg_1,0.08666666666666667,0.14,5,0.3846153846153846,2.747252747252747,0.021199999999999997,1.3975,0.6963503649635036,1,1,MEF2C,neg,4,EHF,neg,1,0.0,2.747252747252747
FOXD2_pos_2,NEUROD1_neg_0,0.08666666666666667,0.14,5,0.3846153846153846,2.747252747252747,0.021199999999999997,1.3975,0.6963503649635036,1,1,FOXD2,pos,2,NEUROD1,neg,0,0.024390243902439025,2.680246582685607
JUNB_pos_1,KLF16_pos_1,0.11333333333333333,0.28,13,0.7647058823529412,2.73109243697479,0.054933333333333334,3.0600000000000005,0.7148640832851358,1,1,JUNB,pos,1,KLF16,pos,1,0.06976744186046512,2.540551104162595
RFX4_neg_0,ZNF740_neg_2,0.07333333333333333,0.16666666666666666,5,0.45454545454545453,2.7272727272727275,0.021111111111111112,1.527777777777778,0.683453237410072,1,1,RFX4,neg,0,ZNF740,neg,2,0.0,2.7272727272727275
TFAP2A_neg_6,ZNF740_neg_2,0.07333333333333333,0.16666666666666666,5,0.45454545454545453,2.7272727272727275,0.021111111111111112,1.527777777777778,0.683453237410072,1,1,TFAP2A,neg,6,ZNF740,neg,2,0.0,2.7272727272727275
IRF5_neg_2,ZNF740_neg_2,0.07333333333333333,0.16666666666666666,5,0.45454545454545453,2.7272727272727275,0.021111111111111112,1.527777777777778,0.683453237410072,1,1,IRF5,neg,2,ZNF740,neg,2,0.07692307692307693,2.517482517482518
ZEB1_neg_3,ZNF740_neg_2,0.07333333333333333,0.16666666666666666,5,0.45454545454545453,2.7272727272727275,0.021111111111111112,1.527777777777778,0.683453237410072,1,1,ZEB1,neg,3,ZNF740,neg,2,0.0,2.7272727272727275
T_neg_1,FOXL1_neg_1,0.07333333333333333,0.26666666666666666,8,0.7272727272727273,2.7272727272727275,0.03377777777777778,2.688888888888889,0.683453237410072,1,1,T,neg,1,FOXL1,neg,1,0.08771929824561403,2.488038277511962
SRY_neg_1,FOXP2_neg_1,0.1,0.14666666666666667,6,0.39999999999999997,2.727272727272727,0.025333333333333333,1.4222222222222218,0.7037037037037036,1,1,SRY,neg,1,FOXP2,neg,1,0.07317073170731707,2.5277161862527717
ZEB1_neg_4,SREBF2_neg_1,0.08,0.15333333333333332,5,0.41666666666666663,2.717391304347826,0.021066666666666668,1.4514285714285713,0.6869565217391305,1,1,ZEB1,neg,4,SREBF2,neg,1,0.0,2.717391304347826
RAX_neg_1,SREBF2_neg_1,0.08,0.15333333333333332,5,0.41666666666666663,2.717391304347826,0.021066666666666668,1.4514285714285713,0.6869565217391305,1,1,RAX,neg,1,SREBF2,neg,1,0.025,2.6494565217391304
CEBPA_pos_8,SREBF1_neg_1,0.08,0.15333333333333332,5,0.41666666666666663,2.717391304347826,0.021066666666666668,1.4514285714285713,0.6869565217391305,1,1,CEBPA,pos,8,SREBF1,neg,1,0.05,2.5815217391304346
RAX_neg_1,ELF3_neg_1,0.08,0.15333333333333332,5,0.41666666666666663,2.717391304347826,0.021066666666666668,1.4514285714285713,0.6869565217391305,1,1,RAX,neg,1,ELF3,neg,1,0.02702702702702703,2.6439482961222094
SPDEF_pos_1,TFAP2C_pos_1,0.06,0.24666666666666667,6,0.6666666666666667,2.702702702702703,0.0252,2.2600000000000002,0.6702127659574468,1,1,SPDEF,pos,1,TFAP2C,pos,1,0.024096385542168676,2.6375773363725177
FOS_pos_1,TFAP2C_pos_1,0.1,0.24666666666666667,10,0.6666666666666666,2.7027027027027026,0.041999999999999996,2.26,0.7,1,1,FOS,pos,1,TFAP2C,pos,1,0.03896103896103896,2.5974025974025974
SP8_pos_1,TFAP2C_pos_1,0.22,0.24666666666666667,22,0.6666666666666666,2.7027027027027026,0.0924,2.26,0.8076923076923076,1,1,SP8,pos,1,TFAP2C,pos,1,0.1326530612244898,2.344180915609487
ZNF740_neg_2,NFIC_neg_2,0.16666666666666666,0.19333333333333333,13,0.52,2.689655172413793,0.05444444444444445,1.6805555555555556,0.7538461538461538,1,1,ZNF740,neg,2,NFIC,neg,2,0.11290322580645161,2.3859844271412682
STAT1_pos_8,SREBF2_neg_1,0.11333333333333333,0.15333333333333332,7,0.411764705882353,2.6854219948849107,0.029288888888888892,1.4393333333333336,0.7078410311493017,1,1,STAT1,pos,8,SREBF2,neg,1,0.02,2.6317135549872126
GBX2_neg_1,SREBF2_neg_1,0.11333333333333333,0.15333333333333332,7,0.411764705882353,2.6854219948849107,0.029288888888888892,1.4393333333333336,0.7078410311493017,1,1,GBX2,neg,1,SREBF2,neg,1,0.046511627906976744,2.5605186462856127
GBX2_neg_1,ELF3_neg_1,0.11333333333333333,0.15333333333333332,7,0.411764705882353,2.6854219948849107,0.029288888888888892,1.4393333333333336,0.7078410311493017,1,1,GBX2,neg,1,ELF3,neg,1,0.05,2.551150895140665
NEUROD2_neg_1,ELF3_neg_1,0.11333333333333333,0.15333333333333332,7,0.411764705882353,2.6854219948849107,0.029288888888888892,1.4393333333333336,0.7078410311493017,1,1,NEUROD2,neg,1,ELF3,neg,1,0.023809523809523808,2.6214833759590794
GSX1_neg_1,SREBF1_neg_1,0.11333333333333333,0.15333333333333332,7,0.411764705882353,2.6854219948849107,0.029288888888888892,1.4393333333333336,0.7078410311493017,1,1,GSX1,neg,1,SREBF1,neg,1,0.044444444444444446,2.566069906223359
TFAP2B_pos_1,KLF16_pos_1,0.13333333333333333,0.28,15,0.75,2.6785714285714284,0.06266666666666668,2.88,0.7230769230769232,1,1,TFAP2B,pos,1,KLF16,pos,1,0.08333333333333333,2.455357142857143
FOSL1_neg_6,FOXL1_neg_1,0.04666666666666667,0.26666666666666666,5,0.7142857142857142,2.6785714285714284,0.020888888888888887,2.566666666666666,0.6573426573426573,1,1,FOSL1,neg,6,FOXL1,neg,1,0.0,2.6785714285714284
POU4F3_pos_4,NEUROD1_neg_1,0.04666666666666667,0.32,6,0.8571428571428571,2.6785714285714284,0.025066666666666668,4.759999999999998,0.6573426573426573,1,1,POU4F3,pos,4,NEUROD1,neg,1,0.02631578947368421,2.608082706766917
HIF1A_pos_1,KLF16_pos_1,0.05333333333333334,0.28,6,0.75,2.6785714285714284,0.025066666666666668,2.88,0.6619718309859155,1,1,HIF1A,pos,1,KLF16,pos,1,0.012195121951219513,2.6459059233449476
FOXP2_neg_1,ELF5_neg_1,0.14666666666666667,0.15333333333333332,9,0.40909090909090906,2.6679841897233203,0.037511111111111106,1.4328205128205127,0.7326388888888888,1,1,FOXP2,neg,1,ELF5,neg,1,0.037037037037037035,2.5691699604743086
FOXP2_neg_1,ELF3_neg_1,0.14666666666666667,0.15333333333333332,9,0.40909090909090906,2.6679841897233203,0.037511111111111106,1.4328205128205127,0.7326388888888888,1,1,FOXP2,neg,1,ELF3,neg,1,0.058823529411764705,2.5110439432690073
ELF5_neg_1,HIC2_neg_1,0.15333333333333332,0.18,11,0.4782608695652174,2.6570048309178746,0.045733333333333334,1.5716666666666668,0.7365783822476736,1,1,ELF5,neg,1,HIC2,neg,1,0.03389830508474576,2.566936870547777
ALX3_neg_1,FOXP2_neg_1,0.12,0.14666666666666667,7,0.3888888888888889,2.6515151515151514,0.029066666666666668,1.3963636363636363,0.7077922077922078,1,1,ALX3,neg,1,FOXP2,neg,1,0.043478260869565216,2.536231884057971
ATF4_pos_1,FOSL2_pos_1,0.1,0.12666666666666668,5,0.3333333333333333,2.631578947368421,0.020666666666666667,1.3099999999999998,0.6888888888888889,1,1,ATF4,pos,1,FOSL2,pos,1,0.02702702702702703,2.5604551920341394
MNX1_neg_1,HIC2_neg_1,0.12666666666666668,0.18,9,0.4736842105263157,2.631578947368421,0.0372,1.5579999999999998,0.7099236641221374,1,1,MNX1,neg,1,HIC2,neg,1,0.058823529411764705,2.4767801857585137
POU2F2_neg_0,MNX1_neg_1,0.1,0.12666666666666668,5,0.3333333333333333,2.631578947368421,0.020666666666666667,1.3099999999999998,0.6888888888888889,1,1,POU2F2,neg,0,MNX1,neg,1,0.0,2.631578947368421
SRY_neg_1,MNX1_neg_1,0.1,0.12666666666666668,5,0.3333333333333333,2.631578947368421,0.020666666666666667,1.3099999999999998,0.6888888888888889,1,1,SRY,neg,1,MNX1,neg,1,0.029411764705882353,2.5541795665634672
SNAI2_pos_2,ZNF740_neg_2,0.10666666666666667,0.16666666666666666,7,0.4375,2.625,0.02888888888888889,1.4814814814814816,0.6929637526652453,1,1,SNAI2,pos,2,ZNF740,neg,2,0.0,2.625
FOXI1_pos_2,NEUROD1_pos_2,0.08666666666666667,0.14666666666666667,5,0.3846153846153846,2.622377622377622,0.020622222222222222,1.3866666666666665,0.6773722627737226,1,1,FOXI1,pos,2,NEUROD1,pos,2,0.025,2.5568181818181817
FOXO4_pos_2,NEUROD1_pos_2,0.08666666666666667,0.14666666666666667,5,0.3846153846153846,2.622377622377622,0.020622222222222222,1.3866666666666665,0.6773722627737226,1,1,FOXO4,pos,2,NEUROD1,pos,2,0.025,2.5568181818181817
FOXD2_pos_2,NEUROD1_pos_2,0.08666666666666667,0.14666666666666667,5,0.3846153846153846,2.622377622377622,0.020622222222222222,1.3866666666666665,0.6773722627737226,1,1,FOXD2,pos,2,NEUROD1,pos,2,0.025,2.5568181818181817
FOXO6_pos_2,NEUROD1_pos_2,0.08666666666666667,0.14666666666666667,5,0.3846153846153846,2.622377622377622,0.020622222222222222,1.3866666666666665,0.6773722627737226,1,1,FOXO6,pos,2,NEUROD1,pos,2,0.025,2.5568181818181817
FOXP3_pos_2,NEUROD1_pos_2,0.08666666666666667,0.14666666666666667,5,0.3846153846153846,2.622377622377622,0.020622222222222222,1.3866666666666665,0.6773722627737226,1,1,FOXP3,pos,2,NEUROD1,pos,2,0.025,2.5568181818181817
HOXB2_neg_1,HIC2_neg_1,0.11333333333333333,0.18,8,0.4705882352941177,2.6143790849673207,0.03293333333333334,1.5488888888888892,0.6964285714285715,1,1,HOXB2,neg,1,HIC2,neg,1,0.0196078431372549,2.5631167499679615
NKX3-2_neg_1,HIC2_neg_1,0.11333333333333333,0.18,8,0.4705882352941177,2.6143790849673207,0.03293333333333334,1.5488888888888892,0.6964285714285715,1,1,NKX3-2,neg,1,HIC2,neg,1,0.038461538461538464,2.5138260432378083
ELF3_neg_1,FOXL1_neg_1,0.15333333333333332,0.26666666666666666,16,0.6956521739130436,2.6086956521739135,0.0657777777777778,2.4095238095238103,0.7283464566929135,1,1,ELF3,neg,1,FOXL1,neg,1,0.028169014084507043,2.5352112676056344
POU2F2_neg_0,SREBF2_neg_1,0.1,0.15333333333333332,6,0.39999999999999997,2.608695652173913,0.02466666666666667,1.411111111111111,0.6851851851851852,1,1,POU2F2,neg,0,SREBF2,neg,1,0.0,2.608695652173913
SRY_neg_1,ELF5_neg_1,0.1,0.15333333333333332,6,0.39999999999999997,2.608695652173913,0.02466666666666667,1.411111111111111,0.6851851851851852,1,1,SRY,neg,1,ELF5,neg,1,0.13513513513513514,2.256169212690952
TCF3_pos_2,ELF3_neg_1,0.1,0.15333333333333332,6,0.39999999999999997,2.608695652173913,0.02466666666666667,1.411111111111111,0.6851851851851852,1,1,TCF3,pos,2,ELF3,neg,1,0.023255813953488372,2.5480283114256825
POU2F2_neg_0,SREBF1_neg_1,0.1,0.15333333333333332,6,0.39999999999999997,2.608695652173913,0.02466666666666667,1.411111111111111,0.6851851851851852,1,1,POU2F2,neg,0,SREBF1,neg,1,0.0,2.608695652173913
SRY_neg_1,ELF3_neg_1,0.1,0.15333333333333332,6,0.39999999999999997,2.608695652173913,0.02466666666666667,1.411111111111111,0.6851851851851852,1,1,SRY,neg,1,ELF3,neg,1,0.1111111111111111,2.318840579710145
TCF4_pos_2,ELF3_neg_1,0.1,0.15333333333333332,6,0.39999999999999997,2.608695652173913,0.02466666666666667,1.411111111111111,0.6851851851851852,1,1,TCF4,pos,2,ELF3,neg,1,0.022727272727272728,2.549407114624506
JUND_pos_1,TFAP2C_pos_1,0.09333333333333334,0.24666666666666667,9,0.6428571428571428,2.6061776061776056,0.036977777777777776,2.109333333333333,0.6797385620915033,1,1,JUND,pos,1,TFAP2C,pos,1,0.04,2.5019305019305014
HES5_pos_1,TFAP2C_pos_1,0.09333333333333334,0.24666666666666667,9,0.6428571428571428,2.6061776061776056,0.036977777777777776,2.109333333333333,0.6797385620915033,1,1,HES5,pos,1,TFAP2C,pos,1,0.02702702702702703,2.535740373578211
RXRA_neg_9,NEUROD1_neg_1,0.04,0.32,5,0.8333333333333333,2.6041666666666665,0.020533333333333334,4.079999999999997,0.6416666666666667,1,1,RXRA,neg,9,NEUROD1,neg,1,0.0,2.6041666666666665
NHLH1_pos_2,NEUROD1_pos_2,0.14,0.14666666666666667,8,0.38095238095238093,2.5974025974025974,0.0328,1.3784615384615384,0.7151162790697675,1,1,NHLH1,pos,2,NEUROD1,pos,2,0.13333333333333333,2.2510822510822512
HES5_pos_1,SP8_pos_1,0.09333333333333334,0.22,8,0.5714285714285714,2.5974025974025974,0.0328,1.8199999999999998,0.6783088235294118,1,1,HES5,pos,1,SP8,pos,1,0.03076923076923077,2.5174825174825175
TFAP4_pos_2,JUNB_pos_1,0.11333333333333333,0.11333333333333333,5,0.29411764705882354,2.595155709342561,0.02048888888888889,1.2561111111111114,0.6932330827067669,1,1,TFAP4,pos,2,JUNB,pos,1,0.0,2.595155709342561
GSX1_neg_1,NEUROD2_neg_1,0.11333333333333333,0.11333333333333333,5,0.29411764705882354,2.595155709342561,0.02048888888888889,1.2561111111111114,0.6932330827067669,1,1,GSX1,neg,1,NEUROD2,neg,1,0.0,2.595155709342561
JUNB_pos_1,TFAP4_pos_2,0.11333333333333333,0.11333333333333333,5,0.29411764705882354,2.595155709342561,0.02048888888888889,1.2561111111111114,0.6932330827067669,1,1,JUNB,pos,1,TFAP4,pos,2,0.0,2.595155709342561
NKX3-2_neg_1,GSX1_neg_1,0.11333333333333333,0.11333333333333333,5,0.29411764705882354,2.595155709342561,0.02048888888888889,1.2561111111111114,0.6932330827067669,1,1,NKX3-2,neg,1,GSX1,neg,1,0.027777777777777776,2.523068050749712
GSX1_neg_1,NKX3-2_neg_1,0.11333333333333333,0.11333333333333333,5,0.29411764705882354,2.595155709342561,0.02048888888888889,1.2561111111111114,0.6932330827067669,1,1,GSX1,neg,1,NKX3-2,neg,1,0.027777777777777776,2.523068050749712
NEUROD2_neg_1,GSX1_neg_1,0.11333333333333333,0.11333333333333333,5,0.29411764705882354,2.595155709342561,0.02048888888888889,1.2561111111111114,0.6932330827067669,1,1,NEUROD2,neg,1,GSX1,neg,1,0.0,2.595155709342561
STAT1_pos_8,GBX2_neg_1,0.11333333333333333,0.11333333333333333,5,0.29411764705882354,2.595155709342561,0.02048888888888889,1.2561111111111114,0.6932330827067669,1,1,STAT1,pos,8,GBX2,neg,1,0.0,2.595155709342561
GBX2_neg_1,STAT1_pos_8,0.11333333333333333,0.11333333333333333,5,0.29411764705882354,2.595155709342561,0.02048888888888889,1.2561111111111114,0.6932330827067669,1,1,GBX2,neg,1,STAT1,pos,8,0.0,2.595155709342561
NEUROD2_neg_1,NFIX_neg_1,0.11333333333333333,0.22666666666666666,10,0.5882352941176471,2.595155709342561,0.04097777777777778,1.878095238095238,0.6932330827067669,1,1,NEUROD2,neg,1,NFIX,neg,1,0.016666666666666666,2.5519031141868513
NFE2_pos_1,EWSR1-FLI1_neg_2,0.1,0.18,7,0.4666666666666667,2.5925925925925926,0.02866666666666667,1.5375,0.6825396825396826,1,1,NFE2,pos,1,EWSR1-FLI1,neg,2,0.0,2.5925925925925926
SP2_neg_7,EWSR1-FLI1_neg_2,0.1,0.18,7,0.4666666666666667,2.5925925925925926,0.02866666666666667,1.5375,0.6825396825396826,1,1,SP2,neg,7,EWSR1-FLI1,neg,2,0.0,2.5925925925925926
FOS_pos_1,EWSR1-FLI1_neg_2,0.1,0.18,7,0.4666666666666667,2.5925925925925926,0.02866666666666667,1.5375,0.6825396825396826,1,1,FOS,pos,1,EWSR1-FLI1,neg,2,0.038461538461538464,2.492877492877493
TFAP2B_neg_6,NFIC_neg_2,0.06666666666666667,0.19333333333333333,5,0.5,2.586206896551724,0.020444444444444446,1.6133333333333333,0.6571428571428573,1,1,TFAP2B,neg,6,NFIC,neg,2,0.0,2.586206896551724
FOSB_pos_1,TFAP2C_pos_1,0.07333333333333333,0.24666666666666667,7,0.6363636363636364,2.5798525798525795,0.02857777777777778,2.0716666666666663,0.6608427543679342,1,1,FOSB,pos,1,TFAP2C,pos,1,0.028985507246376812,2.5050742442046787
ID4_pos_2,ZNF740_neg_2,0.09333333333333334,0.16666666666666666,6,0.42857142857142855,2.5714285714285716,0.024444444444444446,1.4583333333333335,0.6740196078431374,1,1,ID4,pos,2,ZNF740,neg,2,0.0,2.5714285714285716
SPDEF_neg_1,ASCL1_pos_2,0.08666666666666667,0.18,6,0.4615384615384615,2.564102564102564,0.0244,1.5228571428571427,0.6678832116788321,1,1,SPDEF,neg,1,ASCL1,pos,2,0.0,2.564102564102564
MAF_neg_2,EWSR1-FLI1_neg_2,0.08666666666666667,0.18,6,0.4615384615384615,2.564102564102564,0.0244,1.5228571428571427,0.6678832116788321,1,1,MAF,neg,2,EWSR1-FLI1,neg,2,0.06818181818181818,2.3892773892773893
RORC_neg_1,FOXP2_neg_1,0.10666666666666667,0.14666666666666667,6,0.375,2.5568181818181817,0.024355555555555554,1.3653333333333333,0.681592039800995,1,1,RORC,neg,1,FOXP2,neg,1,0.0975609756097561,2.307372505543237
HOXB3_neg_1,FOXP2_neg_1,0.10666666666666667,0.14666666666666667,6,0.375,2.5568181818181817,0.024355555555555554,1.3653333333333333,0.681592039800995,1,1,HOXB3,neg,1,FOXP2,neg,1,0.09523809523809523,2.313311688311688
SHOX_neg_1,FOXP2_neg_1,0.10666666666666667,0.14666666666666667,6,0.375,2.5568181818181817,0.024355555555555554,1.3653333333333333,0.681592039800995,1,1,SHOX,neg,1,FOXP2,neg,1,0.045454545454545456,2.440599173553719
NEUROG2_neg_1,FOXP2_neg_1,0.10666666666666667,0.14666666666666667,6,0.375,2.5568181818181817,0.024355555555555554,1.3653333333333333,0.681592039800995,1,1,NEUROG2,neg,1,FOXP2,neg,1,0.022222222222222223,2.4999999999999996
MNX1_neg_1,NFIX_neg_1,0.12666666666666668,0.22666666666666666,11,0.5789473684210525,2.5541795665634672,0.04462222222222222,1.8366666666666662,0.6967383761276891,1,1,MNX1,neg,1,NFIX,neg,1,0.08620689655172414,2.3339916728942027
ELF3_neg_1,SREBF1_neg_1,0.15333333333333332,0.15333333333333332,9,0.391304347826087,2.5519848771266544,0.03648888888888889,1.390952380952381,0.7182852143482066,1,1,ELF3,neg,1,SREBF1,neg,1,0.0784313725490196,2.35182920048927
SREBF1_neg_1,ELF3_neg_1,0.15333333333333332,0.15333333333333332,9,0.391304347826087,2.5519848771266544,0.03648888888888889,1.390952380952381,0.7182852143482066,1,1,SREBF1,neg,1,ELF3,neg,1,0.0784313725490196,2.35182920048927
SREBF2_neg_1,ELF3_neg_1,0.15333333333333332,0.15333333333333332,9,0.391304347826087,2.5519848771266544,0.03648888888888889,1.390952380952381,0.7182852143482066,1,1,SREBF2,neg,1,ELF3,neg,1,0.06,2.398865784499055
SREBF1_neg_1,ELF5_neg_1,0.15333333333333332,0.15333333333333332,9,0.391304347826087,2.5519848771266544,0.03648888888888889,1.390952380952381,0.7182852143482066,1,1,SREBF1,neg,1,ELF5,neg,1,0.017857142857142856,2.5064137186065354
SREBF2_neg_1,ELF5_neg_1,0.15333333333333332,0.15333333333333332,9,0.391304347826087,2.5519848771266544,0.03648888888888889,1.390952380952381,0.7182852143482066,1,1,SREBF2,neg,1,ELF5,neg,1,0.018518518518518517,2.5047258979206055
ELF5_neg_1,SREBF1_neg_1,0.15333333333333332,0.15333333333333332,9,0.391304347826087,2.5519848771266544,0.03648888888888889,1.390952380952381,0.7182852143482066,1,1,ELF5,neg,1,SREBF1,neg,1,0.017857142857142856,2.5064137186065354
ELF5_neg_1,SREBF2_neg_1,0.15333333333333332,0.15333333333333332,9,0.391304347826087,2.5519848771266544,0.03648888888888889,1.390952380952381,0.7182852143482066,1,1,ELF5,neg,1,SREBF2,neg,1,0.018518518518518517,2.5047258979206055
ELF3_neg_1,SREBF2_neg_1,0.15333333333333332,0.15333333333333332,9,0.391304347826087,2.5519848771266544,0.03648888888888889,1.390952380952381,0.7182852143482066,1,1,ELF3,neg,1,SREBF2,neg,1,0.06,2.398865784499055
FOXO4_neg_4,KLF16_pos_1,0.04666666666666667,0.28,5,0.7142857142857142,2.551020408163265,0.020266666666666662,2.519999999999999,0.6377622377622376,1,1,FOXO4,neg,4,KLF16,pos,1,0.0,2.551020408163265
RARA_pos_4,KLF16_pos_1,0.04666666666666667,0.28,5,0.7142857142857142,2.551020408163265,0.020266666666666662,2.519999999999999,0.6377622377622376,1,1,RARA,pos,4,KLF16,pos,1,0.0,2.551020408163265
FOXO6_neg_4,KLF16_pos_1,0.04666666666666667,0.28,5,0.7142857142857142,2.551020408163265,0.020266666666666662,2.519999999999999,0.6377622377622376,1,1,FOXO6,neg,4,KLF16,pos,1,0.0,2.551020408163265
FOXD2_neg_4,KLF16_pos_1,0.04666666666666667,0.28,5,0.7142857142857142,2.551020408163265,0.020266666666666662,2.519999999999999,0.6377622377622376,1,1,FOXD2,neg,4,KLF16,pos,1,0.0,2.551020408163265
HES5_pos_1,KLF16_pos_1,0.09333333333333334,0.28,10,0.7142857142857142,2.551020408163265,0.040533333333333324,2.519999999999999,0.6705882352941176,1,1,HES5,pos,1,KLF16,pos,1,0.047058823529411764,2.4309723889555817
JUN_pos_1,KLF16_pos_1,0.09333333333333334,0.28,10,0.7142857142857142,2.551020408163265,0.040533333333333324,2.519999999999999,0.6705882352941176,1,1,JUN,pos,1,KLF16,pos,1,0.05747126436781609,2.4044100398780195
FOXI1_neg_4,KLF16_pos_1,0.04666666666666667,0.28,5,0.7142857142857142,2.551020408163265,0.020266666666666662,2.519999999999999,0.6377622377622376,1,1,FOXI1,neg,4,KLF16,pos,1,0.0,2.551020408163265
FOXP3_neg_4,KLF16_pos_1,0.04666666666666667,0.28,5,0.7142857142857142,2.551020408163265,0.020266666666666662,2.519999999999999,0.6377622377622376,1,1,FOXP3,neg,4,KLF16,pos,1,0.0,2.551020408163265
NEUROG2_neg_1,NEUROD1_neg_1,0.10666666666666667,0.32,13,0.8125,2.5390625,0.052533333333333335,3.6266666666666665,0.6785304247990815,1,1,NEUROG2,neg,1,NEUROD1,neg,1,0.10256410256410256,2.2786458333333335
NFIX_neg_1,FOXL1_neg_1,0.22666666666666666,0.26666666666666666,23,0.676470588235294,2.536764705882353,0.09288888888888888,2.266666666666666,0.7833583208395802,1,1,NFIX,neg,1,FOXL1,neg,1,0.12345679012345678,2.2235838779956425
ALX3_neg_1,ELF3_neg_1,0.12,0.15333333333333332,7,0.3888888888888889,2.536231884057971,0.028266666666666673,1.3854545454545453,0.6883116883116884,1,1,ALX3,neg,1,ELF3,neg,1,0.047619047619047616,2.4154589371980677
EGR1_neg_7,TFAP2C_pos_1,0.05333333333333334,0.24666666666666667,5,0.625,2.5337837837837838,0.020177777777777774,2.008888888888889,0.6394366197183098,1,1,EGR1,neg,7,TFAP2C,pos,1,0.0,2.5337837837837838
SPDEF_pos_1,SP8_pos_1,0.06,0.22,5,0.5555555555555556,2.5252525252525255,0.020133333333333333,1.7550000000000001,0.6425531914893617,1,1,SPDEF,pos,1,SP8,pos,1,0.013333333333333334,2.491582491582492
SIX2_neg_4,EWSR1-FLI1_neg_2,0.07333333333333333,0.18,5,0.45454545454545453,2.525252525252525,0.020133333333333333,1.5033333333333336,0.6517985611510791,1,1,SIX2,neg,4,EWSR1-FLI1,neg,2,0.0,2.525252525252525
ZEB1_neg_3,EWSR1-FLI1_neg_2,0.07333333333333333,0.18,5,0.45454545454545453,2.525252525252525,0.020133333333333333,1.5033333333333336,0.6517985611510791,1,1,ZEB1,neg,3,EWSR1-FLI1,neg,2,0.0,2.525252525252525
EGR3_neg_7,EWSR1-FLI1_neg_2,0.07333333333333333,0.18,5,0.45454545454545453,2.525252525252525,0.020133333333333333,1.5033333333333336,0.6517985611510791,1,1,EGR3,neg,7,EWSR1-FLI1,neg,2,0.0,2.525252525252525
TBX19_neg_1,HIC2_neg_1,0.07333333333333333,0.18,5,0.45454545454545453,2.525252525252525,0.020133333333333333,1.5033333333333336,0.6517985611510791,1,1,TBX19,neg,1,HIC2,neg,1,0.022222222222222223,2.4691358024691357
TFAP2A_neg_6,ASCL1_pos_2,0.07333333333333333,0.18,5,0.45454545454545453,2.525252525252525,0.020133333333333333,1.5033333333333336,0.6517985611510791,1,1,TFAP2A,neg,6,ASCL1,pos,2,0.0,2.525252525252525
NEUROD2_neg_1,SP2_neg_8,0.11333333333333333,0.14,6,0.35294117647058826,2.5210084033613445,0.024133333333333333,1.3290909090909093,0.6804511278195489,1,1,NEUROD2,neg,1,SP2,neg,8,0.0,2.5210084033613445
NKX3-2_neg_1,NHLH1_pos_2,0.11333333333333333,0.14,6,0.35294117647058826,2.5210084033613445,0.024133333333333333,1.3290909090909093,0.6804511278195489,1,1,NKX3-2,neg,1,NHLH1,pos,2,0.022727272727272728,2.4637127578304048
GBX2_neg_1,EHF_neg_1,0.11333333333333333,0.14,6,0.35294117647058826,2.5210084033613445,0.024133333333333333,1.3290909090909093,0.6804511278195489,1,1,GBX2,neg,1,EHF,neg,1,0.05,2.3949579831932772
NEUROD2_neg_1,EHF_neg_1,0.11333333333333333,0.14,6,0.35294117647058826,2.5210084033613445,0.024133333333333333,1.3290909090909093,0.6804511278195489,1,1,NEUROD2,neg,1,EHF,neg,1,0.023809523809523808,2.460984393757503
FOXG1_neg_1,NFIX_neg_1,0.09333333333333334,0.22666666666666666,8,0.5714285714285714,2.5210084033613445,0.03217777777777778,1.8044444444444443,0.6654411764705882,1,1,FOXG1,neg,1,NFIX,neg,1,0.07017543859649122,2.344095532950022
EHF_neg_1,NFIX_neg_1,0.14,0.22666666666666666,12,0.5714285714285714,2.5210084033613445,0.048266666666666666,1.8044444444444443,0.7015503875968992,1,1,EHF,neg,1,NFIX,neg,1,0.07936507936507936,2.3209283713485394
STAT1_pos_8,EHF_neg_1,0.11333333333333333,0.14,6,0.35294117647058826,2.5210084033613445,0.024133333333333333,1.3290909090909093,0.6804511278195489,1,1,STAT1,pos,8,EHF,neg,1,0.0,2.5210084033613445
NKX3-2_neg_1,EHF_neg_1,0.11333333333333333,0.14,6,0.35294117647058826,2.5210084033613445,0.024133333333333333,1.3290909090909093,0.6804511278195489,1,1,NKX3-2,neg,1,EHF,neg,1,0.022727272727272728,2.4637127578304048
MNX1_neg_1,FOXP2_neg_1,0.12666666666666668,0.14666666666666667,7,0.3684210526315789,2.511961722488038,0.02808888888888889,1.3511111111111112,0.6892039258451471,1,1,MNX1,neg,1,FOXP2,neg,1,0.08888888888888889,2.288676236044657
TFAP2C_pos_1,KLF16_pos_1,0.24666666666666667,0.28,26,0.7027027027027027,2.5096525096525095,0.10426666666666666,2.421818181818182,0.7985023825731791,1,1,TFAP2C,pos,1,KLF16,pos,1,0.17699115044247787,2.06546622475826
MEF2C_neg_4,ELF3_neg_1,0.08666666666666667,0.15333333333333332,5,0.3846153846153846,2.508361204013378,0.020044444444444445,1.3758333333333332,0.6583941605839416,1,1,MEF2C,neg,4,ELF3,neg,1,0.0,2.508361204013378
MSC_pos_2,SREBF2_neg_1,0.08666666666666667,0.15333333333333332,5,0.3846153846153846,2.508361204013378,0.020044444444444445,1.3758333333333332,0.6583941605839416,1,1,MSC,pos,2,SREBF2,neg,1,0.0,2.508361204013378
PKNOX2_pos_2,ELF3_neg_1,0.08666666666666667,0.15333333333333332,5,0.3846153846153846,2.508361204013378,0.020044444444444445,1.3758333333333332,0.6583941605839416,1,1,PKNOX2,pos,2,ELF3,neg,1,0.02564102564102564,2.444044250064317
ZSCAN4_neg_3,SREBF2_neg_1,0.08666666666666667,0.15333333333333332,5,0.3846153846153846,2.508361204013378,0.020044444444444445,1.3758333333333332,0.6583941605839416,1,1,ZSCAN4,neg,3,SREBF2,neg,1,0.0,2.508361204013378
ZEB1_neg_4,FOXL1_neg_1,0.08,0.26666666666666666,8,0.6666666666666667,2.5000000000000004,0.032,2.2000000000000006,0.6521739130434782,1,1,ZEB1,neg,4,FOXL1,neg,1,0.0,2.5000000000000004
HOXC12_neg_1,FOXL1_neg_1,0.06,0.26666666666666666,6,0.6666666666666667,2.5000000000000004,0.024,2.2000000000000006,0.6382978723404256,1,1,HOXC12,neg,1,FOXL1,neg,1,0.03636363636363636,2.4090909090909096
NFE2_pos_1,TFAP2B_pos_1,0.1,0.13333333333333333,5,0.3333333333333333,2.5,0.019999999999999997,1.2999999999999998,0.6666666666666666,1,1,NFE2,pos,1,TFAP2B,pos,1,0.0,2.5
ZBTB18_pos_4,ZNF740_neg_2,0.08,0.16666666666666666,5,0.41666666666666663,2.5,0.02,1.4285714285714286,0.6521739130434783,1,1,ZBTB18,pos,4,ZNF740,neg,2,0.023809523809523808,2.4404761904761902
NFE2_pos_1,TFAP2A_pos_1,0.1,0.13333333333333333,5,0.3333333333333333,2.5,0.019999999999999997,1.2999999999999998,0.6666666666666666,1,1,NFE2,pos,1,TFAP2A,pos,1,0.01818181818181818,2.4545454545454546
EHF_neg_1,FOXL1_neg_1,0.14,0.26666666666666666,14,0.6666666666666666,2.5,0.056,2.1999999999999997,0.6976744186046512,1,1,EHF,neg,1,FOXL1,neg,1,0.057971014492753624,2.3550724637681157
ELF5_neg_1,NFIX_neg_1,0.15333333333333332,0.22666666666666666,13,0.5652173913043479,2.4936061381074173,0.051911111111111116,1.7786666666666668,0.707450030284676,1,1,ELF5,neg,1,NFIX,neg,1,0.07692307692307693,2.301790281329924
SREBF1_neg_1,NFIX_neg_1,0.15333333333333332,0.22666666666666666,13,0.5652173913043479,2.4936061381074173,0.051911111111111116,1.7786666666666668,0.707450030284676,1,1,SREBF1,neg,1,NFIX,neg,1,0.04285714285714286,2.3867373036170996
EHF_neg_1,SREBF2_neg_1,0.14,0.15333333333333332,8,0.38095238095238093,2.4844720496894412,0.03186666666666667,1.3676923076923078,0.6947674418604651,1,1,EHF,neg,1,SREBF2,neg,1,0.0392156862745098,2.387041773231032
NFIX_neg_1,NEUROD1_neg_1,0.22666666666666666,0.32,27,0.7941176470588236,2.481617647058824,0.10746666666666667,3.302857142857144,0.7720306513409962,1,1,NFIX,neg,1,NEUROD1,neg,1,0.10891089108910891,2.2113424577751895
MEOX2_neg_1,NFIX_neg_1,0.10666666666666667,0.22666666666666666,9,0.5624999999999999,2.4816176470588234,0.03582222222222222,1.7676190476190472,0.6683250414593699,1,1,MEOX2,neg,1,NFIX,neg,1,0.03333333333333333,2.3988970588235294
SNAI2_pos_2,NFIX_neg_1,0.10666666666666667,0.22666666666666666,9,0.5624999999999999,2.4816176470588234,0.03582222222222222,1.7676190476190472,0.6683250414593699,1,1,SNAI2,pos,2,NFIX,neg,1,0.0,2.4816176470588234
IRF5_neg_2,SP8_pos_1,0.07333333333333333,0.22,6,0.5454545454545454,2.4793388429752063,0.023866666666666668,1.716,0.643884892086331,1,1,IRF5,neg,2,SP8,pos,1,0.03333333333333333,2.3966942148760326
NEUROG2_neg_1,MNX1_neg_1,0.10666666666666667,0.12666666666666668,5,0.3125,2.4671052631578947,0.01982222222222222,1.2703030303030303,0.6656716417910447,1,1,NEUROG2,neg,1,MNX1,neg,1,0.027777777777777776,2.3985745614035086
RORC_neg_1,MNX1_neg_1,0.10666666666666667,0.12666666666666668,5,0.3125,2.4671052631578947,0.01982222222222222,1.2703030303030303,0.6656716417910447,1,1,RORC,neg,1,MNX1,neg,1,0.02857142857142857,2.3966165413533833
NOTO_pos_1,KLF16_pos_1,0.10666666666666667,0.28,11,0.6875,2.455357142857143,0.04346666666666667,2.304,0.6635006784260516,1,1,NOTO,pos,1,KLF16,pos,1,0.011363636363636364,2.427455357142857
HIC2_neg_1,NFIX_neg_1,0.18,0.22666666666666666,15,0.5555555555555556,2.450980392156863,0.05920000000000001,1.74,0.7219512195121951,1,1,HIC2,neg,1,NFIX,neg,1,0.08450704225352113,2.243855288594311
ELF5_neg_1,FOXL1_neg_1,0.15333333333333332,0.26666666666666666,15,0.6521739130434784,2.445652173913044,0.05911111111111112,2.1083333333333343,0.6981627296587928,1,1,ELF5,neg,1,FOXL1,neg,1,0.056338028169014086,2.30786895284752
NEUROG2_neg_1,ELF5_neg_1,0.10666666666666667,0.15333333333333332,6,0.375,2.4456521739130435,0.023644444444444447,1.3546666666666667,0.6616915422885573,1,1,NEUROG2,neg,1,ELF5,neg,1,0.023255813953488372,2.3887765419615774
NEUROG2_neg_1,SREBF2_neg_1,0.10666666666666667,0.15333333333333332,6,0.375,2.4456521739130435,0.023644444444444447,1.3546666666666667,0.6616915422885573,1,1,NEUROG2,neg,1,SREBF2,neg,1,0.046511627906976744,2.3319009100101113
NEUROG2_neg_1,SREBF1_neg_1,0.10666666666666667,0.15333333333333332,6,0.375,2.4456521739130435,0.023644444444444447,1.3546666666666667,0.6616915422885573,1,1,NEUROG2,neg,1,SREBF1,neg,1,0.044444444444444446,2.3369565217391304
SNAI2_pos_2,SREBF1_neg_1,0.10666666666666667,0.15333333333333332,6,0.375,2.4456521739130435,0.023644444444444447,1.3546666666666667,0.6616915422885573,1,1,SNAI2,pos,2,SREBF1,neg,1,0.0,2.4456521739130435
RORC_neg_1,ELF5_neg_1,0.10666666666666667,0.15333333333333332,6,0.375,2.4456521739130435,0.023644444444444447,1.3546666666666667,0.6616915422885573,1,1,RORC,neg,1,ELF5,neg,1,0.0,2.4456521739130435
SNAI2_pos_2,SREBF2_neg_1,0.10666666666666667,0.15333333333333332,6,0.375,2.4456521739130435,0.023644444444444447,1.3546666666666667,0.6616915422885573,1,1,SNAI2,pos,2,SREBF2,neg,1,0.0,2.4456521739130435
SHOX_neg_1,SREBF1_neg_1,0.10666666666666667,0.15333333333333332,6,0.375,2.4456521739130435,0.023644444444444447,1.3546666666666667,0.6616915422885573,1,1,SHOX,neg,1,SREBF1,neg,1,0.0,2.4456521739130435
SNAI2_pos_2,ELF3_neg_1,0.10666666666666667,0.15333333333333332,6,0.375,2.4456521739130435,0.023644444444444447,1.3546666666666667,0.6616915422885573,1,1,SNAI2,pos,2,ELF3,neg,1,0.022727272727272728,2.390069169960474
SHOX_neg_1,SREBF2_neg_1,0.10666666666666667,0.15333333333333332,6,0.375,2.4456521739130435,0.023644444444444447,1.3546666666666667,0.6616915422885573,1,1,SHOX,neg,1,SREBF2,neg,1,0.0,2.4456521739130435
FOSL2_pos_1,KLF16_pos_1,0.12666666666666668,0.28,13,0.6842105263157895,2.443609022556391,0.051199999999999996,2.2800000000000002,0.6764533176746916,1,1,FOSL2,pos,1,KLF16,pos,1,0.06741573033707865,2.278871335642477
PKNOX2_pos_4,TFAP2C_pos_1,0.06666666666666667,0.24666666666666667,6,0.6,2.4324324324324325,0.023555555555555555,1.883333333333333,0.6309523809523809,1,1,PKNOX2,pos,4,TFAP2C,pos,1,0.0,2.4324324324324325
NOTO_pos_1,EWSR1-FLI1_neg_2,0.10666666666666667,0.18,7,0.4375,2.430555555555556,0.027466666666666667,1.4577777777777778,0.6588486140724947,1,1,NOTO,pos,1,EWSR1-FLI1,neg,2,0.0,2.430555555555556
IRF7_neg_9,NEUROD1_neg_1,0.06,0.32,7,0.7777777777777778,2.4305555555555554,0.02746666666666667,3.06,0.6261398176291795,1,1,IRF7,neg,9,NEUROD1,neg,1,0.0,2.4305555555555554
NR2F2_neg_1,NFIX_neg_1,0.13333333333333333,0.22666666666666666,11,0.55,2.4264705882352944,0.043111111111111114,1.7185185185185186,0.6783216783216783,1,1,NR2F2,neg,1,NFIX,neg,1,0.0847457627118644,2.220837487537388
PITX3_pos_1,SP8_pos_1,0.1,0.22,8,0.5333333333333333,2.4242424242424243,0.03133333333333334,1.6714285714285715,0.6527777777777779,1,1,PITX3,pos,1,SP8,pos,1,0.047619047619047616,2.3088023088023086
NFE2_pos_1,SP8_pos_1,0.1,0.22,8,0.5333333333333333,2.4242424242424243,0.03133333333333334,1.6714285714285715,0.6527777777777779,1,1,NFE2,pos,1,SP8,pos,1,0.06349206349206349,2.2703222703222705
NFIC_neg_0,SP8_pos_1,0.1,0.22,8,0.5333333333333333,2.4242424242424243,0.03133333333333334,1.6714285714285715,0.6527777777777779,1,1,NFIC,neg,0,SP8,pos,1,0.014285714285714285,2.38961038961039
ELF3_neg_1,HIC2_neg_1,0.15333333333333332,0.18,10,0.4347826086956522,2.415458937198068,0.039066666666666666,1.450769230769231,0.6921259842519685,1,1,ELF3,neg,1,HIC2,neg,1,0.03508771929824561,2.3307059920332236
TFAP4_pos_2,NEUROD1_pos_2,0.11333333333333333,0.14666666666666667,6,0.35294117647058826,2.4064171122994655,0.02337777777777778,1.3187878787878788,0.6591478696741855,1,1,TFAP4,pos,2,NEUROD1,pos,2,0.06976744186046512,2.238527546325084
GBX2_neg_1,FOXP2_neg_1,0.11333333333333333,0.14666666666666667,6,0.35294117647058826,2.4064171122994655,0.02337777777777778,1.3187878787878788,0.6591478696741855,1,1,GBX2,neg,1,FOXP2,neg,1,0.09523809523809523,2.177234530175707
GSX1_neg_1,FOXP2_neg_1,0.11333333333333333,0.14666666666666667,6,0.35294117647058826,2.4064171122994655,0.02337777777777778,1.3187878787878788,0.6591478696741855,1,1,GSX1,neg,1,FOXP2,neg,1,0.09523809523809523,2.177234530175707
NEUROD2_neg_1,FOXP2_neg_1,0.11333333333333333,0.14666666666666667,6,0.35294117647058826,2.4064171122994655,0.02337777777777778,1.3187878787878788,0.6591478696741855,1,1,NEUROD2,neg,1,FOXP2,neg,1,0.021739130434782608,2.3541036968146947
FOXP2_neg_1,NFIX_neg_1,0.14666666666666667,0.22666666666666666,12,0.5454545454545454,2.406417112299465,0.04675555555555556,1.7013333333333331,0.6848958333333334,1,1,FOXP2,neg,1,NFIX,neg,1,0.058823529411764705,2.2648631645171435
JUNB_pos_1,SP8_pos_1,0.11333333333333333,0.22,9,0.5294117647058824,2.406417112299465,0.03506666666666666,1.6575,0.6591478696741854,1,1,JUNB,pos,1,SP8,pos,1,0.06060606060606061,2.2605736509479826
ELF3_pos_2,NFIX_neg_1,0.07333333333333333,0.22666666666666666,6,0.5454545454545454,2.406417112299465,0.02337777777777778,1.7013333333333331,0.630695443645084,1,1,ELF3,pos,2,NFIX,neg,1,0.0,2.406417112299465
TCF4_pos_2,ZNF740_neg_2,0.1,0.16666666666666666,6,0.39999999999999997,2.4,0.023333333333333334,1.3888888888888888,0.6481481481481481,1,1,TCF4,pos,2,ZNF740,neg,2,0.0,2.4
TCF3_pos_2,ZNF740_neg_2,0.1,0.16666666666666666,6,0.39999999999999997,2.4,0.023333333333333334,1.3888888888888888,0.6481481481481481,1,1,TCF3,pos,2,ZNF740,neg,2,0.0,2.4
NEUROD1_pos_4,ZNF740_neg_2,0.1,0.16666666666666666,6,0.39999999999999997,2.4,0.023333333333333334,1.3888888888888888,0.6481481481481481,1,1,NEUROD1,pos,4,ZNF740,neg,2,0.04081632653061224,2.3020408163265302
NEUROD2_neg_1,NEUROD1_neg_1,0.11333333333333333,0.32,13,0.7647058823529412,2.389705882352941,0.05040000000000001,2.8900000000000006,0.6558704453441296,1,1,NEUROD2,neg,1,NEUROD1,neg,1,0.10126582278481013,2.14771034996277
ELF3_pos_2,FOXL1_neg_1,0.07333333333333333,0.26666666666666666,7,0.6363636363636364,2.3863636363636362,0.027111111111111114,2.0166666666666666,0.6269270298047277,1,1,ELF3,pos,2,FOXL1,neg,1,0.0,2.3863636363636362
SPDEF_pos_1,KLF16_pos_1,0.06,0.28,6,0.6666666666666667,2.380952380952381,0.0232,2.1600000000000006,0.6170212765957446,1,1,SPDEF,pos,1,KLF16,pos,1,0.010309278350515464,2.3564064801178204
ALX3_neg_1,EHF_neg_1,0.12,0.14,6,0.33333333333333337,2.380952380952381,0.0232,1.29,0.6590909090909091,1,1,ALX3,neg,1,EHF,neg,1,0.047619047619047616,2.2675736961451247
JUND_pos_1,EWSR1-FLI1_neg_2,0.09333333333333334,0.18,6,0.42857142857142855,2.380952380952381,0.023200000000000002,1.4350000000000003,0.6397058823529413,1,1,JUND,pos,1,EWSR1-FLI1,neg,2,0.0196078431372549,2.334267040149393
CTCF_pos_6,EHF_neg_1,0.12,0.14,6,0.33333333333333337,2.380952380952381,0.0232,1.29,0.6590909090909091,1,1,CTCF,pos,6,EHF,neg,1,0.0,2.380952380952381
EHF_neg_1,HIC2_neg_1,0.14,0.18,9,0.4285714285714285,2.3809523809523805,0.0348,1.4349999999999998,0.6744186046511628,1,1,EHF,neg,1,HIC2,neg,1,0.03508771929824561,2.297410192147034
SRY_neg_1,NHLH1_pos_2,0.1,0.14,5,0.3333333333333333,2.3809523809523805,0.01933333333333333,1.2899999999999998,0.6444444444444444,1,1,SRY,neg,1,NHLH1,pos,2,0.02564102564102564,2.319902319902319
ZIC3_neg_0,NHLH1_pos_2,0.1,0.14,5,0.3333333333333333,2.3809523809523805,0.01933333333333333,1.2899999999999998,0.6444444444444444,1,1,ZIC3,neg,0,NHLH1,pos,2,0.023255813953488372,2.3255813953488365
TCF3_pos_2,EHF_neg_1,0.1,0.14,5,0.3333333333333333,2.3809523809523805,0.01933333333333333,1.2899999999999998,0.6444444444444444,1,1,TCF3,pos,2,EHF,neg,1,0.023255813953488372,2.3255813953488365
NFE2_pos_1,KLF16_pos_1,0.1,0.28,10,0.6666666666666666,2.3809523809523805,0.03866666666666666,2.1599999999999997,0.6444444444444444,1,1,NFE2,pos,1,KLF16,pos,1,0.07228915662650602,2.2088353413654613
TCF4_pos_2,EHF_neg_1,0.1,0.14,5,0.3333333333333333,2.3809523809523805,0.01933333333333333,1.2899999999999998,0.6444444444444444,1,1,TCF4,pos,2,EHF,neg,1,0.022727272727272728,2.3268398268398265
MSC_pos_2,NFIX_neg_1,0.08666666666666667,0.22666666666666666,7,0.5384615384615384,2.3755656108597285,0.027022222222222225,1.6755555555555555,0.6339937434827947,1,1,MSC,pos,2,NFIX,neg,1,0.0,2.3755656108597285
SPDEF_neg_1,NFIX_neg_1,0.08666666666666667,0.22666666666666666,7,0.5384615384615384,2.3755656108597285,0.027022222222222225,1.6755555555555555,0.6339937434827947,1,1,SPDEF,neg,1,NFIX,neg,1,0.0,2.3755656108597285
FOXP2_neg_1,SREBF1_neg_1,0.14666666666666667,0.15333333333333332,8,0.36363636363636365,2.3715415019762847,0.03084444444444445,1.3304761904761906,0.6777343750000001,1,1,FOXP2,neg,1,SREBF1,neg,1,0.05357142857142857,2.2444946357989837
TCF3_pos_2,NFIX_neg_1,0.1,0.22666666666666666,8,0.5333333333333333,2.3529411764705883,0.03066666666666667,1.657142857142857,0.638888888888889,1,1,TCF3,pos,2,NFIX,neg,1,0.0,2.3529411764705883
TCF4_pos_2,NFIX_neg_1,0.1,0.22666666666666666,8,0.5333333333333333,2.3529411764705883,0.03066666666666667,1.657142857142857,0.638888888888889,1,1,TCF4,pos,2,NFIX,neg,1,0.0,2.3529411764705883
FOSL2_pos_1,TFAP2C_pos_1,0.12666666666666668,0.24666666666666667,11,0.5789473684210525,2.347083926031294,0.042088888888888884,1.7891666666666661,0.6571825121443441,1,1,FOSL2,pos,1,TFAP2C,pos,1,0.05128205128205128,2.226720647773279
NR2F2_neg_1,NEUROD1_neg_1,0.13333333333333333,0.32,15,0.75,2.34375,0.05733333333333334,2.7199999999999998,0.6615384615384616,1,1,NR2F2,neg,1,NEUROD1,neg,1,0.058823529411764705,2.2058823529411766
FOSL1_pos_1,TFAP2A_pos_1,0.10666666666666667,0.13333333333333333,5,0.3125,2.34375,0.01911111111111111,1.2606060606060607,0.6417910447761194,1,1,FOSL1,pos,1,TFAP2A,pos,1,0.0,2.34375
CEBPA_pos_8,NEUROD1_neg_1,0.08,0.32,9,0.75,2.34375,0.0344,2.7199999999999998,0.6231884057971014,1,1,CEBPA,pos,8,NEUROD1,neg,1,0.0,2.34375
HOXB3_neg_1,NR2F2_neg_1,0.10666666666666667,0.13333333333333333,5,0.3125,2.34375,0.01911111111111111,1.2606060606060607,0.6417910447761194,1,1,HOXB3,neg,1,NR2F2,neg,1,0.0,2.34375
EHF_neg_0,FOXL1_neg_1,0.05333333333333334,0.26666666666666666,5,0.625,2.34375,0.01911111111111111,1.9555555555555557,0.6056338028169015,1,1,EHF,neg,0,FOXL1,neg,1,0.0,2.34375
FOXC1_neg_6,NEUROD1_neg_1,0.05333333333333334,0.32,6,0.75,2.34375,0.022933333333333333,2.7199999999999998,0.6056338028169014,1,1,FOXC1,neg,6,NEUROD1,neg,1,0.0,2.34375
EHF_neg_0,NEUROD1_neg_1,0.05333333333333334,0.32,6,0.75,2.34375,0.022933333333333333,2.7199999999999998,0.6056338028169014,1,1,EHF,neg,0,NEUROD1,neg,1,0.012987012987012988,2.313311688311688
SHOX_neg_1,NR2F2_neg_1,0.10666666666666667,0.13333333333333333,5,0.3125,2.34375,0.01911111111111111,1.2606060606060607,0.6417910447761194,1,1,SHOX,neg,1,NR2F2,neg,1,0.05555555555555555,2.2135416666666665
FOSL1_pos_1,TFAP2B_pos_1,0.10666666666666667,0.13333333333333333,5,0.3125,2.34375,0.01911111111111111,1.2606060606060607,0.6417910447761194,1,1,FOSL1,pos,1,TFAP2B,pos,1,0.0,2.34375
MEF2D_neg_4,NEUROD1_neg_1,0.05333333333333334,0.32,6,0.75,2.34375,0.022933333333333333,2.7199999999999998,0.6056338028169014,1,1,MEF2D,neg,4,NEUROD1,neg,1,0.0,2.34375
FOSL2_neg_6,FOXL1_neg_1,0.05333333333333334,0.26666666666666666,5,0.625,2.34375,0.01911111111111111,1.9555555555555557,0.6056338028169015,1,1,FOSL2,neg,6,FOXL1,neg,1,0.0,2.34375
ZEB1_neg_4,NEUROD1_neg_1,0.08,0.32,9,0.75,2.34375,0.0344,2.7199999999999998,0.6231884057971014,1,1,ZEB1,neg,4,NEUROD1,neg,1,0.011904761904761904,2.3158482142857144
MEOX2_neg_1,NR2F2_neg_1,0.10666666666666667,0.13333333333333333,5,0.3125,2.34375,0.01911111111111111,1.2606060606060607,0.6417910447761194,1,1,MEOX2,neg,1,NR2F2,neg,1,0.02564102564102564,2.2836538461538463
JUNB_neg_6,FOXL1_neg_1,0.05333333333333334,0.26666666666666666,5,0.625,2.34375,0.01911111111111111,1.9555555555555557,0.6056338028169015,1,1,JUNB,neg,6,FOXL1,neg,1,0.0,2.34375
STAT1_pos_8,NFIX_neg_1,0.11333333333333333,0.22666666666666666,9,0.5294117647058824,2.3356401384083045,0.03431111111111111,1.6433333333333333,0.6449456975772765,1,1,STAT1,pos,8,NFIX,neg,1,0.0,2.3356401384083045
HOXB2_neg_1,NFIX_neg_1,0.11333333333333333,0.22666666666666666,9,0.5294117647058824,2.3356401384083045,0.03431111111111111,1.6433333333333333,0.6449456975772765,1,1,HOXB2,neg,1,NFIX,neg,1,0.05172413793103448,2.2148311657320128
GBX2_neg_1,NFIX_neg_1,0.11333333333333333,0.22666666666666666,9,0.5294117647058824,2.3356401384083045,0.03431111111111111,1.6433333333333333,0.6449456975772765,1,1,GBX2,neg,1,NFIX,neg,1,0.01694915254237288,2.2960530174183336
ID4_pos_2,SREBF2_neg_1,0.09333333333333334,0.15333333333333332,5,0.3571428571428571,2.329192546583851,0.01902222222222222,1.317037037037037,0.6294117647058823,1,1,ID4,pos,2,SREBF2,neg,1,0.0,2.329192546583851
ID4_pos_2,SREBF1_neg_1,0.09333333333333334,0.15333333333333332,5,0.3571428571428571,2.329192546583851,0.01902222222222222,1.317037037037037,0.6294117647058823,1,1,ID4,pos,2,SREBF1,neg,1,0.0,2.329192546583851
SMAD2_pos_8,ELF3_neg_1,0.09333333333333334,0.15333333333333332,5,0.3571428571428571,2.329192546583851,0.01902222222222222,1.317037037037037,0.6294117647058823,1,1,SMAD2,pos,8,ELF3,neg,1,0.0,2.329192546583851
FOXG1_neg_1,SREBF2_neg_1,0.09333333333333334,0.15333333333333332,5,0.3571428571428571,2.329192546583851,0.01902222222222222,1.317037037037037,0.6294117647058823,1,1,FOXG1,neg,1,SREBF2,neg,1,0.06976744186046512,2.1666907410082334
FOXG1_neg_1,SREBF1_neg_1,0.09333333333333334,0.15333333333333332,5,0.3571428571428571,2.329192546583851,0.01902222222222222,1.317037037037037,0.6294117647058823,1,1,FOXG1,neg,1,SREBF1,neg,1,0.09090909090909091,2.1174477696216827
ID4_pos_2,ELF3_neg_1,0.09333333333333334,0.15333333333333332,5,0.3571428571428571,2.329192546583851,0.01902222222222222,1.317037037037037,0.6294117647058823,1,1,ID4,pos,2,ELF3,neg,1,0.025,2.2709627329192545
TFAP4_pos_2,FOSL2_pos_1,0.11333333333333333,0.12666666666666668,5,0.29411764705882354,2.3219814241486065,0.018977777777777777,1.2372222222222222,0.6421052631578947,1,1,TFAP4,pos,2,FOSL2,pos,1,0.0,2.3219814241486065
CEBPA_pos_8,HIC2_neg_1,0.08,0.18,5,0.41666666666666663,2.314814814814815,0.018933333333333333,1.4057142857142857,0.6173913043478261,1,1,CEBPA,pos,8,HIC2,neg,1,0.0,2.314814814814815
SREBF2_neg_1,NEUROD1_neg_1,0.15333333333333332,0.32,17,0.7391304347826088,2.3097826086956523,0.06426666666666667,2.606666666666667,0.6697545159796202,1,1,SREBF2,neg,1,NEUROD1,neg,1,0.06593406593406594,2.1574892498805545
ELF3_neg_1,NEUROD1_neg_1,0.15333333333333332,0.32,17,0.7391304347826088,2.3097826086956523,0.06426666666666667,2.606666666666667,0.6697545159796202,1,1,ELF3,neg,1,NEUROD1,neg,1,0.03296703296703297,2.2336359292881034
MSC_pos_2,FOXL1_neg_1,0.08666666666666667,0.26666666666666666,8,0.6153846153846154,2.307692307692308,0.030222222222222227,1.906666666666667,0.6204379562043796,1,1,MSC,pos,2,FOXL1,neg,1,0.0,2.307692307692308
NEUROD2_neg_1,SREBF2_neg_1,0.11333333333333333,0.15333333333333332,6,0.35294117647058826,2.301790281329924,0.022622222222222224,1.3084848484848486,0.6378446115288221,1,1,NEUROD2,neg,1,SREBF2,neg,1,0.06976744186046512,2.1412002617022545
NKX3-2_neg_1,ELF3_neg_1,0.11333333333333333,0.15333333333333332,6,0.35294117647058826,2.301790281329924,0.022622222222222224,1.3084848484848486,0.6378446115288221,1,1,NKX3-2,neg,1,ELF3,neg,1,0.046511627906976744,2.194730268244811
GSX1_neg_1,ELF3_neg_1,0.11333333333333333,0.15333333333333332,6,0.35294117647058826,2.301790281329924,0.022622222222222224,1.3084848484848486,0.6378446115288221,1,1,GSX1,neg,1,ELF3,neg,1,0.05,2.1867007672634275
GBX2_neg_1,SREBF1_neg_1,0.11333333333333333,0.15333333333333332,6,0.35294117647058826,2.301790281329924,0.022622222222222224,1.3084848484848486,0.6378446115288221,1,1,GBX2,neg,1,SREBF1,neg,1,0.044444444444444446,2.199488491048594
GSX1_neg_1,ELF5_neg_1,0.11333333333333333,0.15333333333333332,6,0.35294117647058826,2.301790281329924,0.022622222222222224,1.3084848484848486,0.6378446115288221,1,1,GSX1,neg,1,ELF5,neg,1,0.07317073170731707,2.133366602208222
STAT1_pos_8,SREBF1_neg_1,0.11333333333333333,0.15333333333333332,6,0.35294117647058826,2.301790281329924,0.022622222222222224,1.3084848484848486,0.6378446115288221,1,1,STAT1,pos,8,SREBF1,neg,1,0.019230769230769232,2.2575250836120406
NKX3-2_neg_1,ELF5_neg_1,0.11333333333333333,0.15333333333333332,6,0.35294117647058826,2.301790281329924,0.022622222222222224,1.3084848484848486,0.6378446115288221,1,1,NKX3-2,neg,1,ELF5,neg,1,0.021739130434782608,2.2517513621705776
STAT1_pos_8,ELF5_neg_1,0.11333333333333333,0.15333333333333332,6,0.35294117647058826,2.301790281329924,0.022622222222222224,1.3084848484848486,0.6378446115288221,1,1,STAT1,pos,8,ELF5,neg,1,0.0,2.301790281329924
HOXB2_neg_1,SREBF2_neg_1,0.11333333333333333,0.15333333333333332,6,0.35294117647058826,2.301790281329924,0.022622222222222224,1.3084848484848486,0.6378446115288221,1,1,HOXB2,neg,1,SREBF2,neg,1,0.045454545454545456,2.197163450360382
JUND_pos_1,KLF16_pos_1,0.09333333333333334,0.28,9,0.6428571428571428,2.2959183673469385,0.033866666666666656,2.0159999999999996,0.6225490196078429,1,1,JUND,pos,1,KLF16,pos,1,0.07058823529411765,2.1338535414165665
SCRT1_pos_1,KLF16_pos_1,0.09333333333333334,0.28,9,0.6428571428571428,2.2959183673469385,0.033866666666666656,2.0159999999999996,0.6225490196078429,1,1,SCRT1,pos,1,KLF16,pos,1,0.034482758620689655,2.216748768472906
POU2F2_neg_0,NEUROD1_neg_1,0.1,0.32,11,0.7333333333333333,2.2916666666666665,0.04133333333333333,2.5499999999999994,0.6262626262626262,1,1,POU2F2,neg,0,NEUROD1,neg,1,0.0,2.2916666666666665
SRY_neg_1,NEUROD1_neg_1,0.1,0.32,11,0.7333333333333333,2.2916666666666665,0.04133333333333333,2.5499999999999994,0.6262626262626262,1,1,SRY,neg,1,NEUROD1,neg,1,0.037037037037037035,2.20679012345679
STAT1_pos_8,HIC2_neg_1,0.11333333333333333,0.18,7,0.411764705882353,2.2875816993464055,0.02626666666666667,1.3940000000000003,0.6348012889366272,1,1,STAT1,pos,8,HIC2,neg,1,0.017857142857142856,2.246732026143791
GSX1_neg_1,HIC2_neg_1,0.11333333333333333,0.18,7,0.411764705882353,2.2875816993464055,0.02626666666666667,1.3940000000000003,0.6348012889366272,1,1,GSX1,neg,1,HIC2,neg,1,0.02,2.2418300653594776
RFX2_neg_1,NEUROD1_neg_1,0.07333333333333333,0.32,8,0.7272727272727273,2.272727272727273,0.02986666666666667,2.493333333333333,0.60431654676259,1,1,RFX2,neg,1,NEUROD1,neg,1,0.0125,2.244318181818182
FOSL1_pos_1,SP8_pos_1,0.10666666666666667,0.22,8,0.5,2.272727272727273,0.02986666666666667,1.56,0.6268656716417911,1,1,FOSL1,pos,1,SP8,pos,1,0.04477611940298507,2.170963364993216
JUND_pos_1,SP8_pos_1,0.09333333333333334,0.22,7,0.5,2.272727272727273,0.026133333333333335,1.56,0.6176470588235294,1,1,JUND,pos,1,SP8,pos,1,0.045454545454545456,2.169421487603306
JUN_pos_1,SP8_pos_1,0.09333333333333334,0.22,7,0.5,2.272727272727273,0.026133333333333335,1.56,0.6176470588235294,1,1,JUN,pos,1,SP8,pos,1,0.029411764705882353,2.2058823529411766
T_neg_1,NEUROD1_neg_1,0.07333333333333333,0.32,8,0.7272727272727273,2.272727272727273,0.02986666666666667,2.493333333333333,0.60431654676259,1,1,T,neg,1,NEUROD1,neg,1,0.0641025641025641,2.1270396270396272
SCRT1_pos_1,SP8_pos_1,0.09333333333333334,0.22,7,0.5,2.272727272727273,0.026133333333333335,1.56,0.6176470588235294,1,1,SCRT1,pos,1,SP8,pos,1,0.0625,2.1306818181818183
SRY_neg_1,NEUROD1_pos_2,0.1,0.14666666666666667,5,0.3333333333333333,2.2727272727272725,0.018666666666666665,1.2799999999999998,0.6222222222222222,1,1,SRY,neg,1,NEUROD1,pos,2,0.025,2.215909090909091
EHF_neg_1,FOXP2_neg_1,0.14,0.14666666666666667,7,0.3333333333333333,2.2727272727272725,0.026133333333333335,1.2799999999999998,0.6511627906976745,1,1,EHF,neg,1,FOXP2,neg,1,0.058823529411764705,2.13903743315508
UNCX_neg_1,FOXP2_neg_1,0.1,0.14666666666666667,5,0.3333333333333333,2.2727272727272725,0.018666666666666665,1.2799999999999998,0.6222222222222222,1,1,UNCX,neg,1,FOXP2,neg,1,0.046511627906976744,2.1670190274841437
NEUROD1_neg_0,NEUROD1_pos_2,0.14,0.14666666666666667,7,0.3333333333333333,2.2727272727272725,0.026133333333333335,1.2799999999999998,0.6511627906976745,1,1,NEUROD1,neg,0,NEUROD1,pos,2,0.10416666666666667,2.035984848484848
LMX1A_neg_1,FOXP2_neg_1,0.1,0.14666666666666667,5,0.3333333333333333,2.2727272727272725,0.018666666666666665,1.2799999999999998,0.6222222222222222,1,1,LMX1A,neg,1,FOXP2,neg,1,0.046511627906976744,2.1670190274841437
ALX3_neg_1,NEUROD1_neg_1,0.12,0.32,13,0.7222222222222223,2.2569444444444446,0.04826666666666667,2.448000000000001,0.632867132867133,1,1,ALX3,neg,1,NEUROD1,neg,1,0.08641975308641975,2.061899862825789
ZSCAN4_pos_3,TFAP2C_pos_1,0.06,0.24666666666666667,5,0.5555555555555556,2.2522522522522523,0.018533333333333332,1.695,0.5914893617021276,1,1,ZSCAN4,pos,3,TFAP2C,pos,1,0.0,2.2522522522522523
EHF_neg_1,NEUROD1_neg_1,0.14,0.32,15,0.7142857142857143,2.232142857142857,0.0552,2.38,0.641860465116279,1,1,EHF,neg,1,NEUROD1,neg,1,0.03296703296703297,2.1585557299843017
FOSL1_pos_1,KLF16_pos_1,0.10666666666666667,0.28,10,0.625,2.2321428571428568,0.0368,1.92,0.617910447761194,1,1,FOSL1,pos,1,KLF16,pos,1,0.06976744186046512,2.07641196013289
SNAI2_pos_2,EHF_neg_1,0.10666666666666667,0.14,5,0.3125,2.2321428571428568,0.0184,1.250909090909091,0.617910447761194,1,1,SNAI2,pos,2,EHF,neg,1,0.022727272727272728,2.1814123376623376
VSX1_neg_0,NEUROD1_neg_1,0.04666666666666667,0.32,5,0.7142857142857142,2.2321428571428568,0.0184,2.379999999999999,0.5790209790209789,1,1,VSX1,neg,0,NEUROD1,neg,1,0.0,2.2321428571428568
MEOX2_neg_1,EHF_neg_1,0.10666666666666667,0.14,5,0.3125,2.2321428571428568,0.0184,1.250909090909091,0.617910447761194,1,1,MEOX2,neg,1,EHF,neg,1,0.1,2.008928571428571
FOXG1_neg_1,NEUROD1_neg_1,0.09333333333333334,0.32,10,0.7142857142857142,2.2321428571428568,0.0368,2.379999999999999,0.6088235294117648,1,1,FOXG1,neg,1,NEUROD1,neg,1,0.03571428571428571,2.1524234693877546
MAFG_pos_2,KLF16_pos_1,0.05333333333333334,0.28,5,0.625,2.2321428571428568,0.0184,1.92,0.5830985915492959,1,1,MAFG,pos,2,KLF16,pos,1,0.0,2.2321428571428568
LHX6_pos_1,KLF16_pos_1,0.05333333333333334,0.28,5,0.625,2.2321428571428568,0.0184,1.92,0.5830985915492959,1,1,LHX6,pos,1,KLF16,pos,1,0.0,2.2321428571428568
TFDP1_neg_7,KLF16_pos_1,0.05333333333333334,0.28,5,0.625,2.2321428571428568,0.0184,1.92,0.5830985915492959,1,1,TFDP1,neg,7,KLF16,pos,1,0.0,2.2321428571428568
NEUROG2_neg_1,SP2_neg_8,0.10666666666666667,0.14,5,0.3125,2.2321428571428568,0.0184,1.250909090909091,0.617910447761194,1,1,NEUROG2,neg,1,SP2,neg,8,0.0,2.2321428571428568
NR2F2_neg_1,HIC2_neg_1,0.13333333333333333,0.18,8,0.4,2.2222222222222223,0.029333333333333336,1.366666666666667,0.6346153846153846,1,1,NR2F2,neg,1,HIC2,neg,1,0.0784313725490196,2.0479302832244013
ZIC3_neg_0,ASCL1_pos_2,0.1,0.18,6,0.39999999999999997,2.2222222222222223,0.022000000000000002,1.3666666666666665,0.611111111111111,1,1,ZIC3,neg,0,ASCL1,pos,2,0.02,2.177777777777778
TFAP2A_pos_0,ASCL1_pos_2,0.1,0.18,6,0.39999999999999997,2.2222222222222223,0.022000000000000002,1.3666666666666665,0.611111111111111,1,1,TFAP2A,pos,0,ASCL1,pos,2,0.0196078431372549,2.178649237472767
POU2F2_neg_0,ASCL1_pos_2,0.1,0.18,6,0.39999999999999997,2.2222222222222223,0.022000000000000002,1.3666666666666665,0.611111111111111,1,1,POU2F2,neg,0,ASCL1,pos,2,0.0,2.2222222222222223
EGR3_neg_7,TFAP2C_pos_1,0.07333333333333333,0.24666666666666667,6,0.5454545454545454,2.211302211302211,0.02191111111111111,1.657333333333333,0.5911270983213429,1,1,EGR3,neg,7,TFAP2C,pos,1,0.0,2.211302211302211
IRF5_neg_2,TFAP2C_pos_1,0.07333333333333333,0.24666666666666667,6,0.5454545454545454,2.211302211302211,0.02191111111111111,1.657333333333333,0.5911270983213429,1,1,IRF5,neg,2,TFAP2C,pos,1,0.0,2.211302211302211
GBX2_neg_1,NEUROD1_neg_1,0.11333333333333333,0.32,12,0.7058823529411765,2.2058823529411766,0.04373333333333334,2.3120000000000003,0.6165413533834587,1,1,GBX2,neg,1,NEUROD1,neg,1,0.011764705882352941,2.179930795847751
NEUROD2_neg_1,FOXL1_neg_1,0.11333333333333333,0.26666666666666666,10,0.5882352941176471,2.2058823529411766,0.036444444444444446,1.7809523809523813,0.6165413533834586,1,1,NEUROD2,neg,1,FOXL1,neg,1,0.047619047619047616,2.100840336134454
NKX3-2_neg_1,NR2F2_neg_1,0.11333333333333333,0.13333333333333333,5,0.29411764705882354,2.2058823529411766,0.018222222222222223,1.2277777777777779,0.6165413533834586,1,1,NKX3-2,neg,1,NR2F2,neg,1,0.0,2.2058823529411766
JUNB_pos_1,TFAP2A_pos_1,0.11333333333333333,0.13333333333333333,5,0.29411764705882354,2.2058823529411766,0.018222222222222223,1.2277777777777779,0.6165413533834586,1,1,JUNB,pos,1,TFAP2A,pos,1,0.0,2.2058823529411766
NR4A2_neg_1,NFIX_neg_1,0.08,0.22666666666666666,6,0.5,2.2058823529411766,0.02186666666666667,1.5466666666666666,0.5942028985507247,1,1,NR4A2,neg,1,NFIX,neg,1,0.029850746268656716,2.1400351185250224
NKX3-2_neg_1,FOXL1_neg_1,0.11333333333333333,0.26666666666666666,10,0.5882352941176471,2.2058823529411766,0.036444444444444446,1.7809523809523813,0.6165413533834586,1,1,NKX3-2,neg,1,FOXL1,neg,1,0.046153846153846156,2.1040723981900453
HOXB3_neg_1,NFIX_neg_1,0.10666666666666667,0.22666666666666666,8,0.5,2.2058823529411766,0.02915555555555556,1.5466666666666666,0.6119402985074627,1,1,HOXB3,neg,1,NFIX,neg,1,0.034482758620689655,2.1298174442190674
GBX2_neg_1,FOXL1_neg_1,0.11333333333333333,0.26666666666666666,10,0.5882352941176471,2.2058823529411766,0.036444444444444446,1.7809523809523813,0.6165413533834586,1,1,GBX2,neg,1,FOXL1,neg,1,0.04838709677419355,2.0991461100569264
GRHL2_pos_8,NFIX_neg_1,0.06666666666666667,0.22666666666666666,5,0.5,2.2058823529411766,0.018222222222222223,1.5466666666666666,0.5857142857142857,1,1,GRHL2,pos,8,NFIX,neg,1,0.019230769230769232,2.1634615384615383
ID4_pos_2,NFIX_neg_1,0.09333333333333334,0.22666666666666666,7,0.5,2.2058823529411766,0.025511111111111113,1.5466666666666666,0.6029411764705883,1,1,ID4,pos,2,NFIX,neg,1,0.0,2.2058823529411766
JUNB_pos_1,TFAP2B_pos_1,0.11333333333333333,0.13333333333333333,5,0.29411764705882354,2.2058823529411766,0.018222222222222223,1.2277777777777779,0.6165413533834586,1,1,JUNB,pos,1,TFAP2B,pos,1,0.0,2.2058823529411766
GBX2_neg_1,NR2F2_neg_1,0.11333333333333333,0.13333333333333333,5,0.29411764705882354,2.2058823529411766,0.018222222222222223,1.2277777777777779,0.6165413533834586,1,1,GBX2,neg,1,NR2F2,neg,1,0.0,2.2058823529411766
HIC2_neg_1,NEUROD1_neg_1,0.18,0.32,19,0.7037037037037038,2.1990740740740744,0.06906666666666668,2.295000000000001,0.6649550706033377,1,1,HIC2,neg,1,NEUROD1,neg,1,0.13186813186813187,1.9090862840862843
FOXL1_neg_1,NEUROD1_neg_1,0.26666666666666666,0.32,28,0.7000000000000001,2.1875,0.10133333333333334,2.266666666666667,0.7402597402597403,1,1,FOXL1,neg,1,NEUROD1,neg,1,0.09345794392523364,1.9830607476635513
MEIS2_neg_0,NEUROD1_neg_1,0.06666666666666667,0.32,7,0.7000000000000001,2.1875,0.025333333333333336,2.266666666666667,0.5816326530612246,1,1,MEIS2,neg,0,NEUROD1,neg,1,0.0125,2.16015625
RAX_neg_1,FOXL1_neg_1,0.08,0.26666666666666666,7,0.5833333333333334,2.1875,0.025333333333333336,1.7600000000000002,0.5900621118012422,1,1,RAX,neg,1,FOXL1,neg,1,0.05172413793103448,2.074353448275862
SREBF2_neg_1,ASCL1_pos_2,0.15333333333333332,0.18,9,0.391304347826087,2.173913043478261,0.0324,1.3471428571428572,0.6377952755905512,1,1,SREBF2,neg,1,ASCL1,pos,2,0.0,2.173913043478261
SREBF1_neg_1,HIC2_neg_1,0.15333333333333332,0.18,9,0.391304347826087,2.173913043478261,0.0324,1.3471428571428572,0.6377952755905512,1,1,SREBF1,neg,1,HIC2,neg,1,0.015873015873015872,2.1394064872325744
ELF5_neg_1,NEUROD1_neg_1,0.15333333333333332,0.32,16,0.6956521739130436,2.173913043478261,0.05760000000000001,2.234285714285715,0.6377952755905513,1,1,ELF5,neg,1,NEUROD1,neg,1,0.06666666666666667,2.028985507246377
CTCF_pos_6,ELF3_neg_1,0.12,0.15333333333333332,6,0.33333333333333337,2.173913043478261,0.021600000000000005,1.27,0.6136363636363638,1,1,CTCF,pos,6,ELF3,neg,1,0.0,2.173913043478261
ALX3_neg_1,ELF5_neg_1,0.12,0.15333333333333332,6,0.33333333333333337,2.173913043478261,0.021600000000000005,1.27,0.6136363636363638,1,1,ALX3,neg,1,ELF5,neg,1,0.06976744186046512,2.0222446916076846
SREBF1_neg_1,ASCL1_pos_2,0.15333333333333332,0.18,9,0.391304347826087,2.173913043478261,0.0324,1.3471428571428572,0.6377952755905512,1,1,SREBF1,neg,1,ASCL1,pos,2,0.0,2.173913043478261
CTCF_pos_6,ELF5_neg_1,0.12,0.15333333333333332,6,0.33333333333333337,2.173913043478261,0.021600000000000005,1.27,0.6136363636363638,1,1,CTCF,pos,6,ELF5,neg,1,0.0,2.173913043478261
SRY_neg_1,SREBF1_neg_1,0.1,0.15333333333333332,5,0.3333333333333333,2.1739130434782608,0.018000000000000002,1.2699999999999998,0.6000000000000001,1,1,SRY,neg,1,SREBF1,neg,1,0.046511627906976744,2.0728008088978767
LMX1A_neg_1,SREBF2_neg_1,0.1,0.15333333333333332,5,0.3333333333333333,2.1739130434782608,0.018000000000000002,1.2699999999999998,0.6000000000000001,1,1,LMX1A,neg,1,SREBF2,neg,1,0.0,2.1739130434782608
NHLH1_pos_2,SREBF1_neg_1,0.14,0.15333333333333332,7,0.3333333333333333,2.1739130434782608,0.0252,1.2699999999999998,0.627906976744186,1,1,NHLH1,pos,2,SREBF1,neg,1,0.0,2.1739130434782608
TCF4_pos_2,ELF5_neg_1,0.1,0.15333333333333332,5,0.3333333333333333,2.1739130434782608,0.018000000000000002,1.2699999999999998,0.6000000000000001,1,1,TCF4,pos,2,ELF5,neg,1,0.021739130434782608,2.126654064272212
TCF3_pos_2,ELF5_neg_1,0.1,0.15333333333333332,5,0.3333333333333333,2.1739130434782608,0.018000000000000002,1.2699999999999998,0.6000000000000001,1,1,TCF3,pos,2,ELF5,neg,1,0.022222222222222223,2.125603864734299
NHLH1_pos_2,SREBF2_neg_1,0.14,0.15333333333333332,7,0.3333333333333333,2.1739130434782608,0.0252,1.2699999999999998,0.627906976744186,1,1,NHLH1,pos,2,SREBF2,neg,1,0.0,2.1739130434782608
UNCX_neg_1,SREBF2_neg_1,0.1,0.15333333333333332,5,0.3333333333333333,2.1739130434782608,0.018000000000000002,1.2699999999999998,0.6000000000000001,1,1,UNCX,neg,1,SREBF2,neg,1,0.0,2.1739130434782608
TCF3_pos_2,SREBF1_neg_1,0.1,0.15333333333333332,5,0.3333333333333333,2.1739130434782608,0.018000000000000002,1.2699999999999998,0.6000000000000001,1,1,TCF3,pos,2,SREBF1,neg,1,0.0,2.1739130434782608
TCF4_pos_2,SREBF2_neg_1,0.1,0.15333333333333332,5,0.3333333333333333,2.1739130434782608,0.018000000000000002,1.2699999999999998,0.6000000000000001,1,1,TCF4,pos,2,SREBF2,neg,1,0.0,2.1739130434782608
TCF3_pos_2,SREBF2_neg_1,0.1,0.15333333333333332,5,0.3333333333333333,2.1739130434782608,0.018000000000000002,1.2699999999999998,0.6000000000000001,1,1,TCF3,pos,2,SREBF2,neg,1,0.0,2.1739130434782608
LMX1A_neg_1,SREBF1_neg_1,0.1,0.15333333333333332,5,0.3333333333333333,2.1739130434782608,0.018000000000000002,1.2699999999999998,0.6000000000000001,1,1,LMX1A,neg,1,SREBF1,neg,1,0.0,2.1739130434782608
POU2F2_neg_0,ELF5_neg_1,0.1,0.15333333333333332,5,0.3333333333333333,2.1739130434782608,0.018000000000000002,1.2699999999999998,0.6000000000000001,1,1,POU2F2,neg,0,ELF5,neg,1,0.0,2.1739130434782608
UNCX_neg_1,SREBF1_neg_1,0.1,0.15333333333333332,5,0.3333333333333333,2.1739130434782608,0.018000000000000002,1.2699999999999998,0.6000000000000001,1,1,UNCX,neg,1,SREBF1,neg,1,0.0,2.1739130434782608
TCF4_pos_2,SREBF1_neg_1,0.1,0.15333333333333332,5,0.3333333333333333,2.1739130434782608,0.018000000000000002,1.2699999999999998,0.6000000000000001,1,1,TCF4,pos,2,SREBF1,neg,1,0.0,2.1739130434782608
ATF4_pos_1,TFAP2C_pos_1,0.1,0.24666666666666667,8,0.5333333333333333,2.1621621621621623,0.028666666666666667,1.614285714285714,0.5972222222222222,1,1,ATF4,pos,1,TFAP2C,pos,1,0.0410958904109589,2.0733061828952244
FOSL2_pos_1,SP8_pos_1,0.12666666666666668,0.22,9,0.4736842105263157,2.1531100478468894,0.03213333333333333,1.4819999999999998,0.61323155216285,1,1,FOSL2,pos,1,SP8,pos,1,0.057971014492753624,2.028292074058664
SHOX_neg_1,NEUROD1_neg_1,0.10666666666666667,0.32,11,0.6875,2.1484375,0.0392,2.1759999999999997,0.5983717774762551,1,1,SHOX,neg,1,NEUROD1,neg,1,0.04878048780487805,2.043635670731707
LMX1B_neg_1,NEUROD1_neg_1,0.10666666666666667,0.32,11,0.6875,2.1484375,0.0392,2.1759999999999997,0.5983717774762551,1,1,LMX1B,neg,1,NEUROD1,neg,1,0.04878048780487805,2.043635670731707
MEOX2_neg_1,NEUROD1_neg_1,0.10666666666666667,0.32,11,0.6875,2.1484375,0.0392,2.1759999999999997,0.5983717774762551,1,1,MEOX2,neg,1,NEUROD1,neg,1,0.03529411764705882,2.072610294117647
JUNB_pos_1,TFAP2C_pos_1,0.11333333333333333,0.24666666666666667,9,0.5294117647058824,2.146263910969793,0.032044444444444445,1.6008333333333333,0.6023391812865496,1,1,JUNB,pos,1,TFAP2C,pos,1,0.039473684210526314,2.0615429671157224
FOS_pos_1,KLF16_pos_1,0.1,0.28,9,0.6,2.142857142857143,0.031999999999999994,1.7999999999999998,0.5925925925925924,1,1,FOS,pos,1,KLF16,pos,1,0.06896551724137931,1.9950738916256157
NR2F2_neg_1,EHF_neg_1,0.13333333333333333,0.14,6,0.3,2.142857142857143,0.021333333333333333,1.2285714285714286,0.6153846153846153,1,1,NR2F2,neg,1,EHF,neg,1,0.045454545454545456,2.0454545454545454
ATF4_pos_1,KLF16_pos_1,0.1,0.28,9,0.6,2.142857142857143,0.031999999999999994,1.7999999999999998,0.5925925925925924,1,1,ATF4,pos,1,KLF16,pos,1,0.047058823529411764,2.042016806722689
NFIC_neg_0,KLF16_pos_1,0.1,0.28,9,0.6,2.142857142857143,0.031999999999999994,1.7999999999999998,0.5925925925925924,1,1,NFIC,neg,0,KLF16,pos,1,0.010869565217391304,2.119565217391304
MNX1_neg_1,NEUROD1_neg_1,0.12666666666666668,0.32,13,0.6842105263157895,2.138157894736842,0.04613333333333333,2.1533333333333333,0.6095126247798003,1,1,MNX1,neg,1,NEUROD1,neg,1,0.05952380952380952,2.010886591478697
LMX1B_neg_1,FOXP2_neg_1,0.10666666666666667,0.14666666666666667,5,0.3125,2.1306818181818183,0.017688888888888886,1.2412121212121212,0.5940298507462686,1,1,LMX1B,neg,1,FOXP2,neg,1,0.045454545454545456,2.033832644628099
MEOX2_neg_1,FOXP2_neg_1,0.10666666666666667,0.14666666666666667,5,0.3125,2.1306818181818183,0.017688888888888886,1.2412121212121212,0.5940298507462686,1,1,MEOX2,neg,1,FOXP2,neg,1,0.06666666666666667,1.9886363636363638
FOS_pos_1,SP8_pos_1,0.1,0.22,7,0.4666666666666667,2.121212121212121,0.024666666666666667,1.4625000000000001,0.5873015873015872,1,1,FOS,pos,1,SP8,pos,1,0.04411764705882353,2.0276292335115866
ATF4_pos_1,SP8_pos_1,0.1,0.22,7,0.4666666666666667,2.121212121212121,0.024666666666666667,1.4625000000000001,0.5873015873015872,1,1,ATF4,pos,1,SP8,pos,1,0.046875,2.0217803030303028
SNAI2_pos_2,FOXL1_neg_1,0.10666666666666667,0.26666666666666666,9,0.5624999999999999,2.1093749999999996,0.03155555555555555,1.676190476190476,0.5887230514096186,1,1,SNAI2,pos,2,FOXL1,neg,1,0.0,2.1093749999999996
SHOX_neg_1,FOXL1_neg_1,0.10666666666666667,0.26666666666666666,9,0.5624999999999999,2.1093749999999996,0.03155555555555555,1.676190476190476,0.5887230514096186,1,1,SHOX,neg,1,FOXL1,neg,1,0.015625,2.0764160156249996
NKX3-2_neg_1,NEUROD1_neg_0,0.11333333333333333,0.14,5,0.29411764705882354,2.100840336134454,0.017466666666666665,1.2183333333333335,0.5909774436090225,1,1,NKX3-2,neg,1,NEUROD1,neg,0,0.0,2.100840336134454
STAT1_pos_8,NHLH1_pos_2,0.11333333333333333,0.14,5,0.29411764705882354,2.100840336134454,0.017466666666666665,1.2183333333333335,0.5909774436090225,1,1,STAT1,pos,8,NHLH1,pos,2,0.0,2.100840336134454
STAT1_pos_8,NEUROD1_neg_0,0.11333333333333333,0.14,5,0.29411764705882354,2.100840336134454,0.017466666666666665,1.2183333333333335,0.5909774436090225,1,1,STAT1,pos,8,NEUROD1,neg,0,0.0,2.100840336134454
NHLH1_pos_2,NFIX_neg_1,0.14,0.22666666666666666,10,0.47619047619047616,2.100840336134454,0.03493333333333333,1.4763636363636363,0.6093023255813953,1,1,NHLH1,pos,2,NFIX,neg,1,0.0,2.100840336134454
GSX1_neg_1,EHF_neg_1,0.11333333333333333,0.14,5,0.29411764705882354,2.100840336134454,0.017466666666666665,1.2183333333333335,0.5909774436090225,1,1,GSX1,neg,1,EHF,neg,1,0.05,1.995798319327731
TFAP2B_pos_1,ZNF740_neg_2,0.13333333333333333,0.16666666666666666,7,0.35000000000000003,2.1000000000000005,0.02444444444444445,1.2820512820512824,0.6043956043956045,1,1,TFAP2B,pos,1,ZNF740,neg,2,0.01639344262295082,2.065573770491804
SREBF1_neg_1,ZNF740_neg_2,0.15333333333333332,0.16666666666666666,8,0.3478260869565218,2.086956521739131,0.027777777777777783,1.277777777777778,0.6151574803149606,1,1,SREBF1,neg,1,ZNF740,neg,2,0.0,2.086956521739131
SREBF2_neg_1,ZNF740_neg_2,0.15333333333333332,0.16666666666666666,8,0.3478260869565218,2.086956521739131,0.027777777777777783,1.277777777777778,0.6151574803149606,1,1,SREBF2,neg,1,ZNF740,neg,2,0.0,2.086956521739131
MIXL1_neg_1,NEUROD1_neg_1,0.08,0.32,8,0.6666666666666667,2.0833333333333335,0.027733333333333336,2.0400000000000005,0.5652173913043478,1,1,MIXL1,neg,1,NEUROD1,neg,1,0.06493506493506493,1.948051948051948
HIC2_neg_1,FOXL1_neg_1,0.18,0.26666666666666666,15,0.5555555555555556,2.0833333333333335,0.052000000000000005,1.6500000000000001,0.6341463414634145,1,1,HIC2,neg,1,FOXL1,neg,1,0.0379746835443038,2.0042194092827006
MEOX2_neg_1,HIC2_neg_1,0.10666666666666667,0.18,6,0.375,2.0833333333333335,0.0208,1.312,0.582089552238806,1,1,MEOX2,neg,1,HIC2,neg,1,0.0,2.0833333333333335
HOXB3_neg_1,HIC2_neg_1,0.10666666666666667,0.18,6,0.375,2.0833333333333335,0.0208,1.312,0.582089552238806,1,1,HOXB3,neg,1,HIC2,neg,1,0.02,2.041666666666667
TCF7L1_pos_4,NEUROD1_neg_1,0.08,0.32,8,0.6666666666666667,2.0833333333333335,0.027733333333333336,2.0400000000000005,0.5652173913043478,1,1,TCF7L1,pos,4,NEUROD1,neg,1,0.012345679012345678,2.05761316872428
NR4A2_neg_1,NEUROD1_neg_1,0.08,0.32,8,0.6666666666666667,2.0833333333333335,0.027733333333333336,2.0400000000000005,0.5652173913043478,1,1,NR4A2,neg,1,NEUROD1,neg,1,0.021505376344086023,2.038530465949821
HOXC12_neg_1,NEUROD1_neg_1,0.06,0.32,6,0.6666666666666667,2.0833333333333335,0.020800000000000003,2.0400000000000005,0.5531914893617021,1,1,HOXC12,neg,1,NEUROD1,neg,1,0.02631578947368421,2.028508771929825
NFIX_neg_9,NEUROD1_neg_1,0.06,0.32,6,0.6666666666666667,2.0833333333333335,0.020800000000000003,2.0400000000000005,0.5531914893617021,1,1,NFIX,neg,9,NEUROD1,neg,1,0.0,2.0833333333333335
LEF1_neg_4,FOXL1_neg_1,0.06,0.26666666666666666,5,0.5555555555555556,2.0833333333333335,0.017333333333333333,1.6500000000000001,0.5531914893617021,1,1,LEF1,neg,4,FOXL1,neg,1,0.017857142857142856,2.0461309523809526
RAX_neg_1,NEUROD1_neg_1,0.08,0.32,8,0.6666666666666667,2.0833333333333335,0.027733333333333336,2.0400000000000005,0.5652173913043478,1,1,RAX,neg,1,NEUROD1,neg,1,0.05128205128205128,1.9764957264957266
IRF7_neg_9,FOXL1_neg_1,0.06,0.26666666666666666,5,0.5555555555555556,2.0833333333333335,0.017333333333333333,1.6500000000000001,0.5531914893617021,1,1,IRF7,neg,9,FOXL1,neg,1,0.0,2.0833333333333335
UNCX_neg_1,NEUROD1_neg_1,0.1,0.32,10,0.6666666666666666,2.083333333333333,0.034666666666666665,2.0399999999999996,0.5777777777777777,1,1,UNCX,neg,1,NEUROD1,neg,1,0.04938271604938271,1.980452674897119
LMX1A_neg_1,NEUROD1_neg_1,0.1,0.32,10,0.6666666666666666,2.083333333333333,0.034666666666666665,2.0399999999999996,0.5777777777777777,1,1,LMX1A,neg,1,NEUROD1,neg,1,0.04938271604938271,1.980452674897119
FOXP2_neg_1,SREBF2_neg_1,0.14666666666666667,0.15333333333333332,7,0.3181818181818182,2.075098814229249,0.02417777777777778,1.2417777777777776,0.6071428571428572,1,1,FOXP2,neg,1,SREBF2,neg,1,0.017857142857142856,2.0380434782608696
EGR3_neg_7,SP8_pos_1,0.07333333333333333,0.22,5,0.45454545454545453,2.0661157024793386,0.0172,1.4300000000000002,0.5568345323741007,1,1,EGR3,neg,7,SP8,pos,1,0.0,2.0661157024793386
MNX1_neg_1,SREBF2_neg_1,0.12666666666666668,0.15333333333333332,6,0.3157894736842105,2.059496567505721,0.020577777777777778,1.2374358974358974,0.5890585241730281,1,1,MNX1,neg,1,SREBF2,neg,1,0.043478260869565216,1.969953238483733
MNX1_neg_1,ELF3_neg_1,0.12666666666666668,0.15333333333333332,6,0.3157894736842105,2.059496567505721,0.020577777777777778,1.2374358974358974,0.5890585241730281,1,1,MNX1,neg,1,ELF3,neg,1,0.046511627906976744,1.963706029482199
FOSL2_pos_1,EWSR1-FLI1_neg_2,0.12666666666666668,0.18,7,0.3684210526315789,2.046783625730994,0.023866666666666668,1.2983333333333336,0.5856052344601963,1,1,FOSL2,pos,1,EWSR1-FLI1,neg,2,0.037037037037037035,1.9709768247779944
SREBF1_neg_1,NEUROD1_neg_1,0.15333333333333332,0.32,15,0.6521739130434784,2.03804347826087,0.050933333333333344,1.9550000000000005,0.6015748031496064,1,1,SREBF1,neg,1,NEUROD1,neg,1,0.042105263157894736,1.952231121281465
LMX1B_neg_1,SREBF2_neg_1,0.10666666666666667,0.15333333333333332,5,0.3125,2.0380434782608696,0.01697777777777778,1.2315151515151515,0.5701492537313433,1,1,LMX1B,neg,1,SREBF2,neg,1,0.0,2.0380434782608696
SNAI2_pos_2,ELF5_neg_1,0.10666666666666667,0.15333333333333332,5,0.3125,2.0380434782608696,0.01697777777777778,1.2315151515151515,0.5701492537313433,1,1,SNAI2,pos,2,ELF5,neg,1,0.021739130434782608,1.9937381852551985
MEOX2_neg_1,SREBF2_neg_1,0.10666666666666667,0.15333333333333332,5,0.3125,2.0380434782608696,0.01697777777777778,1.2315151515151515,0.5701492537313433,1,1,MEOX2,neg,1,SREBF2,neg,1,0.044444444444444446,1.9474637681159421
HOXB3_neg_1,SREBF1_neg_1,0.10666666666666667,0.15333333333333332,5,0.3125,2.0380434782608696,0.01697777777777778,1.2315151515151515,0.5701492537313433,1,1,HOXB3,neg,1,SREBF1,neg,1,0.06818181818181818,1.8990859683794468
LMX1B_neg_1,SREBF1_neg_1,0.10666666666666667,0.15333333333333332,5,0.3125,2.0380434782608696,0.01697777777777778,1.2315151515151515,0.5701492537313433,1,1,LMX1B,neg,1,SREBF1,neg,1,0.0,2.0380434782608696
RORC_neg_1,SREBF1_neg_1,0.10666666666666667,0.15333333333333332,5,0.3125,2.0380434782608696,0.01697777777777778,1.2315151515151515,0.5701492537313433,1,1,RORC,neg,1,SREBF1,neg,1,0.045454545454545456,1.9454051383399211
PKNOX2_pos_2,NFIX_neg_1,0.08666666666666667,0.22666666666666666,6,0.4615384615384615,2.0361990950226243,0.020355555555555557,1.436190476190476,0.5571776155717761,1,1,PKNOX2,pos,2,NFIX,neg,1,0.017543859649122806,2.0004763038818765
MEF2C_neg_4,NFIX_neg_1,0.08666666666666667,0.22666666666666666,6,0.4615384615384615,2.0361990950226243,0.020355555555555557,1.436190476190476,0.5571776155717761,1,1,MEF2C,neg,4,NFIX,neg,1,0.0,2.0361990950226243
CEBPD_pos_1,TFAP2C_pos_1,0.06666666666666667,0.24666666666666667,5,0.5,2.027027027027027,0.016888888888888887,1.5066666666666666,0.5428571428571428,1,1,CEBPD,pos,1,TFAP2C,pos,1,0.014492753623188406,1.9976498237367806
BACH2_neg_2,TFAP2C_pos_1,0.09333333333333334,0.24666666666666667,7,0.5,2.027027027027027,0.023644444444444444,1.5066666666666666,0.5588235294117647,1,1,BACH2,neg,2,TFAP2C,pos,1,0.0,2.027027027027027
CEBPE_pos_1,TFAP2C_pos_1,0.06666666666666667,0.24666666666666667,5,0.5,2.027027027027027,0.016888888888888887,1.5066666666666666,0.5428571428571428,1,1,CEBPE,pos,1,TFAP2C,pos,1,0.012987012987012988,2.0007020007020007
CEBPB_pos_1,TFAP2C_pos_1,0.06666666666666667,0.24666666666666667,5,0.5,2.027027027027027,0.016888888888888887,1.5066666666666666,0.5428571428571428,1,1,CEBPB,pos,1,TFAP2C,pos,1,0.012987012987012988,2.0007020007020007
STAT1_pos_8,NEUROD1_neg_1,0.11333333333333333,0.32,11,0.6470588235294118,2.0220588235294117,0.03706666666666667,1.9266666666666667,0.5700615174299385,1,1,STAT1,pos,8,NEUROD1,neg,1,0.0,2.0220588235294117
NKX3-2_neg_1,NEUROD1_neg_1,0.11333333333333333,0.32,11,0.6470588235294118,2.0220588235294117,0.03706666666666667,1.9266666666666667,0.5700615174299385,1,1,NKX3-2,neg,1,NEUROD1,neg,1,0.022988505747126436,1.9755747126436782
GSX1_neg_1,NEUROD1_neg_1,0.11333333333333333,0.32,11,0.6470588235294118,2.0220588235294117,0.03706666666666667,1.9266666666666667,0.5700615174299385,1,1,GSX1,neg,1,NEUROD1,neg,1,0.03614457831325301,1.9489723600283486
HOXB2_neg_1,NEUROD1_neg_1,0.11333333333333333,0.32,11,0.6470588235294118,2.0220588235294117,0.03706666666666667,1.9266666666666667,0.5700615174299385,1,1,HOXB2,neg,1,NEUROD1,neg,1,0.023529411764705882,1.9744809688581313
SPDEF_neg_1,FOXL1_neg_1,0.08666666666666667,0.26666666666666666,7,0.5384615384615384,2.019230769230769,0.02355555555555556,1.588888888888889,0.5526590198123046,1,1,SPDEF,neg,1,FOXL1,neg,1,0.013888888888888888,1.9911858974358976
NEUROD1_pos_2,NFIX_neg_1,0.14666666666666667,0.22666666666666666,10,0.45454545454545453,2.0053475935828877,0.03342222222222222,1.4177777777777778,0.5875,1,1,NEUROD1,pos,2,NFIX,neg,1,0.014705882352941176,1.9758571877949043
HOXB2_neg_1,FOXP2_neg_1,0.11333333333333333,0.14666666666666667,5,0.29411764705882354,2.0053475935828877,0.01671111111111111,1.208888888888889,0.5654135338345864,1,1,HOXB2,neg,1,FOXP2,neg,1,0.044444444444444446,1.9162210338680927
STAT1_pos_8,NEUROD1_pos_2,0.11333333333333333,0.14666666666666667,5,0.29411764705882354,2.0053475935828877,0.01671111111111111,1.208888888888889,0.5654135338345864,1,1,STAT1,pos,8,NEUROD1,pos,2,0.0,2.0053475935828877
TBX19_neg_1,NFIX_neg_1,0.07333333333333333,0.22666666666666666,5,0.45454545454545453,2.0053475935828877,0.01671111111111111,1.4177777777777778,0.5410071942446043,1,1,TBX19,neg,1,NFIX,neg,1,0.03773584905660377,1.9296740994854202
LMX1A_neg_1,FOXL1_neg_1,0.1,0.26666666666666666,8,0.5333333333333333,2.0,0.02666666666666667,1.5714285714285716,0.5555555555555556,1,1,LMX1A,neg,1,FOXL1,neg,1,0.015873015873015872,1.9682539682539684
UNCX_neg_1,FOXL1_neg_1,0.1,0.26666666666666666,8,0.5333333333333333,2.0,0.02666666666666667,1.5714285714285716,0.5555555555555556,1,1,UNCX,neg,1,FOXL1,neg,1,0.015873015873015872,1.9682539682539684
FOXP2_neg_1,NEUROD1_neg_1,0.14666666666666667,0.32,14,0.6363636363636364,1.9886363636363635,0.046400000000000004,1.8699999999999999,0.5825892857142857,1,1,FOXP2,neg,1,NEUROD1,neg,1,0.06521739130434782,1.8589426877470356
TBX19_neg_1,NEUROD1_neg_1,0.07333333333333333,0.32,7,0.6363636363636364,1.9886363636363635,0.023200000000000002,1.8699999999999999,0.5364850976361768,1,1,TBX19,neg,1,NEUROD1,neg,1,0.038461538461538464,1.9121503496503496
BACH2_neg_2,EWSR1-FLI1_neg_2,0.09333333333333334,0.18,5,0.3571428571428571,1.984126984126984,0.016533333333333334,1.2755555555555556,0.5470588235294118,1,1,BACH2,neg,2,EWSR1-FLI1,neg,2,0.08695652173913043,1.8115942028985508
ZSCAN4_pos_3,KLF16_pos_1,0.06,0.28,5,0.5555555555555556,1.984126984126984,0.01653333333333333,1.62,0.5276595744680851,1,1,ZSCAN4,pos,3,KLF16,pos,1,0.031914893617021274,1.92080378250591
JUN_pos_1,EWSR1-FLI1_neg_2,0.09333333333333334,0.18,5,0.3571428571428571,1.984126984126984,0.016533333333333334,1.2755555555555556,0.5470588235294118,1,1,JUN,pos,1,EWSR1-FLI1,neg,2,0.019230769230769232,1.9459706959706957
HES5_pos_1,EWSR1-FLI1_neg_2,0.09333333333333334,0.18,5,0.3571428571428571,1.984126984126984,0.016533333333333334,1.2755555555555556,0.5470588235294118,1,1,HES5,pos,1,EWSR1-FLI1,neg,2,0.0,1.984126984126984
JUN_pos_1,ASCL1_pos_2,0.09333333333333334,0.18,5,0.3571428571428571,1.984126984126984,0.016533333333333334,1.2755555555555556,0.5470588235294118,1,1,JUN,pos,1,ASCL1,pos,2,0.0,1.984126984126984
FOXG1_neg_1,HIC2_neg_1,0.09333333333333334,0.18,5,0.3571428571428571,1.984126984126984,0.016533333333333334,1.2755555555555556,0.5470588235294118,1,1,FOXG1,neg,1,HIC2,neg,1,0.04,1.9047619047619044
SMAD2_pos_8,EWSR1-FLI1_neg_2,0.09333333333333334,0.18,5,0.3571428571428571,1.984126984126984,0.016533333333333334,1.2755555555555556,0.5470588235294118,1,1,SMAD2,pos,8,EWSR1-FLI1,neg,2,0.0,1.984126984126984
SCRT1_pos_1,ASCL1_pos_2,0.09333333333333334,0.18,5,0.3571428571428571,1.984126984126984,0.016533333333333334,1.2755555555555556,0.5470588235294118,1,1,SCRT1,pos,1,ASCL1,pos,2,0.0,1.984126984126984
ALX3_neg_1,NHLH1_pos_2,0.12,0.14,5,0.2777777777777778,1.984126984126984,0.01653333333333333,1.1907692307692308,0.5636363636363636,1,1,ALX3,neg,1,NHLH1,pos,2,0.023255813953488372,1.9379844961240307
FOSL2_pos_1,TFAP2A_pos_1,0.12666666666666668,0.13333333333333333,5,0.2631578947368421,1.9736842105263157,0.016444444444444442,1.176190476190476,0.564885496183206,1,1,FOSL2,pos,1,TFAP2A,pos,1,0.0,1.9736842105263157
FOSL2_pos_1,TFAP2B_pos_1,0.12666666666666668,0.13333333333333333,5,0.2631578947368421,1.9736842105263157,0.016444444444444442,1.176190476190476,0.564885496183206,1,1,FOSL2,pos,1,TFAP2B,pos,1,0.0,1.9736842105263157
NKX3-2_neg_1,ASCL1_pos_2,0.11333333333333333,0.18,6,0.35294117647058826,1.9607843137254903,0.019600000000000003,1.2672727272727276,0.5526315789473685,1,1,NKX3-2,neg,1,ASCL1,pos,2,0.0196078431372549,1.9223375624759709
JUNB_pos_1,EWSR1-FLI1_neg_2,0.11333333333333333,0.18,6,0.35294117647058826,1.9607843137254903,0.019600000000000003,1.2672727272727276,0.5526315789473685,1,1,JUNB,pos,1,EWSR1-FLI1,neg,2,0.019230769230769232,1.9230769230769231
CTCF_pos_6,NFIX_neg_1,0.12,0.22666666666666666,8,0.4444444444444445,1.9607843137254903,0.02613333333333334,1.392,0.5568181818181819,1,1,CTCF,pos,6,NFIX,neg,1,0.0,1.9607843137254903
NR2F2_neg_1,ELF5_neg_1,0.13333333333333333,0.15333333333333332,6,0.3,1.9565217391304348,0.01955555555555556,1.2095238095238097,0.5641025641025641,1,1,NR2F2,neg,1,ELF5,neg,1,0.02127659574468085,1.9148936170212765
SNAI2_neg_4,NEUROD1_neg_1,0.05333333333333334,0.32,5,0.625,1.953125,0.016266666666666665,1.8133333333333332,0.5154929577464789,1,1,SNAI2,neg,4,NEUROD1,neg,1,0.012987012987012988,1.9277597402597402
USF1_pos_4,NEUROD1_neg_1,0.05333333333333334,0.32,5,0.625,1.953125,0.016266666666666665,1.8133333333333332,0.5154929577464789,1,1,USF1,pos,4,NEUROD1,neg,1,0.013157894736842105,1.927425986842105
EHF_neg_1,NEUROD1_pos_2,0.14,0.14666666666666667,6,0.2857142857142857,1.948051948051948,0.019466666666666667,1.1946666666666665,0.5658914728682171,1,1,EHF,neg,1,NEUROD1,pos,2,0.02,1.909090909090909
BACH2_neg_2,SP8_pos_1,0.09333333333333334,0.22,6,0.42857142857142855,1.948051948051948,0.019466666666666667,1.3650000000000002,0.536764705882353,1,1,BACH2,neg,2,SP8,pos,1,0.015151515151515152,1.9185360094451003
IRF5_neg_2,KLF16_pos_1,0.07333333333333333,0.28,6,0.5454545454545454,1.9480519480519478,0.019466666666666667,1.5839999999999999,0.525179856115108,1,1,IRF5,neg,2,KLF16,pos,1,0.024390243902439025,1.9005384859043393
EGR3_neg_7,KLF16_pos_1,0.07333333333333333,0.28,6,0.5454545454545454,1.9480519480519478,0.019466666666666667,1.5839999999999999,0.525179856115108,1,1,EGR3,neg,7,KLF16,pos,1,0.0,1.9480519480519478
TFAP2A_pos_1,EWSR1-FLI1_neg_2,0.13333333333333333,0.18,7,0.35000000000000003,1.9444444444444446,0.02266666666666667,1.2615384615384617,0.5604395604395604,1,1,TFAP2A,pos,1,EWSR1-FLI1,neg,2,0.0136986301369863,1.9178082191780823
TFAP2B_pos_1,EWSR1-FLI1_neg_2,0.13333333333333333,0.18,7,0.35000000000000003,1.9444444444444446,0.02266666666666667,1.2615384615384617,0.5604395604395604,1,1,TFAP2B,pos,1,EWSR1-FLI1,neg,2,0.015625,1.9140625000000002
NOTO_pos_1,NFIC_neg_2,0.10666666666666667,0.19333333333333333,6,0.375,1.9396551724137931,0.01937777777777778,1.2906666666666666,0.5422885572139304,1,1,NOTO,pos,1,NFIC,neg,2,0.018867924528301886,1.9030579050097594
RORC_neg_1,NFIX_neg_1,0.10666666666666667,0.22666666666666666,7,0.4375,1.9301470588235294,0.02248888888888889,1.3748148148148147,0.5394456289978679,1,1,RORC,neg,1,NFIX,neg,1,0.0,1.9301470588235294
SPDEF_neg_1,NEUROD1_neg_1,0.08666666666666667,0.32,8,0.6153846153846154,1.9230769230769231,0.0256,1.768,0.5255474452554745,1,1,SPDEF,neg,1,NEUROD1,neg,1,0.010752688172043012,1.902398676592225
GBX2_neg_1,ELF5_neg_1,0.11333333333333333,0.15333333333333332,5,0.29411764705882354,1.9181585677749362,0.015955555555555556,1.1994444444444445,0.5398496240601504,1,1,GBX2,neg,1,ELF5,neg,1,0.047619047619047616,1.8268176835951773
NEUROD2_neg_1,SREBF1_neg_1,0.11333333333333333,0.15333333333333332,5,0.29411764705882354,1.9181585677749362,0.015955555555555556,1.1994444444444445,0.5398496240601504,1,1,NEUROD2,neg,1,SREBF1,neg,1,0.043478260869565216,1.834760369176026
NEUROD2_neg_1,ELF5_neg_1,0.11333333333333333,0.15333333333333332,5,0.29411764705882354,1.9181585677749362,0.015955555555555556,1.1994444444444445,0.5398496240601504,1,1,NEUROD2,neg,1,ELF5,neg,1,0.0,1.9181585677749362
STAT1_pos_8,ELF3_neg_1,0.11333333333333333,0.15333333333333332,5,0.29411764705882354,1.9181585677749362,0.015955555555555556,1.1994444444444445,0.5398496240601504,1,1,STAT1,pos,8,ELF3,neg,1,0.0,1.9181585677749362
PITX3_pos_1,KLF16_pos_1,0.1,0.28,8,0.5333333333333333,1.9047619047619047,0.025333333333333333,1.5428571428571427,0.5277777777777778,1,1,PITX3,pos,1,KLF16,pos,1,0.023255813953488372,1.8604651162790695
SP2_neg_7,TFAP2C_pos_1,0.1,0.24666666666666667,7,0.4666666666666667,1.8918918918918919,0.022,1.4124999999999999,0.5238095238095237,1,1,SP2,neg,7,TFAP2C,pos,1,0.0,1.8918918918918919
NFIC_neg_0,TFAP2C_pos_1,0.1,0.24666666666666667,7,0.4666666666666667,1.8918918918918919,0.022,1.4124999999999999,0.5238095238095237,1,1,NFIC,neg,0,TFAP2C,pos,1,0.0,1.8918918918918919
ZNF354C_neg_7,FOXL1_neg_1,0.06666666666666667,0.26666666666666666,5,0.5,1.875,0.015555555555555555,1.4666666666666668,0.5,1,1,ZNF354C,neg,7,FOXL1,neg,1,0.0,1.875
IRF3_neg_6,FOXL1_neg_1,0.08,0.26666666666666666,6,0.5,1.875,0.018666666666666668,1.4666666666666668,0.5072463768115942,1,1,IRF3,neg,6,FOXL1,neg,1,0.0,1.875
TCF7L1_pos_4,FOXL1_neg_1,0.08,0.26666666666666666,6,0.5,1.875,0.018666666666666668,1.4666666666666668,0.5072463768115942,1,1,TCF7L1,pos,4,FOXL1,neg,1,0.016666666666666666,1.84375
ID4_pos_2,FOXL1_neg_1,0.09333333333333334,0.26666666666666666,7,0.5,1.875,0.021777777777777778,1.4666666666666668,0.5147058823529411,1,1,ID4,pos,2,FOXL1,neg,1,0.0,1.875
FOXC2_neg_4,FOXL1_neg_1,0.06666666666666667,0.26666666666666666,5,0.5,1.875,0.015555555555555555,1.4666666666666668,0.5,1,1,FOXC2,neg,4,FOXL1,neg,1,0.0,1.875
NEUROG2_neg_1,FOXL1_neg_1,0.10666666666666667,0.26666666666666666,8,0.5,1.875,0.02488888888888889,1.4666666666666668,0.5223880597014925,1,1,NEUROG2,neg,1,FOXL1,neg,1,0.031746031746031744,1.8154761904761905
LMX1B_neg_1,FOXL1_neg_1,0.10666666666666667,0.26666666666666666,8,0.5,1.875,0.02488888888888889,1.4666666666666668,0.5223880597014925,1,1,LMX1B,neg,1,FOXL1,neg,1,0.015625,1.845703125
ZIC3_neg_0,NEUROD1_neg_1,0.1,0.32,9,0.6,1.875,0.027999999999999997,1.6999999999999997,0.5185185185185185,1,1,ZIC3,neg,0,NEUROD1,neg,1,0.0,1.875
FIGLA_pos_2,FOXL1_neg_1,0.08,0.26666666666666666,6,0.5,1.875,0.018666666666666668,1.4666666666666668,0.5072463768115942,1,1,FIGLA,pos,2,FOXL1,neg,1,0.0,1.875
GRHL2_pos_8,FOXL1_neg_1,0.06666666666666667,0.26666666666666666,5,0.5,1.875,0.015555555555555555,1.4666666666666668,0.5,1,1,GRHL2,pos,8,FOXL1,neg,1,0.017543859649122806,1.8421052631578947
MEIS2_neg_0,FOXL1_neg_1,0.06666666666666667,0.26666666666666666,5,0.5,1.875,0.015555555555555555,1.4666666666666668,0.5,1,1,MEIS2,neg,0,FOXL1,neg,1,0.0,1.875
MEOX2_neg_1,FOXL1_neg_1,0.10666666666666667,0.26666666666666666,8,0.5,1.875,0.02488888888888889,1.4666666666666668,0.5223880597014925,1,1,MEOX2,neg,1,FOXL1,neg,1,0.015151515151515152,1.8465909090909092
CEBPA_pos_8,FOXL1_neg_1,0.08,0.26666666666666666,6,0.5,1.875,0.018666666666666668,1.4666666666666668,0.5072463768115942,1,1,CEBPA,pos,8,FOXL1,neg,1,0.0,1.875
PKNOX2_pos_2,TFAP2C_pos_1,0.08666666666666667,0.24666666666666667,6,0.4615384615384615,1.871101871101871,0.01862222222222222,1.3990476190476189,0.5097323600973236,1,1,PKNOX2,pos,2,TFAP2C,pos,1,0.0,1.871101871101871
NHLH1_pos_2,ELF5_neg_1,0.14,0.15333333333333332,6,0.2857142857142857,1.8633540372670807,0.018533333333333332,1.1853333333333333,0.5387596899224806,1,1,NHLH1,pos,2,ELF5,neg,1,0.0196078431372549,1.826817683595177
NHLH1_pos_2,ELF3_neg_1,0.14,0.15333333333333332,6,0.2857142857142857,1.8633540372670807,0.018533333333333332,1.1853333333333333,0.5387596899224806,1,1,NHLH1,pos,2,ELF3,neg,1,0.02040816326530612,1.8253264038534667
FOXP2_neg_1,NEUROD1_pos_2,0.14666666666666667,0.14666666666666667,6,0.2727272727272727,1.8595041322314048,0.018488888888888888,1.1733333333333331,0.5416666666666666,1,1,FOXP2,neg,1,NEUROD1,pos,2,0.0,1.8595041322314048
NEUROD1_pos_2,FOXP2_neg_1,0.14666666666666667,0.14666666666666667,6,0.2727272727272727,1.8595041322314048,0.018488888888888888,1.1733333333333331,0.5416666666666666,1,1,NEUROD1,pos,2,FOXP2,neg,1,0.0,1.8595041322314048
ALX3_neg_1,HIC2_neg_1,0.12,0.18,6,0.33333333333333337,1.851851851851852,0.018400000000000003,1.2300000000000002,0.5227272727272728,1,1,ALX3,neg,1,HIC2,neg,1,0.0392156862745098,1.77923021060276
SRY_neg_1,ASCL1_pos_2,0.1,0.18,5,0.3333333333333333,1.8518518518518519,0.015333333333333334,1.23,0.5111111111111112,1,1,SRY,neg,1,ASCL1,pos,2,0.021739130434782608,1.8115942028985508
POU2F2_neg_0,HIC2_neg_1,0.1,0.18,5,0.3333333333333333,1.8518518518518519,0.015333333333333334,1.23,0.5111111111111112,1,1,POU2F2,neg,0,HIC2,neg,1,0.0,1.8518518518518519
EHF_neg_1,ASCL1_pos_2,0.14,0.18,7,0.3333333333333333,1.8518518518518519,0.02146666666666667,1.23,0.5348837209302326,1,1,EHF,neg,1,ASCL1,pos,2,0.017857142857142856,1.8187830687830686
NFIC_neg_0,EWSR1-FLI1_neg_2,0.1,0.18,5,0.3333333333333333,1.8518518518518519,0.015333333333333334,1.23,0.5111111111111112,1,1,NFIC,neg,0,EWSR1-FLI1,neg,2,0.0,1.8518518518518519
JUN_pos_1,NFIC_neg_2,0.09333333333333334,0.19333333333333333,5,0.3571428571428571,1.8472906403940885,0.015288888888888887,1.2548148148148146,0.5058823529411764,1,1,JUN,pos,1,NFIC,neg,2,0.017857142857142856,1.8143033075299082
ZEB1_neg_3,TFAP2C_pos_1,0.07333333333333333,0.24666666666666667,5,0.45454545454545453,1.8427518427518426,0.015244444444444442,1.3811111111111112,0.4935251798561151,1,1,ZEB1,neg,3,TFAP2C,pos,1,0.0,1.8427518427518426
FIGLA_pos_2,NFIX_neg_1,0.08,0.22666666666666666,5,0.41666666666666663,1.838235294117647,0.015200000000000002,1.3257142857142856,0.4956521739130435,1,1,FIGLA,pos,2,NFIX,neg,1,0.0,1.838235294117647
CEBPA_pos_8,NFIX_neg_1,0.08,0.22666666666666666,5,0.41666666666666663,1.838235294117647,0.015200000000000002,1.3257142857142856,0.4956521739130435,1,1,CEBPA,pos,8,NFIX,neg,1,0.0,1.838235294117647
ZEB1_neg_4,NFIX_neg_1,0.08,0.22666666666666666,5,0.41666666666666663,1.838235294117647,0.015200000000000002,1.3257142857142856,0.4956521739130435,1,1,ZEB1,neg,4,NFIX,neg,1,0.0,1.838235294117647
ELF5_neg_1,ZNF740_neg_2,0.15333333333333332,0.16666666666666666,7,0.30434782608695654,1.8260869565217392,0.021111111111111115,1.1979166666666667,0.5343082114735659,1,1,ELF5,neg,1,ZNF740,neg,2,0.0,1.8260869565217392
ZNF740_neg_2,SP8_pos_1,0.16666666666666666,0.22,10,0.4,1.8181818181818183,0.03,1.3,0.5399999999999999,1,1,ZNF740,neg,2,SP8,pos,1,0.025,1.772727272727273
TFAP2A_pos_1,ZNF740_neg_2,0.13333333333333333,0.16666666666666666,6,0.3,1.8,0.01777777777777778,1.1904761904761907,0.5128205128205129,1,1,TFAP2A,pos,1,ZNF740,neg,2,0.014285714285714285,1.7742857142857145
CEBPB_pos_1,KLF16_pos_1,0.06666666666666667,0.28,5,0.5,1.7857142857142856,0.014666666666666665,1.44,0.47142857142857136,1,1,CEBPB,pos,1,KLF16,pos,1,0.011111111111111112,1.7658730158730158
BACH2_neg_2,KLF16_pos_1,0.09333333333333334,0.28,7,0.5,1.7857142857142856,0.02053333333333333,1.44,0.48529411764705876,1,1,BACH2,neg,2,KLF16,pos,1,0.011363636363636364,1.7654220779220777
PKNOX2_pos_4,KLF16_pos_1,0.06666666666666667,0.28,5,0.5,1.7857142857142856,0.014666666666666665,1.44,0.47142857142857136,1,1,PKNOX2,pos,4,KLF16,pos,1,0.012048192771084338,1.7641996557659205
NR2F2_neg_1,NHLH1_pos_2,0.13333333333333333,0.14,5,0.25,1.7857142857142856,0.014666666666666665,1.1466666666666667,0.5076923076923076,1,1,NR2F2,neg,1,NHLH1,pos,2,0.0,1.7857142857142856
CEBPD_pos_1,KLF16_pos_1,0.06666666666666667,0.28,5,0.5,1.7857142857142856,0.014666666666666665,1.44,0.47142857142857136,1,1,CEBPD,pos,1,KLF16,pos,1,0.012195121951219513,1.763937282229965
CEBPE_pos_1,KLF16_pos_1,0.06666666666666667,0.28,5,0.5,1.7857142857142856,0.014666666666666665,1.44,0.47142857142857136,1,1,CEBPE,pos,1,KLF16,pos,1,0.011111111111111112,1.7658730158730158
NEUROD1_pos_2,ELF5_neg_1,0.14666666666666667,0.15333333333333332,6,0.2727272727272727,1.7786561264822134,0.017511111111111113,1.1641666666666666,0.5130208333333334,1,1,NEUROD1,pos,2,ELF5,neg,1,0.019230769230769232,1.74445120097294
NEUROD1_pos_2,HIC2_neg_1,0.14666666666666667,0.18,7,0.3181818181818182,1.7676767676767677,0.02026666666666667,1.2026666666666666,0.5089285714285715,1,1,NEUROD1,pos,2,HIC2,neg,1,0.01694915254237288,1.7377161444958056
FOXP2_neg_1,HIC2_neg_1,0.14666666666666667,0.18,7,0.3181818181818182,1.7676767676767677,0.02026666666666667,1.2026666666666666,0.5089285714285715,1,1,FOXP2,neg,1,HIC2,neg,1,0.05,1.6792929292929293
GSX1_neg_1,FOXL1_neg_1,0.11333333333333333,0.26666666666666666,8,0.4705882352941177,1.7647058823529413,0.023111111111111117,1.3851851851851855,0.4887218045112783,1,1,GSX1,neg,1,FOXL1,neg,1,0.031746031746031744,1.708683473389356
STAT1_pos_8,FOXL1_neg_1,0.11333333333333333,0.26666666666666666,8,0.4705882352941177,1.7647058823529413,0.023111111111111117,1.3851851851851855,0.4887218045112783,1,1,STAT1,pos,8,FOXL1,neg,1,0.0,1.7647058823529413
HOXB3_neg_1,NEUROD1_neg_1,0.10666666666666667,0.32,9,0.5624999999999999,1.7578124999999996,0.025866666666666663,1.5542857142857138,0.4825870646766169,1,1,HOXB3,neg,1,NEUROD1,neg,1,0.023809523809523808,1.715959821428571
TCF3_pos_2,FOXL1_neg_1,0.1,0.26666666666666666,7,0.4666666666666667,1.75,0.02,1.3750000000000002,0.47619047619047616,1,1,TCF3,pos,2,FOXL1,neg,1,0.0,1.75
TCF4_pos_2,FOXL1_neg_1,0.1,0.26666666666666666,7,0.4666666666666667,1.75,0.02,1.3750000000000002,0.47619047619047616,1,1,TCF4,pos,2,FOXL1,neg,1,0.0,1.75
MAF_neg_2,SP8_pos_1,0.08666666666666667,0.22,5,0.3846153846153846,1.7482517482517481,0.014266666666666667,1.2675,0.4686131386861314,1,1,MAF,neg,2,SP8,pos,1,0.0,1.7482517482517481
ZSCAN4_neg_3,SP8_pos_1,0.08666666666666667,0.22,5,0.3846153846153846,1.7482517482517481,0.014266666666666667,1.2675,0.4686131386861314,1,1,ZSCAN4,neg,3,SP8,pos,1,0.0273972602739726,1.7003544400804673
TGIF2_pos_4,NEUROD1_neg_1,0.06,0.32,5,0.5555555555555556,1.7361111111111112,0.014133333333333335,1.53,0.45106382978723414,1,1,TGIF2,pos,4,NEUROD1,neg,1,0.0,1.7361111111111112
RORC_neg_1,HIC2_neg_1,0.10666666666666667,0.18,5,0.3125,1.7361111111111112,0.014133333333333331,1.1927272727272729,0.4746268656716417,1,1,RORC,neg,1,HIC2,neg,1,0.041666666666666664,1.6637731481481484
ZBTB7B_neg_6,NEUROD1_neg_1,0.06,0.32,5,0.5555555555555556,1.7361111111111112,0.014133333333333335,1.53,0.45106382978723414,1,1,ZBTB7B,neg,6,NEUROD1,neg,1,0.0,1.7361111111111112
NEUROG2_neg_1,HIC2_neg_1,0.10666666666666667,0.18,5,0.3125,1.7361111111111112,0.014133333333333331,1.1927272727272729,0.4746268656716417,1,1,NEUROG2,neg,1,HIC2,neg,1,0.02,1.7013888888888888
FOXA1_neg_6,NEUROD1_neg_1,0.06,0.32,5,0.5555555555555556,1.7361111111111112,0.014133333333333335,1.53,0.45106382978723414,1,1,FOXA1,neg,6,NEUROD1,neg,1,0.0,1.7361111111111112
LMX1B_neg_1,HIC2_neg_1,0.10666666666666667,0.18,5,0.3125,1.7361111111111112,0.014133333333333331,1.1927272727272729,0.4746268656716417,1,1,LMX1B,neg,1,HIC2,neg,1,0.02,1.7013888888888888
LEF1_neg_4,NEUROD1_neg_1,0.06,0.32,5,0.5555555555555556,1.7361111111111112,0.014133333333333335,1.53,0.45106382978723414,1,1,LEF1,neg,4,NEUROD1,neg,1,0.012987012987012988,1.7135642135642135
MEF2C_neg_4,FOXL1_neg_1,0.08666666666666667,0.26666666666666666,6,0.4615384615384615,1.7307692307692306,0.01688888888888889,1.3619047619047617,0.4622871046228711,1,1,MEF2C,neg,4,FOXL1,neg,1,0.0,1.7307692307692306
NFIC_neg_0,NFIC_neg_2,0.1,0.19333333333333333,5,0.3333333333333333,1.7241379310344827,0.013999999999999999,1.2099999999999997,0.4666666666666666,1,1,NFIC,neg,0,NFIC,neg,2,0.0,1.7241379310344827
NFE2_pos_1,NFIC_neg_2,0.1,0.19333333333333333,5,0.3333333333333333,1.7241379310344827,0.013999999999999999,1.2099999999999997,0.4666666666666666,1,1,NFE2,pos,1,NFIC,neg,2,0.0,1.7241379310344827
ZIC3_neg_0,NFIC_neg_2,0.1,0.19333333333333333,5,0.3333333333333333,1.7241379310344827,0.013999999999999999,1.2099999999999997,0.4666666666666666,1,1,ZIC3,neg,0,NFIC,neg,2,0.0,1.7241379310344827
FOS_pos_1,NFIC_neg_2,0.1,0.19333333333333333,5,0.3333333333333333,1.7241379310344827,0.013999999999999999,1.2099999999999997,0.4666666666666666,1,1,FOS,pos,1,NFIC,neg,2,0.03571428571428571,1.6625615763546797
MNX1_neg_1,ELF5_neg_1,0.12666666666666668,0.15333333333333332,5,0.2631578947368421,1.7162471395881007,0.01391111111111111,1.1490476190476189,0.4778625954198473,1,1,MNX1,neg,1,ELF5,neg,1,0.06818181818181818,1.5992302891616395
EHF_neg_1,ZNF740_neg_2,0.14,0.16666666666666666,6,0.2857142857142857,1.7142857142857142,0.016666666666666666,1.1666666666666667,0.4844961240310077,1,1,EHF,neg,1,ZNF740,neg,2,0.0,1.7142857142857142
ZNF740_neg_2,KLF16_pos_1,0.16666666666666666,0.28,12,0.48000000000000004,1.7142857142857142,0.03333333333333333,1.3846153846153846,0.5,1,1,ZNF740,neg,2,KLF16,pos,1,0.0297029702970297,1.6633663366336633
FOXD2_pos_8,FOXL1_neg_1,0.07333333333333333,0.26666666666666666,5,0.45454545454545453,1.7045454545454546,0.013777777777777778,1.3444444444444446,0.44604316546762596,1,1,FOXD2,pos,8,FOXL1,neg,1,0.0,1.7045454545454546
FOXP3_pos_8,FOXL1_neg_1,0.07333333333333333,0.26666666666666666,5,0.45454545454545453,1.7045454545454546,0.013777777777777778,1.3444444444444446,0.44604316546762596,1,1,FOXP3,pos,8,FOXL1,neg,1,0.0,1.7045454545454546
EGR3_neg_7,FOXL1_neg_1,0.07333333333333333,0.26666666666666666,5,0.45454545454545453,1.7045454545454546,0.013777777777777778,1.3444444444444446,0.44604316546762596,1,1,EGR3,neg,7,FOXL1,neg,1,0.0,1.7045454545454546
FOXI1_pos_8,FOXL1_neg_1,0.07333333333333333,0.26666666666666666,5,0.45454545454545453,1.7045454545454546,0.013777777777777778,1.3444444444444446,0.44604316546762596,1,1,FOXI1,pos,8,FOXL1,neg,1,0.0,1.7045454545454546
FOXO4_pos_8,FOXL1_neg_1,0.07333333333333333,0.26666666666666666,5,0.45454545454545453,1.7045454545454546,0.013777777777777778,1.3444444444444446,0.44604316546762596,1,1,FOXO4,pos,8,FOXL1,neg,1,0.0,1.7045454545454546
FOXO6_pos_8,FOXL1_neg_1,0.07333333333333333,0.26666666666666666,5,0.45454545454545453,1.7045454545454546,0.013777777777777778,1.3444444444444446,0.44604316546762596,1,1,FOXO6,pos,8,FOXL1,neg,1,0.0,1.7045454545454546
RFX4_neg_0,NEUROD1_neg_1,0.07333333333333333,0.32,6,0.5454545454545454,1.7045454545454544,0.016533333333333334,1.4959999999999998,0.44604316546762596,1,1,RFX4,neg,0,NEUROD1,neg,1,0.0,1.7045454545454544
NEUROD1_neg_0,NHLH1_pos_2,0.14,0.14,5,0.23809523809523808,1.7006802721088432,0.01373333333333333,1.1287500000000001,0.47906976744186036,1,1,NEUROD1,neg,0,NHLH1,pos,2,0.04,1.6326530612244894
EHF_neg_1,NHLH1_pos_2,0.14,0.14,5,0.23809523809523808,1.7006802721088432,0.01373333333333333,1.1287500000000001,0.47906976744186036,1,1,EHF,neg,1,NHLH1,pos,2,0.02040816326530612,1.6659725114535606
NHLH1_pos_2,NEUROD1_neg_0,0.14,0.14,5,0.23809523809523808,1.7006802721088432,0.01373333333333333,1.1287500000000001,0.47906976744186036,1,1,NHLH1,pos,2,NEUROD1,neg,0,0.04,1.6326530612244894
NHLH1_pos_2,EHF_neg_1,0.14,0.14,5,0.23809523809523808,1.7006802721088432,0.01373333333333333,1.1287500000000001,0.47906976744186036,1,1,NHLH1,pos,2,EHF,neg,1,0.02040816326530612,1.6659725114535606
ZNF740_neg_8,TFAP2C_pos_1,0.08,0.24666666666666667,5,0.41666666666666663,1.689189189189189,0.013599999999999998,1.2914285714285714,0.4434782608695651,1,1,ZNF740,neg,8,TFAP2C,pos,1,0.0,1.689189189189189
NEUROD1_neg_0,NFIX_neg_1,0.14,0.22666666666666666,8,0.38095238095238093,1.680672268907563,0.0216,1.2492307692307691,0.47093023255813954,1,1,NEUROD1,neg,0,NFIX,neg,1,0.0,1.680672268907563
NR2F2_neg_1,ASCL1_pos_2,0.13333333333333333,0.18,6,0.3,1.6666666666666667,0.016,1.1714285714285715,0.46153846153846145,1,1,NR2F2,neg,1,ASCL1,pos,2,0.0,1.6666666666666667
TCF3_pos_2,NEUROD1_neg_1,0.1,0.32,8,0.5333333333333333,1.6666666666666665,0.021333333333333336,1.457142857142857,0.4444444444444445,1,1,TCF3,pos,2,NEUROD1,neg,1,0.011494252873563218,1.6475095785440612
NEUROD1_pos_4,NEUROD1_neg_1,0.1,0.32,8,0.5333333333333333,1.6666666666666665,0.021333333333333336,1.457142857142857,0.4444444444444445,1,1,NEUROD1,pos,4,NEUROD1,neg,1,0.047058823529411764,1.5882352941176467
TCF4_pos_2,NEUROD1_neg_1,0.1,0.32,8,0.5333333333333333,1.6666666666666665,0.021333333333333336,1.457142857142857,0.4444444444444445,1,1,TCF4,pos,2,NEUROD1,neg,1,0.011363636363636364,1.6477272727272727
SP2_neg_7,KLF16_pos_1,0.1,0.28,7,0.4666666666666667,1.6666666666666665,0.018666666666666665,1.3499999999999999,0.44444444444444436,1,1,SP2,neg,7,KLF16,pos,1,0.0,1.6666666666666665
EWSR1-FLI1_neg_2,TFAP2C_pos_1,0.18,0.24666666666666667,11,0.40740740740740744,1.6516516516516517,0.028933333333333332,1.27125,0.48115299334811523,1,1,EWSR1-FLI1,neg,2,TFAP2C,pos,1,0.021739130434782608,1.6157461809635725
ZNF740_neg_2,FOXL1_neg_1,0.16666666666666666,0.26666666666666666,11,0.44,1.6500000000000001,0.028888888888888895,1.3095238095238095,0.4727272727272728,1,1,ZNF740,neg,2,FOXL1,neg,1,0.0,1.6500000000000001
NRL_pos_2,KLF16_pos_1,0.08666666666666667,0.28,6,0.4615384615384615,1.648351648351648,0.015733333333333332,1.337142857142857,0.4306569343065693,1,1,NRL,pos,2,KLF16,pos,1,0.0,1.648351648351648
HIC2_neg_1,ASCL1_pos_2,0.18,0.18,8,0.29629629629629634,1.6460905349794241,0.02093333333333334,1.165263157894737,0.4786585365853659,1,1,HIC2,neg,1,ASCL1,pos,2,0.047619047619047616,1.5677052714089752
ASCL1_pos_2,HIC2_neg_1,0.18,0.18,8,0.29629629629629634,1.6460905349794241,0.02093333333333334,1.165263157894737,0.4786585365853659,1,1,ASCL1,pos,2,HIC2,neg,1,0.047619047619047616,1.5677052714089752
RORC_neg_1,FOXL1_neg_1,0.10666666666666667,0.26666666666666666,7,0.4375,1.640625,0.018222222222222223,1.3037037037037038,0.43710021321961623,1,1,RORC,neg,1,FOXL1,neg,1,0.0847457627118644,1.5015889830508475
ASCL1_pos_2,NFIX_neg_1,0.18,0.22666666666666666,10,0.3703703703703704,1.6339869281045754,0.02586666666666667,1.2282352941176473,0.4731707317073171,1,1,ASCL1,pos,2,NFIX,neg,1,0.0,1.6339869281045754
STAT1_pos_8,ASCL1_pos_2,0.11333333333333333,0.18,5,0.29411764705882354,1.6339869281045754,0.012933333333333335,1.1616666666666668,0.43759398496240604,1,1,STAT1,pos,8,ASCL1,pos,2,0.0,1.6339869281045754
TFAP2B_pos_0,ASCL1_pos_2,0.11333333333333333,0.18,5,0.29411764705882354,1.6339869281045754,0.012933333333333335,1.1616666666666668,0.43759398496240604,1,1,TFAP2B,pos,0,ASCL1,pos,2,0.019230769230769232,1.6025641025641026
NHLH1_pos_2,FOXP2_neg_1,0.14,0.14666666666666667,5,0.23809523809523808,1.6233766233766234,0.012799999999999999,1.1199999999999999,0.4465116279069767,1,1,NHLH1,pos,2,FOXP2,neg,1,0.018867924528301886,1.5927468757657437
ZNF740_neg_2,TFAP2C_pos_1,0.16666666666666666,0.24666666666666667,10,0.4,1.6216216216216217,0.025555555555555554,1.2555555555555555,0.4599999999999999,1,1,ZNF740,neg,2,TFAP2C,pos,1,0.011111111111111112,1.6036036036036037
TCF3_pos_2,TFAP2C_pos_1,0.1,0.24666666666666667,6,0.39999999999999997,1.6216216216216215,0.01533333333333333,1.2555555555555553,0.4259259259259258,1,1,TCF3,pos,2,TFAP2C,pos,1,0.0,1.6216216216216215
FOSL1_pos_1,NFIC_neg_2,0.10666666666666667,0.19333333333333333,5,0.3125,1.6163793103448276,0.01271111111111111,1.1733333333333333,0.426865671641791,1,1,FOSL1,pos,1,NFIC,neg,2,0.0,1.6163793103448276
SP3_neg_8,FOXL1_neg_1,0.09333333333333334,0.26666666666666666,6,0.42857142857142855,1.607142857142857,0.01511111111111111,1.2833333333333334,0.4166666666666667,1,1,SP3,neg,8,FOXL1,neg,1,0.0,1.607142857142857
NHLH1_pos_2,FOXL1_neg_1,0.14,0.26666666666666666,9,0.4285714285714285,1.6071428571428568,0.02266666666666666,1.2833333333333332,0.43927648578811357,1,1,NHLH1,pos,2,FOXL1,neg,1,0.0,1.6071428571428568
EWSR1-FLI1_neg_2,KLF16_pos_1,0.18,0.28,12,0.4444444444444445,1.5873015873015872,0.0296,1.2959999999999998,0.4512195121951219,1,1,EWSR1-FLI1,neg,2,KLF16,pos,1,0.01904761904761905,1.5570672713529854
NEUROD1_neg_0,ASCL1_pos_2,0.14,0.18,6,0.2857142857142857,1.5873015873015872,0.0148,1.1480000000000001,0.4302325581395349,1,1,NEUROD1,neg,0,ASCL1,pos,2,0.03508771929824561,1.5316067947646894
PBX3_neg_4,NFIX_neg_1,0.09333333333333334,0.22666666666666666,5,0.3571428571428571,1.5756302521008403,0.012177777777777777,1.2029629629629628,0.40294117647058825,1,1,PBX3,neg,4,NFIX,neg,1,0.0,1.5756302521008403
IRF3_pos_0,NEUROD1_neg_1,0.12,0.32,9,0.5,1.5625,0.0216,1.3599999999999999,0.4090909090909091,1,1,IRF3,pos,0,NEUROD1,neg,1,0.011111111111111112,1.5451388888888888
PKNOX2_pos_4,NEUROD1_neg_1,0.06666666666666667,0.32,5,0.5,1.5625,0.012,1.3599999999999999,0.38571428571428573,1,1,PKNOX2,pos,4,NEUROD1,neg,1,0.0,1.5625
FOXC2_neg_4,NEUROD1_neg_1,0.06666666666666667,0.32,5,0.5,1.5625,0.012,1.3599999999999999,0.38571428571428573,1,1,FOXC2,neg,4,NEUROD1,neg,1,0.0,1.5625
SMAD2_pos_8,NEUROD1_neg_1,0.09333333333333334,0.32,7,0.5,1.5625,0.0168,1.3599999999999999,0.39705882352941174,1,1,SMAD2,pos,8,NEUROD1,neg,1,0.0,1.5625
SNAI2_pos_2,NEUROD1_neg_1,0.10666666666666667,0.32,8,0.5,1.5625,0.019200000000000002,1.3599999999999999,0.40298507462686567,1,1,SNAI2,pos,2,NEUROD1,neg,1,0.011363636363636364,1.5447443181818181
GRHL2_pos_8,NEUROD1_neg_1,0.06666666666666667,0.32,5,0.5,1.5625,0.012,1.3599999999999999,0.38571428571428573,1,1,GRHL2,pos,8,NEUROD1,neg,1,0.0,1.5625
ID4_pos_2,NEUROD1_neg_1,0.09333333333333334,0.32,7,0.5,1.5625,0.0168,1.3599999999999999,0.39705882352941174,1,1,ID4,pos,2,NEUROD1,neg,1,0.011904761904761904,1.5438988095238095
MIXL1_neg_1,FOXL1_neg_1,0.08,0.26666666666666666,5,0.41666666666666663,1.5624999999999998,0.012,1.2571428571428571,0.3913043478260869,1,1,MIXL1,neg,1,FOXL1,neg,1,0.016666666666666666,1.536458333333333
FOXP1_pos_2,FOXL1_neg_1,0.08,0.26666666666666666,5,0.41666666666666663,1.5624999999999998,0.012,1.2571428571428571,0.3913043478260869,1,1,FOXP1,pos,2,FOXL1,neg,1,0.0,1.5624999999999998
EGR4_pos_5,TFAP2C_pos_1,0.08666666666666667,0.24666666666666667,5,0.3846153846153846,1.559251559251559,0.011955555555555553,1.2241666666666666,0.3927007299270072,1,1,EGR4,pos,5,TFAP2C,pos,1,0.0,1.559251559251559
MAF_neg_2,TFAP2C_pos_1,0.08666666666666667,0.24666666666666667,5,0.3846153846153846,1.559251559251559,0.011955555555555553,1.2241666666666666,0.3927007299270072,1,1,MAF,neg,2,TFAP2C,pos,1,0.0,1.559251559251559
NEUROD1_neg_0,ELF5_neg_1,0.14,0.15333333333333332,5,0.23809523809523808,1.5527950310559007,0.011866666666666664,1.11125,0.41395348837209295,1,1,NEUROD1,neg,0,ELF5,neg,1,0.018867924528301886,1.5234970116020157
ALX3_neg_1,ASCL1_pos_2,0.12,0.18,5,0.2777777777777778,1.54320987654321,0.011733333333333335,1.1353846153846154,0.4000000000000001,1,1,ALX3,neg,1,ASCL1,pos,2,0.02,1.5123456790123457
CTCF_pos_6,ASCL1_pos_2,0.12,0.18,5,0.2777777777777778,1.54320987654321,0.011733333333333335,1.1353846153846154,0.4000000000000001,1,1,CTCF,pos,6,ASCL1,pos,2,0.02040816326530612,1.5117157974300832
GBX2_neg_1,NFIC_neg_2,0.11333333333333333,0.19333333333333333,5,0.29411764705882354,1.5212981744421907,0.011422222222222222,1.142777777777778,0.38646616541353385,1,1,GBX2,neg,1,NFIC,neg,2,0.0,1.5212981744421907
EWSR1-FLI1_neg_2,SP8_pos_1,0.18,0.22,9,0.3333333333333333,1.5151515151515151,0.0204,1.17,0.41463414634146345,1,1,EWSR1-FLI1,neg,2,SP8,pos,1,0.024096385542168676,1.4786418400876233
FOXP2_neg_1,ASCL1_pos_2,0.14666666666666667,0.18,6,0.2727272727272727,1.5151515151515151,0.013600000000000001,1.1275,0.3984375,1,1,FOXP2,neg,1,ASCL1,pos,2,0.0,1.5151515151515151
ASCL1_pos_2,NEUROD1_neg_1,0.18,0.32,13,0.4814814814814815,1.5046296296296298,0.02906666666666667,1.3114285714285714,0.4090056285178236,1,1,ASCL1,pos,2,NEUROD1,neg,1,0.020202020202020204,1.4742330714552938
NEUROD1_pos_4,FOXL1_neg_1,0.1,0.26666666666666666,6,0.39999999999999997,1.5,0.013333333333333332,1.222222222222222,0.3703703703703703,1,1,NEUROD1,pos,4,FOXL1,neg,1,0.030303030303030304,1.4545454545454546
POU2F2_neg_0,FOXL1_neg_1,0.1,0.26666666666666666,6,0.39999999999999997,1.5,0.013333333333333332,1.222222222222222,0.3703703703703703,1,1,POU2F2,neg,0,FOXL1,neg,1,0.0,1.5
SP2_neg_7,FOXL1_neg_1,0.1,0.26666666666666666,6,0.39999999999999997,1.5,0.013333333333333332,1.222222222222222,0.3703703703703703,1,1,SP2,neg,7,FOXL1,neg,1,0.0,1.5
