TF_motif,time,direction,gene,score,peak,mean_lag,distance
GRHL2,0,pos,TP53,1.43504046420861,chr17-7522811-7523411,26.1033950617284,164489.0
GRHL2,0,pos,YIPF4,1.26727234440242,chr2-32274578-32275178,7.58818342151676,-3082.0
GRHL2,0,pos,DPPA4,1.74577207507092,chr3-109341676-109342276,15.5897266313933,-4354.0
GRHL2,0,pos,OPA1,0.854411121052355,chr3-193572306-193572906,13.7720458553792,-20588.0
GRHL2,0,pos,OPA1,0.762476930735942,chr3-193788006-193788606,4.31988536155203,195112.0
GRHL2,0,pos,CD24,0.881744542794543,chr6-107051826-107052426,13.0831128747795,-76449.0
GRHL2,0,pos,TRIP6,0.706909811566022,chr7-100929351-100929951,3.6331569664903,62463.0
TFCP2,0,pos,YIPF4,1.26727234440242,chr2-32274578-32275178,7.58818342151676,-3082.0
TFCP2,0,pos,OPA1,0.854411121052355,chr3-193572306-193572906,13.7720458553792,-20588.0
TFCP2,0,pos,OPA1,0.762476930735942,chr3-193788006-193788606,4.31988536155203,195112.0
TFCP2,0,pos,TRIP6,0.706909811566022,chr7-100929351-100929951,3.6331569664903,62463.0
HOXC11,0,pos,KREMEN2,0.762317245919741,chr16-3070374-3070974,4.20194003527337,106680.0
HOXC11,0,pos,YIPF4,1.26727234440242,chr2-32274578-32275178,7.58818342151676,-3082.0
HOXC11,0,pos,CD24,0.881744542794543,chr6-107051826-107052426,13.0831128747795,-76449.0
PAX9,0,pos,H3F3A,0.952476909882132,chr1-226115706-226116306,32.6124338624339,54105.0
PAX9,0,pos,YIPF4,1.0469732008066,chr2-32235215-32235815,7.76565255731922,-42445.0
PAX9,0,pos,PITPNB,0.739613722309696,chr22-27883266-27883866,4.20304232804233,36618.0
PAX9,0,pos,CD24,1.06441547079908,chr6-106908406-106909006,23.9914021164021,66971.0
PAX9,0,pos,PURB,0.80486162739318,chr7-44847874-44848474,12.8384038800705,37237.0
PAX9,0,pos,ASS1,0.965693179204242,chr9-130480548-130481148,15.2888007054674,35869.0
GRHL1,0,pos,YIPF4,1.26727234440242,chr2-32274578-32275178,7.58818342151676,-3082.0
GRHL1,0,pos,OPA1,0.854411121052355,chr3-193572306-193572906,13.7720458553792,-20588.0
GRHL1,0,pos,OPA1,0.762476930735942,chr3-193788006-193788606,4.31988536155203,195112.0
GRHL1,0,pos,CD24,0.881744542794543,chr6-107051826-107052426,13.0831128747795,-76449.0
TBX21,0,pos,RGS16,1.35057623757652,chr1-182761282-182761882,39.3364197530864,-157124.0
TBX21,0,pos,DENND1B,0.867718293425337,chr1-197911326-197911926,4.71560846560847,-135880.0
TBX21,0,pos,RASA3,0.935052527789661,chr13-114200326-114200926,19.7927689594356,-67965.0
TBX21,0,pos,AP3S1,1.11916511494489,chr5-115930839-115931439,2.87918871252205,89608.0
TBX21,0,pos,CD24,1.06441547079908,chr6-106908406-106909006,23.9914021164021,66971.0
TBX21,0,pos,MCM3,1.83527235664945,chr6-52330428-52331028,42.6377865961199,-45797.0
DUXA,0,pos,GRHL1,0.911035602440588,chr2-10054301-10054901,2.93320105820106,102858.0
DUXA,0,pos,CD24,0.881744542794543,chr6-107051826-107052426,13.0831128747795,-76449.0
DUXA,0,pos,MCM3,1.83527235664945,chr6-52330428-52331028,42.6377865961199,-45797.0
DUXA,0,pos,PSIP1,0.973596725216591,chr9-15431318-15431918,16.8408289241623,79451.0
TBX20,0,pos,RGS16,1.35057623757652,chr1-182761282-182761882,39.3364197530864,-157124.0
TBX20,0,pos,DENND1B,0.867718293425337,chr1-197911326-197911926,4.71560846560847,-135880.0
TBX20,0,pos,AP3S1,1.11916511494489,chr5-115930839-115931439,2.87918871252205,89608.0
TBX20,0,pos,CD24,1.06441547079908,chr6-106908406-106909006,23.9914021164021,66971.0
TBX20,0,pos,MCM3,1.83527235664945,chr6-52330428-52331028,42.6377865961199,-45797.0
TBX5,0,pos,RGS16,1.35057623757652,chr1-182761282-182761882,39.3364197530864,-157124.0
TBX5,0,pos,DENND1B,0.867718293425337,chr1-197911326-197911926,4.71560846560847,-135880.0
TBX5,0,pos,THYN1,0.957005848996142,chr11-134286757-134287357,40.6878306878307,-33637.0
TBX5,0,pos,CCDC77,0.792597578854075,chr12-570771-571371,9.77292768959436,181748.0
TBX5,0,pos,RASA3,0.935052527789661,chr13-114200326-114200926,19.7927689594356,-67965.0
TBX5,0,pos,YPEL2,0.90967044160828,chr17-59435566-59436166,2.37103174603175,104127.0
TBX5,0,pos,RIN2,1.49093464407233,chr20-19697328-19697928,19.8710317460317,-188943.0
TBX5,0,pos,CD24,1.06441547079908,chr6-106908406-106909006,23.9914021164021,66971.0
TBX4,0,pos,RGS16,1.35057623757652,chr1-182761282-182761882,39.3364197530864,-157124.0
TBX4,0,pos,DENND1B,0.867718293425337,chr1-197911326-197911926,4.71560846560847,-135880.0
TBX4,0,pos,THYN1,0.957005848996142,chr11-134286757-134287357,40.6878306878307,-33637.0
TBX4,0,pos,CCDC77,0.792597578854075,chr12-570771-571371,9.77292768959436,181748.0
TBX4,0,pos,RASA3,0.935052527789661,chr13-114200326-114200926,19.7927689594356,-67965.0
TBX4,0,pos,YPEL2,0.90967044160828,chr17-59435566-59436166,2.37103174603175,104127.0
TBX4,0,pos,RIN2,1.49093464407233,chr20-19697328-19697928,19.8710317460317,-188943.0
TBX4,0,pos,CD24,1.06441547079908,chr6-106908406-106909006,23.9914021164021,66971.0
SIX2,0,pos,RIN2,1.49093464407233,chr20-19697328-19697928,19.8710317460317,-188943.0
SIX2,0,pos,DPPA4,1.74577207507092,chr3-109341676-109342276,15.5897266313933,-4354.0
SIX2,0,pos,OPA1,0.854411121052355,chr3-193572306-193572906,13.7720458553792,-20588.0
SIX2,0,pos,ZYX,0.906066069023753,chr7-143417600-143418200,32.0623897707231,36770.0
SIX2,0,pos,PSIP1,1.35606194975371,chr9-15378790-15379390,31.8044532627866,131979.0
EOMES,0,pos,RGS16,1.35057623757652,chr1-182761282-182761882,39.3364197530864,-157124.0
EOMES,0,pos,YIPF4,1.26727234440242,chr2-32274578-32275178,7.58818342151676,-3082.0
EOMES,0,pos,AP3S1,1.11916511494489,chr5-115930839-115931439,2.87918871252205,89608.0
EOMES,0,pos,CD24,1.06441547079908,chr6-106908406-106909006,23.9914021164021,66971.0
EOMES,0,pos,MCM3,1.83527235664945,chr6-52330428-52331028,42.6377865961199,-45797.0
TBX2,0,pos,RGS16,1.35057623757652,chr1-182761282-182761882,39.3364197530864,-157124.0
TBX2,0,pos,DENND1B,0.867718293425337,chr1-197911326-197911926,4.71560846560847,-135880.0
TBX2,0,pos,RASA3,0.935052527789661,chr13-114200326-114200926,19.7927689594356,-67965.0
TBX2,0,pos,CD24,1.06441547079908,chr6-106908406-106909006,23.9914021164021,66971.0
TBX2,0,pos,MCM3,1.83527235664945,chr6-52330428-52331028,42.6377865961199,-45797.0
TP73,0,pos,RGS16,1.35057623757652,chr1-182761282-182761882,39.3364197530864,-157124.0
TP73,0,pos,TP53,1.43504046420861,chr17-7522811-7523411,26.1033950617284,164489.0
TP73,0,pos,PITPNB,0.739613722309696,chr22-27883266-27883866,4.20304232804233,36618.0
TP73,0,pos,TRIP6,0.706909811566022,chr7-100929351-100929951,3.6331569664903,62463.0
E2F3,0,pos,OPA1,0.762476930735942,chr3-193788006-193788606,4.31988536155203,195112.0
E2F3,0,pos,CD24,0.881744542794543,chr6-107051826-107052426,13.0831128747795,-76449.0
TBR1,1,pos,CLIP1,1.20666519093243,chr12-122241987-122242587,9.86111111111111,180395.0
TBR1,1,pos,CLIP1,1.53399490494698,chr12-122366733-122367333,0.0,55649.0
TBR1,1,pos,RAB31,0.968053260282788,chr18-9542338-9542938,0.416666666666667,-165577.0
TBR1,1,pos,ZNF83,1.02096522882561,chr19-52829857-52830457,0.784832451499118,-139611.0
TBR1,1,pos,ZNF83,0.882723539782216,chr19-52868119-52868719,0.638227513227513,-177873.0
TBR1,1,pos,ASXL2,0.754558904619043,chr2-26044038-26044638,0.0,-165772.0
TBR1,1,pos,PRSS12,1.77462169711327,chr4-118279932-118280532,0.0,72821.0
TBR1,1,pos,ARFIP1,1.65516634167638,chr4-152665420-152666020,2.58928571428571,-114267.0
TBR1,1,pos,ARFIP1,5.88959415330879,chr4-152697577-152698177,3.10515873015873,-82110.0
TBR1,1,pos,ARFIP1,4.41169897969071,chr4-152734349-152734949,2.42504409171076,-45338.0
ESR1,1,pos,CLIP1,1.20666519093243,chr12-122241987-122242587,9.86111111111111,180395.0
ESR1,1,pos,UBAC2,0.834797365134846,chr13-99185559-99186159,0.0,-14965.0
ESR1,1,pos,RAB31,0.968053260282788,chr18-9542338-9542938,0.416666666666667,-165577.0
ESR1,1,pos,ZNF83,1.60625283699497,chr19-52561395-52561995,1.03505291005291,128851.0
ESR1,1,pos,TRIOBP,0.372746694547676,chr22-37548424-37549024,0.0,-148330.0
ESR1,1,pos,LIPH,1.46861291788028,chr3-185380254-185380854,4.03769841269841,172109.0
ESR1,1,pos,TNK2,3.58217519058679,chr3-196073132-196073732,0.324074074074074,-161437.0
ESR1,1,pos,ARFIP1,5.88959415330879,chr4-152697577-152698177,3.10515873015873,-82110.0
ESR1,1,pos,ARFIP1,7.06684040579915,chr4-152926756-152927356,0.934744268077601,147069.0
ESR1,1,pos,ARFIP1,4.9820475289356,chr4-152935963-152936563,0.277777777777778,156276.0
ESR1,1,pos,TRIM75P,0.41185208595612,chr4-164994844-164995444,0.300925925925926,-64054.0
ESR1,1,pos,DDX43,0.779232664151433,chr6-73343780-73344380,0.0,-50718.0
ESR1,1,pos,ATG9B,2.61158883674388,chr7-150962855-150963455,0.208333333333333,61394.0
ESR1,1,pos,ABCB8,0.831220400532464,chr7-150962855-150963455,0.0,-65317.0
ESR1,1,pos,TNRC18,0.459611983354373,chr7-5501362-5501962,0.416666666666667,-76198.0
ESR1,1,pos,ABCA1,1.88132564362305,chr9-104990294-104990894,0.0,-62307.0
ESR1,1,pos,VAV2,1.66582899888953,chr9-134099002-134099602,0.0,-106648.0
ESR1,1,pos,NRARP,0.671198279672947,chr9-137286809-137287409,0.0,15192.0
ESR1,1,pos,PSIP1,0.826416124222056,chr9-15425447-15426047,0.0,85322.0
TBX2,1,pos,CLIP1,1.20666519093243,chr12-122241987-122242587,9.86111111111111,180395.0
TBX2,1,pos,CLIP1,1.53399490494698,chr12-122366733-122367333,0.0,55649.0
TBX2,1,pos,CLIP1,1.00823840169784,chr12-122399377-122399977,0.0925925925925926,23005.0
TBX2,1,pos,ZNF83,1.02096522882561,chr19-52829857-52830457,0.784832451499118,-139611.0
TBX2,1,pos,ZNF83,0.882723539782216,chr19-52868119-52868719,0.638227513227513,-177873.0
TBX2,1,pos,ASXL2,0.754558904619043,chr2-26044038-26044638,0.0,-165772.0
TBX2,1,pos,PRSS12,1.77462169711327,chr4-118279932-118280532,0.0,72821.0
TBX2,1,pos,ARFIP1,1.65516634167638,chr4-152665420-152666020,2.58928571428571,-114267.0
TBX2,1,pos,ARFIP1,4.41169897969071,chr4-152734349-152734949,2.42504409171076,-45338.0
EBF1,1,pos,WDR11,0.910951233122853,chr10-120844927-120845527,10.1146384479718,-5998.0
EBF1,1,pos,CCDC77,0.770514620194034,chr12-459614-460214,0.0,70591.0
EBF1,1,pos,METTL16,0.988627546473293,chr17-2522083-2522683,0.347222222222222,-10442.0
EBF1,1,pos,TBCD,3.38790110693173,chr17-82668450-82669050,0.277777777777778,-83364.0
EBF1,1,pos,HSBP1L1,0.966672379035437,chr18-79884279-79884879,2.02601410934744,-80032.0
EBF1,1,pos,HSBP1L1,1.04799968960606,chr18-79947289-79947889,3.75661375661376,-17022.0
EBF1,1,pos,IRF3,0.682102913721937,chr19-49528439-49529039,0.0,137186.0
EBF1,1,pos,MFF,0.696482644469795,chr2-227185492-227186092,4.01234567901235,-139409.0
EBF1,1,pos,ATG16L1,2.02599947775224,chr2-233053810-233054410,0.436507936507937,-155991.0
EBF1,1,pos,TNK2,3.58217519058679,chr3-196073132-196073732,0.324074074074074,-161437.0
EBF1,1,pos,COL7A1,0.550293180263662,chr3-48661235-48661835,0.0,-66218.0
EBF1,1,pos,PRSS12,1.77462169711327,chr4-118279932-118280532,0.0,72821.0
EBF1,1,pos,ATG9B,0.764945622936444,chr7-151067921-151068521,0.532407407407407,-43672.0
EBF1,1,pos,ABCB8,0.840360711754379,chr7-151067921-151068521,0.0,39749.0
EBF1,1,pos,PURB,0.295723519943824,chr7-44981110-44981710,0.0,-95999.0
EBF1,1,pos,MTSS1,1.2874544049745,chr8-124906849-124907449,0.138888888888889,-178670.0
EBF1,1,pos,NR6A1,1.43832579587785,chr9-124861739-124862339,0.138888888888889,-90679.0
EBF1,1,pos,PSIP1,0.826416124222056,chr9-15425447-15426047,0.0,85322.0
CEBPG,1,pos,UBAC2,2.2597614400275,chr13-99391685-99392285,2.31481481481481,191161.0
CEBPG,1,pos,ZNF83,1.60625283699497,chr19-52561395-52561995,1.03505291005291,128851.0
CEBPG,1,pos,ZNF83,0.882723539782216,chr19-52868119-52868719,0.638227513227513,-177873.0
CEBPG,1,pos,ASXL2,0.754558904619043,chr2-26044038-26044638,0.0,-165772.0
CEBPG,1,pos,ARFIP1,7.06684040579915,chr4-152926756-152927356,0.934744268077601,147069.0
RORB,1,pos,ZNF83,1.60625283699497,chr19-52561395-52561995,1.03505291005291,128851.0
RORB,1,pos,ZNF83,0.846610250476165,chr19-52669336-52669936,1.69753086419753,20910.0
RORB,1,pos,ZNF83,1.02096522882561,chr19-52829857-52830457,0.784832451499118,-139611.0
RORB,1,pos,ZNF83,0.882723539782216,chr19-52868119-52868719,0.638227513227513,-177873.0
RORB,1,pos,MFF,1.79955427246675,chr2-227407621-227408221,0.0694444444444444,82720.0
RORB,1,pos,ATG16L1,2.02599947775224,chr2-233053810-233054410,0.436507936507937,-155991.0
RORB,1,pos,ABCA1,1.88132564362305,chr9-104990294-104990894,0.0,-62307.0
ZBTB7B,1,pos,WDR11,0.910951233122853,chr10-120844927-120845527,10.1146384479718,-5998.0
ZBTB7B,1,pos,METTL16,0.988627546473293,chr17-2522083-2522683,0.347222222222222,-10442.0
ZBTB7B,1,pos,DMKN,0.620787652970172,chr19-35510235-35510835,0.0,3173.0
ZBTB7B,1,pos,ZNF83,0.846610250476165,chr19-52669336-52669936,1.69753086419753,20910.0
ZBTB7B,1,pos,ATG16L1,2.02599947775224,chr2-233053810-233054410,0.436507936507937,-155991.0
ZBTB7B,1,pos,COL7A1,0.550293180263662,chr3-48661235-48661835,0.0,-66218.0
ZBTB7B,1,pos,ARFIP1,1.11207303013231,chr4-152740996-152741596,0.0,-38691.0
ZBTB7B,1,pos,TRIM26,1.09215189995038,chr6-30101858-30102458,0.0,111319.0
ZBTB7B,1,pos,ATG9B,2.61158883674388,chr7-150962855-150963455,0.208333333333333,61394.0
ZBTB7B,1,pos,ABCB8,0.831220400532464,chr7-150962855-150963455,0.0,-65317.0
ZBTB7B,1,pos,ATG9B,0.764945622936444,chr7-151067921-151068521,0.532407407407407,-43672.0
ZBTB7B,1,pos,ABCB8,0.840360711754379,chr7-151067921-151068521,0.0,39749.0
ZBTB7B,1,pos,MTSS1,1.18232406191063,chr8-124719214-124719814,0.625,8965.0
ZBTB7B,1,pos,MTSS1,1.2874544049745,chr8-124906849-124907449,0.138888888888889,-178670.0
POU5F1,1,pos,THYN1,1.00109112808777,chr11-134081056-134081656,0.667989417989418,172064.0
POU5F1,1,pos,UBAC2,0.614477359559413,chr13-99114515-99115115,0.436507936507937,-86009.0
POU5F1,1,pos,ZNF83,0.846610250476165,chr19-52669336-52669936,1.69753086419753,20910.0
POU5F1,1,pos,MFF,0.696482644469795,chr2-227185492-227186092,4.01234567901235,-139409.0
POU5F1,1,pos,ASXL2,0.754558904619043,chr2-26044038-26044638,0.0,-165772.0
POU5F1,1,pos,DPPA4,1.51099093859583,chr3-109410120-109410720,0.416666666666667,-72798.0
POU5F1,1,pos,OSBPL11,0.743048510649007,chr3-125510051-125510651,0.0,84789.0
POU5F1,1,pos,PRSS12,1.77462169711327,chr4-118279932-118280532,0.0,72821.0
POU5F1,1,pos,ARFIP1,1.65516634167638,chr4-152665420-152666020,2.58928571428571,-114267.0
POU5F1,1,pos,ARFIP1,5.88959415330879,chr4-152697577-152698177,3.10515873015873,-82110.0
POU5F1,1,pos,DDX43,0.779232664151433,chr6-73343780-73344380,0.0,-50718.0
POU5F1,1,pos,ATG9B,0.764945622936444,chr7-151067921-151068521,0.532407407407407,-43672.0
POU5F1,1,pos,ABCB8,0.840360711754379,chr7-151067921-151068521,0.0,39749.0
CEBPB,1,pos,UBAC2,2.2597614400275,chr13-99391685-99392285,2.31481481481481,191161.0
CEBPB,1,pos,ZNF83,1.60625283699497,chr19-52561395-52561995,1.03505291005291,128851.0
CEBPB,1,pos,ASXL2,0.754558904619043,chr2-26044038-26044638,0.0,-165772.0
CEBPB,1,pos,ARFIP1,7.06684040579915,chr4-152926756-152927356,0.934744268077601,147069.0
CEBPE,1,pos,UBAC2,2.2597614400275,chr13-99391685-99392285,2.31481481481481,191161.0
CEBPE,1,pos,ZNF83,1.60625283699497,chr19-52561395-52561995,1.03505291005291,128851.0
CEBPE,1,pos,ASXL2,0.754558904619043,chr2-26044038-26044638,0.0,-165772.0
CEBPE,1,pos,ARFIP1,7.06684040579915,chr4-152926756-152927356,0.934744268077601,147069.0
CEBPD,1,pos,UBAC2,2.2597614400275,chr13-99391685-99392285,2.31481481481481,191161.0
CEBPD,1,pos,ZNF83,1.60625283699497,chr19-52561395-52561995,1.03505291005291,128851.0
CEBPD,1,pos,ZNF83,0.882723539782216,chr19-52868119-52868719,0.638227513227513,-177873.0
CEBPD,1,pos,ARFIP1,7.06684040579915,chr4-152926756-152927356,0.934744268077601,147069.0
POU3F3,1,pos,THYN1,1.00109112808777,chr11-134081056-134081656,0.667989417989418,172064.0
POU3F3,1,pos,UBAC2,0.834797365134846,chr13-99185559-99186159,0.0,-14965.0
POU3F3,1,pos,ZNF83,1.60625283699497,chr19-52561395-52561995,1.03505291005291,128851.0
POU3F3,1,pos,ZNF83,0.846610250476165,chr19-52669336-52669936,1.69753086419753,20910.0
POU3F3,1,pos,ZNF83,1.02096522882561,chr19-52829857-52830457,0.784832451499118,-139611.0
POU3F3,1,pos,ZNF83,0.882723539782216,chr19-52868119-52868719,0.638227513227513,-177873.0
POU3F3,1,pos,OSBPL11,0.743048510649007,chr3-125510051-125510651,0.0,84789.0
POU3F3,1,pos,ATG9B,0.764945622936444,chr7-151067921-151068521,0.532407407407407,-43672.0
POU3F3,1,pos,ABCB8,0.840360711754379,chr7-151067921-151068521,0.0,39749.0
MYCN,1,pos,THYN1,1.00109112808777,chr11-134081056-134081656,0.667989417989418,172064.0
MYCN,1,pos,CLIP1,1.20666519093243,chr12-122241987-122242587,9.86111111111111,180395.0
MYCN,1,pos,UBAC2,2.7478974768832,chr13-99387301-99387901,0.802469135802469,186777.0
MYCN,1,pos,HSBP1L1,0.966672379035437,chr18-79884279-79884879,2.02601410934744,-80032.0
MYCN,1,pos,ASXL2,0.754558904619043,chr2-26044038-26044638,0.0,-165772.0
MYCN,1,pos,ARFIP1,4.41169897969071,chr4-152734349-152734949,2.42504409171076,-45338.0
MYCN,1,pos,DDX43,0.779232664151433,chr6-73343780-73344380,0.0,-50718.0
MYCN,1,pos,ATG9B,0.764945622936444,chr7-151067921-151068521,0.532407407407407,-43672.0
MYCN,1,pos,ABCB8,0.840360711754379,chr7-151067921-151068521,0.0,39749.0
MYCN,1,pos,TNRC18,0.459611983354373,chr7-5501362-5501962,0.416666666666667,-76198.0
MYCN,1,pos,NRARP,0.671198279672947,chr9-137286809-137287409,0.0,15192.0
TFAP4,1,pos,SFXN4,1.19981061525974,chr10-119103750-119104350,0.0,61667.0
TFAP4,1,pos,ESRRA,0.522712422888245,chr11-64291284-64291884,0.0,-14038.0
TFAP4,1,pos,CDK2AP1,0.865287500651933,chr12-123248507-123249107,0.262345679012346,23577.0
TFAP4,1,pos,AL627171.2,1.13378881765588,chr14-49693106-49693706,0.0,170970.0
TFAP4,1,pos,BTBD1,1.81265933818834,chr15-82894929-82895529,0.975529100529101,172175.0
TFAP4,1,pos,METTL16,0.988627546473293,chr17-2522083-2522683,0.347222222222222,-10442.0
TFAP4,1,pos,ARFIP1,1.80481436848043,chr4-152850313-152850913,0.0,70626.0
TFAP4,1,pos,ARFIP1,7.06684040579915,chr4-152926756-152927356,0.934744268077601,147069.0
TFAP4,1,pos,KMT2C,1.42286724274944,chr7-152342681-152343281,1.82980599647266,93074.0
NFATC3,1,pos,WDR11,0.910951233122853,chr10-120844927-120845527,10.1146384479718,-5998.0
NFATC3,1,pos,UBAC2,0.614477359559413,chr13-99114515-99115115,0.436507936507937,-86009.0
NFATC3,1,pos,UBAC2,2.7478974768832,chr13-99387301-99387901,0.802469135802469,186777.0
NFATC3,1,pos,HSBP1L1,0.527505362800765,chr18-79872388-79872988,1.98082010582011,-91923.0
NFATC3,1,pos,ZNF83,1.60625283699497,chr19-52561395-52561995,1.03505291005291,128851.0
NFATC3,1,pos,ZNF83,0.846610250476165,chr19-52669336-52669936,1.69753086419753,20910.0
NFATC3,1,pos,ZNF83,1.02096522882561,chr19-52829857-52830457,0.784832451499118,-139611.0
NFATC3,1,pos,ZNF83,0.882723539782216,chr19-52868119-52868719,0.638227513227513,-177873.0
NFATC3,1,pos,ARFIP1,1.11207303013231,chr4-152740996-152741596,0.0,-38691.0
NFATC3,1,pos,VAV2,1.4011001546459,chr9-134129253-134129853,1.34259259259259,-136899.0
TCF7L1,1,pos,DLAT,0.44167329580249,chr11-111926899-111927499,0.0,-97665.0
TCF7L1,1,pos,THYN1,1.00109112808777,chr11-134081056-134081656,0.667989417989418,172064.0
TCF7L1,1,pos,CLIP1,1.53399490494698,chr12-122366733-122367333,0.0,55649.0
TCF7L1,1,pos,DUSP16,0.925985159444657,chr12-12736995-12737595,0.0,-174862.0
TCF7L1,1,pos,EIF2AK4,1.37569556040309,chr15-40072224-40072824,0.0,138328.0
TCF7L1,1,pos,BARD1,1.05746978072855,chr2-214885624-214886224,4.25925925925926,-76163.0
TCF7L1,1,pos,SPECC1L,0.446195181907307,chr22-24315611-24316211,0.416666666666667,45044.0
TCF7L1,1,pos,TNK2,3.58217519058679,chr3-196073132-196073732,0.324074074074074,-161437.0
TCF7L1,1,pos,TMEM64,0.583753688446415,chr8-90685530-90686130,0.416666666666667,105852.0
NRF1,2,pos,FAM20B,0.756178650451011,chr1-179026336-179026936,0.0,782.0
NRF1,2,pos,CR2,0.921423474795611,chr1-207321238-207321838,0.0,-132742.0
NRF1,2,pos,H3F3A,3.2889723481973,chr1-226223843-226224443,0.476190476190476,162242.0
NRF1,2,pos,DLAT,0.631545081925965,chr11-112024753-112025353,0.0,189.0
NRF1,2,pos,SC5D,1.76180386099529,chr11-121451959-121452559,0.0,159756.0
NRF1,2,pos,THYN1,4.02793325344652,chr11-134068702-134069302,0.0,184418.0
NRF1,2,pos,THYN1,0.92306135916315,chr11-134276254-134276854,0.0,-23134.0
NRF1,2,pos,SLC8B1,1.42411165324234,chr12-113471575-113472175,0.0,-112332.0
NRF1,2,pos,TMEM132D,0.85852514340102,chr12-130042091-130042691,4.619708994709,-138675.0
NRF1,2,pos,ESYT1,2.05011247058917,chr12-56151561-56152161,0.0,33561.0
NRF1,2,pos,DYNC1H1,1.4522126204776,chr14-101780811-101781411,0.0,-183467.0
NRF1,2,pos,DYNC1H1,3.07129285642195,chr14-101964170-101964770,0.0,-108.0
NRF1,2,pos,DYNC1H1,0.578174878125045,chr14-102139443-102140043,0.0,175165.0
NRF1,2,pos,IVD,0.607243480304226,chr15-40323916-40324516,0.0,-81629.0
NRF1,2,pos,IQGAP1,1.86640055447959,chr15-90387885-90388485,0.0,-83.0
NRF1,2,pos,CDH1,1.16997910417339,chr16-68538925-68539525,0.0,-198050.0
NRF1,2,pos,MLKL,0.887847300200051,chr16-74606872-74607472,0.0,93838.0
NRF1,2,pos,TBCD,1.69100668495521,chr17-82830125-82830725,0.246913580246914,78311.0
NRF1,2,pos,FN3K,1.0423346330245,chr17-82830125-82830725,2.02932098765432,94800.0
NRF1,2,pos,TBC1D17,0.686037159435608,chr19-49958566-49959166,6.59171075837742,81391.0
NRF1,2,pos,TNNI3,1.55599668421642,chr19-55062930-55063530,0.0,94593.0
NRF1,2,pos,GRHL1,0.865381760170747,chr2-10122366-10122966,0.0,170923.0
NRF1,2,pos,GTDC1,0.57623821526145,chr2-144332304-144332904,0.0793650793650794,14.0
NRF1,2,pos,SF3B1,3.01278514673864,chr2-197453047-197453647,0.0,-18206.0
NRF1,2,pos,SF3B1,4.30456450048735,chr2-197499646-197500246,0.0,-64805.0
NRF1,2,pos,SF3B1,6.33466342479786,chr2-197515706-197516306,0.0,-80865.0
NRF1,2,pos,CFLAR,1.30194415229517,chr2-201228853-201229453,0.802469135802469,112999.0
NRF1,2,pos,IRS1,0.843872863267837,chr2-226835681-226836281,0.0,-36172.0
NRF1,2,pos,NCOA6,0.577227916650342,chr20-34872603-34873203,0.0,-47204.0
NRF1,2,pos,DNMT3L,2.38931035825554,chr21-44350783-44351383,0.0,-88817.0
NRF1,2,pos,AIRE,0.710847789209076,chr21-44350783-44351383,0.0,65195.0
NRF1,2,pos,ASCC2,1.5099733613496,chr22-29720460-29721060,0.0,117594.0
NRF1,2,pos,NF2,4.30362080062195,chr22-29720460-29721060,0.0,117154.0
NRF1,2,pos,SKIL,1.28822088470296,chr3-170418523-170419123,0.0,61095.0
NRF1,2,pos,PRDM5,0.828812124616495,chr4-120921950-120922550,0.0,670.0
NRF1,2,pos,PRDM5,0.807078351933181,chr4-121072113-121072713,0.0,-149493.0
NRF1,2,pos,CHIC2,0.683750956787656,chr4-54103486-54104086,0.0,-39046.0
NRF1,2,pos,FAM13A,1.17299685238649,chr4-89111167-89111767,0.456349206349206,-19.0
NRF1,2,pos,SNX24,0.934241307072764,chr5-122774682-122775282,0.0,-68507.0
NRF1,2,pos,SNX24,1.38058433853763,chr5-122870174-122870774,0.0,26985.0
NRF1,2,pos,CD24,1.12301760488433,chr6-106997532-106998132,0.0,-22155.0
NRF1,2,pos,PIM1,1.34178372881823,chr6-37170484-37171084,0.0,531.0
NRF1,2,pos,TRIP6,0.721707112160393,chr7-100890926-100891526,0.0,24038.0
NRF1,2,pos,AHCYL2,2.01901304867986,chr7-129126220-129126820,0.0,-98553.0
NRF1,2,pos,ZYX,0.295700979900179,chr7-143362447-143363047,0.0,-18383.0
NRF1,2,pos,TNRC18,1.96438998472121,chr7-5524508-5525108,0.0,-99344.0
NRF1,2,pos,NRBP2,1.28685867932375,chr8-143904583-143905183,1.93011463844797,-63859.0
NRF1,2,pos,NR6A1,0.960405535543488,chr9-124777159-124777759,0.0,-6099.0
RFX3,2,pos,THYN1,4.02793325344652,chr11-134068702-134069302,0.0,184418.0
RFX3,2,pos,ESRRA,1.23832274011832,chr11-64275291-64275891,0.0,-30031.0
RFX3,2,pos,SLC8B1,1.42411165324234,chr12-113471575-113472175,0.0,-112332.0
RFX3,2,pos,GLT1D1,0.561281030442413,chr12-128849660-128850260,0.679012345679012,-3517.0
RFX3,2,pos,MYO5B,0.727489468177492,chr18-50093567-50094167,4.5734126984127,101276.0
RFX3,2,pos,HSBP1L1,1.49026671529824,chr18-80145313-80145913,3.95723104056437,181002.0
RFX3,2,pos,UBR3,1.05417940399027,chr2-169852448-169853048,0.0,25240.0
RFX3,2,pos,ATG16L1,1.00001550787157,chr2-233243330-233243930,3.81613756613757,33529.0
RFX3,2,pos,SNX24,0.592611646910468,chr5-122751388-122751988,0.0,-91801.0
RFX3,2,pos,CD24,0.923491128341864,chr6-107154406-107155006,0.0,-179029.0
RFX3,2,pos,NRBP2,1.28685867932375,chr8-143904583-143905183,1.93011463844797,-63859.0
RFX2,2,pos,THYN1,4.02793325344652,chr11-134068702-134069302,0.0,184418.0
RFX2,2,pos,ESRRA,1.23832274011832,chr11-64275291-64275891,0.0,-30031.0
RFX2,2,pos,SLC8B1,1.42411165324234,chr12-113471575-113472175,0.0,-112332.0
RFX2,2,pos,GLT1D1,0.561281030442413,chr12-128849660-128850260,0.679012345679012,-3517.0
RFX2,2,pos,AL627171.2,0.798393190721239,chr14-49881147-49881747,0.0,-17071.0
RFX2,2,pos,ATG16L1,1.00001550787157,chr2-233243330-233243930,3.81613756613757,33529.0
RFX2,2,pos,SNX24,0.592611646910468,chr5-122751388-122751988,0.0,-91801.0
RFX2,2,pos,CD24,0.923491128341864,chr6-107154406-107155006,0.0,-179029.0
RFX2,2,pos,NRBP2,1.28685867932375,chr8-143904583-143905183,1.93011463844797,-63859.0
ELF1,2,pos,FAM20B,0.756178650451011,chr1-179026336-179026936,0.0,782.0
ELF1,2,pos,TAOK3,1.06764744341371,chr12-118330241-118330841,4.26807760141093,42454.0
ELF1,2,pos,TBCD,1.69100668495521,chr17-82830125-82830725,0.246913580246914,78311.0
ELF1,2,pos,FN3K,1.0423346330245,chr17-82830125-82830725,2.02932098765432,94800.0
ELF1,2,pos,TNNI3,0.667044452670962,chr19-55280025-55280625,0.0,-122502.0
ELF1,2,pos,SF3B1,3.01278514673864,chr2-197453047-197453647,0.0,-18206.0
ELF1,2,pos,SF3B1,4.30456450048735,chr2-197499646-197500246,0.0,-64805.0
ELF1,2,pos,SF3B1,6.33466342479786,chr2-197515706-197516306,0.0,-80865.0
ELF1,2,pos,FAM126B,0.815180707758549,chr2-201232096-201232696,0.0,-160675.0
ELF1,2,pos,NCOA6,0.577227916650342,chr20-34872603-34873203,0.0,-47204.0
ELF1,2,pos,PSMD2,0.525464596185329,chr3-184175557-184176157,3.05886243386243,-122902.0
ELF1,2,pos,ANAPC10,1.31900773326723,chr4-145065874-145066474,35.6194885361552,32417.0
ELF1,2,pos,TMEM150C,0.682332569740311,chr4-82386256-82386856,0.0,175851.0
ELF1,2,pos,SNX24,1.38058433853763,chr5-122870174-122870774,0.0,26985.0
ELF1,2,pos,TSPAN13,1.58897402317339,chr7-16762106-16762706,0.0,8821.0
REL,2,pos,GPR89A,1.06886096351663,chr1-145721011-145721611,0.0,113271.0
REL,2,pos,H3F3A,3.2889723481973,chr1-226223843-226224443,0.476190476190476,162242.0
REL,2,pos,SLC2A1,1.07930055508746,chr1-43133993-43134593,0.0,-175070.0
REL,2,pos,ESRRA,1.23832274011832,chr11-64275291-64275891,0.0,-30031.0
REL,2,pos,ESYT1,2.05011247058917,chr12-56151561-56152161,0.0,33561.0
REL,2,pos,DYNC1H1,0.993776459262524,chr14-102096434-102097034,0.0,132156.0
REL,2,pos,IQGAP1,1.86640055447959,chr15-90387885-90388485,0.0,-83.0
REL,2,pos,FAM174B,0.478539619399495,chr15-92670562-92671162,0.625,139072.0
REL,2,pos,KREMEN2,2.42349331952028,chr16-2789495-2790095,0.0,-174199.0
REL,2,pos,CDH1,1.16997910417339,chr16-68538925-68539525,0.0,-198050.0
REL,2,pos,CDH1,1.6204635106016,chr16-68658113-68658713,0.0,-78862.0
REL,2,pos,TBCD,1.69100668495521,chr17-82830125-82830725,0.246913580246914,78311.0
REL,2,pos,FN3K,1.0423346330245,chr17-82830125-82830725,2.02932098765432,94800.0
REL,2,pos,NCOA6,0.778838019796676,chr20-34982859-34983459,0.0,-157460.0
REL,2,pos,PLXND1,1.47012463294844,chr3-129626512-129627112,0.0,-19944.0
REL,2,pos,PSMD2,0.525464596185329,chr3-184175557-184176157,3.05886243386243,-122902.0
REL,2,pos,ARFIP1,1.66759918312465,chr4-152591238-152591838,0.0,-188449.0
REL,2,pos,CHIC2,0.683750956787656,chr4-54103486-54104086,0.0,-39046.0
REL,2,pos,GJA1,1.54622240903135,chr6-121547137-121547737,0.873015873015873,111695.0
REL,2,pos,NR6A1,0.960405535543488,chr9-124777159-124777759,0.0,-6099.0
SPDEF,2,pos,FAM20B,0.756178650451011,chr1-179026336-179026936,0.0,782.0
SPDEF,2,pos,TBCD,1.69100668495521,chr17-82830125-82830725,0.246913580246914,78311.0
SPDEF,2,pos,FN3K,1.0423346330245,chr17-82830125-82830725,2.02932098765432,94800.0
SPDEF,2,pos,TNNI3,0.667044452670962,chr19-55280025-55280625,0.0,-122502.0
SPDEF,2,pos,SF3B1,4.30456450048735,chr2-197499646-197500246,0.0,-64805.0
SPDEF,2,pos,SF3B1,6.33466342479786,chr2-197515706-197516306,0.0,-80865.0
SPDEF,2,pos,FAM13A,1.17299685238649,chr4-89111167-89111767,0.456349206349206,-19.0
SPDEF,2,pos,AP3S1,1.30631398065527,chr5-115938955-115939555,0.0,97724.0
SPDEF,2,pos,CD24,1.12301760488433,chr6-106997532-106998132,0.0,-22155.0
SPDEF,2,pos,TSPAN13,1.58897402317339,chr7-16762106-16762706,0.0,8821.0
RFX5,2,pos,THYN1,4.02793325344652,chr11-134068702-134069302,0.0,184418.0
RFX5,2,pos,ESRRA,1.23832274011832,chr11-64275291-64275891,0.0,-30031.0
RFX5,2,pos,SLC8B1,1.42411165324234,chr12-113471575-113472175,0.0,-112332.0
RFX5,2,pos,GLT1D1,0.561281030442413,chr12-128849660-128850260,0.679012345679012,-3517.0
RFX5,2,pos,AL627171.2,0.798393190721239,chr14-49881147-49881747,0.0,-17071.0
RFX5,2,pos,MYO5B,0.727489468177492,chr18-50093567-50094167,4.5734126984127,101276.0
RFX5,2,pos,SNX24,0.592611646910468,chr5-122751388-122751988,0.0,-91801.0
RFX5,2,pos,CD24,0.923491128341864,chr6-107154406-107155006,0.0,-179029.0
RFX5,2,pos,NRBP2,1.28685867932375,chr8-143904583-143905183,1.93011463844797,-63859.0
SOX13,2,pos,TRAF5,1.50594853861033,chr1-211272302-211272902,34.6053791887125,-54063.0
SOX13,2,pos,CDH1,1.16997910417339,chr16-68538925-68539525,0.0,-198050.0
SOX13,2,pos,UBR3,1.05417940399027,chr2-169852448-169853048,0.0,25240.0
SOX13,2,pos,SF3B1,1.0841180239169,chr2-197363841-197364441,0.0,71000.0
SOX13,2,pos,CFLAR,1.14734848553654,chr2-201220078-201220678,1.28637566137566,104224.0
SOX13,2,pos,CFLAR,1.30194415229517,chr2-201228853-201229453,0.802469135802469,112999.0
SOX13,2,pos,ATG16L1,1.00001550787157,chr2-233243330-233243930,3.81613756613757,33529.0
SOX13,2,pos,NCOA6,0.778838019796676,chr20-34982859-34983459,0.0,-157460.0
SOX13,2,pos,SPRY1,0.743730213372934,chr4-123414001-123414601,0.416666666666667,17456.0
SOX13,2,pos,SNX24,0.592611646910468,chr5-122751388-122751988,0.0,-91801.0
SOX13,2,pos,PRDM1,0.926236232917752,chr6-105952636-105953236,18.343253968254,-133434.0
STAT3,2,pos,H3F3A,1.03838782553244,chr1-226064687-226065287,0.0,3086.0
STAT3,2,pos,H3F3A,3.2889723481973,chr1-226223843-226224443,0.476190476190476,162242.0
STAT3,2,pos,DLAT,0.631545081925965,chr11-112024753-112025353,0.0,189.0
STAT3,2,pos,ESYT1,2.05011247058917,chr12-56151561-56152161,0.0,33561.0
STAT3,2,pos,IVD,0.624720673750889,chr15-40486492-40487092,0.0,80947.0
STAT3,2,pos,IQGAP1,1.86640055447959,chr15-90387885-90388485,0.0,-83.0
STAT3,2,pos,FAM174B,0.891247880188095,chr15-92767104-92767704,8.9891975308642,42530.0
STAT3,2,pos,KREMEN2,2.42349331952028,chr16-2789495-2790095,0.0,-174199.0
STAT3,2,pos,TBCD,1.39735827529107,chr17-82822956-82823556,1.57407407407407,71142.0
STAT3,2,pos,MYO5B,0.727489468177492,chr18-50093567-50094167,4.5734126984127,101276.0
STAT3,2,pos,SF3B1,4.30456450048735,chr2-197499646-197500246,0.0,-64805.0
STAT3,2,pos,CFLAR,1.14734848553654,chr2-201220078-201220678,1.28637566137566,104224.0
STAT3,2,pos,CFLAR,1.30194415229517,chr2-201228853-201229453,0.802469135802469,112999.0
STAT3,2,pos,NCOA6,0.778838019796676,chr20-34982859-34983459,0.0,-157460.0
STAT3,2,pos,CPNE1,1.07143605179451,chr20-35856757-35857357,0.0,-192051.0
STAT3,2,pos,PLXND1,1.47012463294844,chr3-129626512-129627112,0.0,-19944.0
STAT3,2,pos,TNK2,0.871799064066645,chr3-195885024-195885624,2.61243386243386,26671.0
STAT3,2,pos,ARFIP1,1.66759918312465,chr4-152591238-152591838,0.0,-188449.0
STAT3,2,pos,CD24,0.923491128341864,chr6-107154406-107155006,0.0,-179029.0
STAT3,2,pos,NRBP2,1.28685867932375,chr8-143904583-143905183,1.93011463844797,-63859.0
ELF3,2,pos,FAM20B,0.756178650451011,chr1-179026336-179026936,0.0,782.0
ELF3,2,pos,TAOK3,1.06764744341371,chr12-118330241-118330841,4.26807760141093,42454.0
ELF3,2,pos,ACOX1,1.02440880500239,chr17-75968543-75969143,1.62698412698413,10570.0
ELF3,2,pos,TNNI3,0.667044452670962,chr19-55280025-55280625,0.0,-122502.0
ELF3,2,pos,SF3B1,1.0841180239169,chr2-197363841-197364441,0.0,71000.0
ELF3,2,pos,SF3B1,3.01278514673864,chr2-197453047-197453647,0.0,-18206.0
ELF3,2,pos,SF3B1,4.30456450048735,chr2-197499646-197500246,0.0,-64805.0
ELF3,2,pos,SF3B1,6.33466342479786,chr2-197515706-197516306,0.0,-80865.0
ELF3,2,pos,FAM126B,0.815180707758549,chr2-201232096-201232696,0.0,-160675.0
ELF3,2,pos,NCOA6,0.577227916650342,chr20-34872603-34873203,0.0,-47204.0
ELF3,2,pos,ANAPC10,1.31900773326723,chr4-145065874-145066474,35.6194885361552,32417.0
ELF3,2,pos,TMEM150C,0.682332569740311,chr4-82386256-82386856,0.0,175851.0
ELF3,2,pos,SNX24,1.38058433853763,chr5-122870174-122870774,0.0,26985.0
ELF3,2,pos,TSPAN13,1.58897402317339,chr7-16762106-16762706,0.0,8821.0
FOXI1,2,pos,CR2,0.921423474795611,chr1-207321238-207321838,0.0,-132742.0
FOXI1,2,pos,DYNC1H1,1.4522126204776,chr14-101780811-101781411,0.0,-183467.0
FOXI1,2,pos,DYNC1H1,0.578174878125045,chr14-102139443-102140043,0.0,175165.0
FOXI1,2,pos,MYO5B,0.655519965188244,chr18-50162602-50163202,0.0,32241.0
FOXI1,2,pos,ATP9B,1.02880413446778,chr18-78981449-78982049,0.0,-87586.0
FOXI1,2,pos,TNNI3,1.55599668421642,chr19-55062930-55063530,0.0,94593.0
FOXI1,2,pos,SF3B1,1.0841180239169,chr2-197363841-197364441,0.0,71000.0
FOXI1,2,pos,CFLAR,1.30194415229517,chr2-201228853-201229453,0.802469135802469,112999.0
FOXI1,2,pos,FAM126B,0.815180707758549,chr2-201232096-201232696,0.0,-160675.0
FOXI1,2,pos,ATG16L1,1.00001550787157,chr2-233243330-233243930,3.81613756613757,33529.0
FOXI1,2,pos,CPNE1,1.07143605179451,chr20-35856757-35857357,0.0,-192051.0
FOXI1,2,pos,SNX24,1.38058433853763,chr5-122870174-122870774,0.0,26985.0
FOXI1,2,pos,MFSD4B,0.504448118941606,chr6-111158572-111159172,0.694444444444444,-100526.0
FOXI1,2,pos,GJA1,1.54622240903135,chr6-121547137-121547737,0.873015873015873,111695.0
FOXD2,2,pos,CR2,0.921423474795611,chr1-207321238-207321838,0.0,-132742.0
FOXD2,2,pos,DYNC1H1,1.4522126204776,chr14-101780811-101781411,0.0,-183467.0
FOXD2,2,pos,DYNC1H1,0.578174878125045,chr14-102139443-102140043,0.0,175165.0
FOXD2,2,pos,MYO5B,0.655519965188244,chr18-50162602-50163202,0.0,32241.0
FOXD2,2,pos,ATP9B,1.02880413446778,chr18-78981449-78982049,0.0,-87586.0
FOXD2,2,pos,TNNI3,1.55599668421642,chr19-55062930-55063530,0.0,94593.0
FOXD2,2,pos,SF3B1,1.0841180239169,chr2-197363841-197364441,0.0,71000.0
FOXD2,2,pos,CFLAR,1.30194415229517,chr2-201228853-201229453,0.802469135802469,112999.0
FOXD2,2,pos,FAM126B,0.815180707758549,chr2-201232096-201232696,0.0,-160675.0
FOXD2,2,pos,ATG16L1,1.00001550787157,chr2-233243330-233243930,3.81613756613757,33529.0
FOXD2,2,pos,CPNE1,1.07143605179451,chr20-35856757-35857357,0.0,-192051.0
FOXD2,2,pos,SNX24,1.38058433853763,chr5-122870174-122870774,0.0,26985.0
FOXD2,2,pos,MFSD4B,0.504448118941606,chr6-111158572-111159172,0.694444444444444,-100526.0
FOXD2,2,pos,GJA1,1.54622240903135,chr6-121547137-121547737,0.873015873015873,111695.0
FOXO4,2,pos,CR2,0.921423474795611,chr1-207321238-207321838,0.0,-132742.0
FOXO4,2,pos,DYNC1H1,1.4522126204776,chr14-101780811-101781411,0.0,-183467.0
FOXO4,2,pos,DYNC1H1,0.578174878125045,chr14-102139443-102140043,0.0,175165.0
FOXO4,2,pos,MYO5B,0.655519965188244,chr18-50162602-50163202,0.0,32241.0
FOXO4,2,pos,ATP9B,1.02880413446778,chr18-78981449-78982049,0.0,-87586.0
FOXO4,2,pos,TNNI3,1.55599668421642,chr19-55062930-55063530,0.0,94593.0
FOXO4,2,pos,SF3B1,1.0841180239169,chr2-197363841-197364441,0.0,71000.0
FOXO4,2,pos,CFLAR,1.30194415229517,chr2-201228853-201229453,0.802469135802469,112999.0
FOXO4,2,pos,FAM126B,0.815180707758549,chr2-201232096-201232696,0.0,-160675.0
FOXO4,2,pos,ATG16L1,1.00001550787157,chr2-233243330-233243930,3.81613756613757,33529.0
FOXO4,2,pos,CPNE1,1.07143605179451,chr20-35856757-35857357,0.0,-192051.0
FOXO4,2,pos,SNX24,1.38058433853763,chr5-122870174-122870774,0.0,26985.0
FOXO4,2,pos,MFSD4B,0.504448118941606,chr6-111158572-111159172,0.694444444444444,-100526.0
FOXO4,2,pos,GJA1,1.54622240903135,chr6-121547137-121547737,0.873015873015873,111695.0
FOXO6,2,pos,CR2,0.921423474795611,chr1-207321238-207321838,0.0,-132742.0
FOXO6,2,pos,DYNC1H1,1.4522126204776,chr14-101780811-101781411,0.0,-183467.0
FOXO6,2,pos,DYNC1H1,0.578174878125045,chr14-102139443-102140043,0.0,175165.0
FOXO6,2,pos,MYO5B,0.655519965188244,chr18-50162602-50163202,0.0,32241.0
FOXO6,2,pos,ATP9B,1.02880413446778,chr18-78981449-78982049,0.0,-87586.0
FOXO6,2,pos,TNNI3,1.55599668421642,chr19-55062930-55063530,0.0,94593.0
FOXO6,2,pos,SF3B1,1.0841180239169,chr2-197363841-197364441,0.0,71000.0
FOXO6,2,pos,CFLAR,1.30194415229517,chr2-201228853-201229453,0.802469135802469,112999.0
FOXO6,2,pos,FAM126B,0.815180707758549,chr2-201232096-201232696,0.0,-160675.0
FOXO6,2,pos,ATG16L1,1.00001550787157,chr2-233243330-233243930,3.81613756613757,33529.0
FOXO6,2,pos,CPNE1,1.07143605179451,chr20-35856757-35857357,0.0,-192051.0
FOXO6,2,pos,SNX24,1.38058433853763,chr5-122870174-122870774,0.0,26985.0
FOXO6,2,pos,MFSD4B,0.504448118941606,chr6-111158572-111159172,0.694444444444444,-100526.0
FOXO6,2,pos,GJA1,1.54622240903135,chr6-121547137-121547737,0.873015873015873,111695.0
FOXP3,2,pos,CR2,0.921423474795611,chr1-207321238-207321838,0.0,-132742.0
FOXP3,2,pos,DYNC1H1,1.4522126204776,chr14-101780811-101781411,0.0,-183467.0
FOXP3,2,pos,DYNC1H1,0.578174878125045,chr14-102139443-102140043,0.0,175165.0
FOXP3,2,pos,MYO5B,0.655519965188244,chr18-50162602-50163202,0.0,32241.0
FOXP3,2,pos,ATP9B,1.02880413446778,chr18-78981449-78982049,0.0,-87586.0
FOXP3,2,pos,TNNI3,1.55599668421642,chr19-55062930-55063530,0.0,94593.0
FOXP3,2,pos,SF3B1,1.0841180239169,chr2-197363841-197364441,0.0,71000.0
FOXP3,2,pos,CFLAR,1.30194415229517,chr2-201228853-201229453,0.802469135802469,112999.0
FOXP3,2,pos,FAM126B,0.815180707758549,chr2-201232096-201232696,0.0,-160675.0
FOXP3,2,pos,ATG16L1,1.00001550787157,chr2-233243330-233243930,3.81613756613757,33529.0
FOXP3,2,pos,CPNE1,1.07143605179451,chr20-35856757-35857357,0.0,-192051.0
FOXP3,2,pos,SNX24,1.38058433853763,chr5-122870174-122870774,0.0,26985.0
FOXP3,2,pos,MFSD4B,0.504448118941606,chr6-111158572-111159172,0.694444444444444,-100526.0
FOXP3,2,pos,GJA1,1.54622240903135,chr6-121547137-121547737,0.873015873015873,111695.0
HIF1A,2,pos,SLC8B1,1.42411165324234,chr12-113471575-113472175,0.0,-112332.0
HIF1A,2,pos,IVD,0.607243480304226,chr15-40323916-40324516,0.0,-81629.0
HIF1A,2,pos,TBCD,1.39735827529107,chr17-82822956-82823556,1.57407407407407,71142.0
HIF1A,2,pos,IRS1,0.843872863267837,chr2-226835681-226836281,0.0,-36172.0
HIF1A,2,pos,SALL4,1.95777851663439,chr20-51812777-51813377,0.0,-10507.0
HIF1A,2,pos,ETV5,0.786135549900406,chr3-185959625-185960225,8.01587301587302,150443.0
HIF1A,2,pos,SNX24,0.592611646910468,chr5-122751388-122751988,0.0,-91801.0
HIF1A,2,pos,SNX24,1.38058433853763,chr5-122870174-122870774,0.0,26985.0
HIF1A,2,pos,ASS1,1.38585152604387,chr9-130480548-130481148,2.13293650793651,35869.0
RFX4,2,pos,THYN1,4.02793325344652,chr11-134068702-134069302,0.0,184418.0
RFX4,2,pos,ESRRA,1.23832274011832,chr11-64275291-64275891,0.0,-30031.0
RFX4,2,pos,SLC8B1,1.42411165324234,chr12-113471575-113472175,0.0,-112332.0
RFX4,2,pos,GLT1D1,0.561281030442413,chr12-128849660-128850260,0.679012345679012,-3517.0
RFX4,2,pos,AL627171.2,0.798393190721239,chr14-49881147-49881747,0.0,-17071.0
RFX4,2,pos,MYO5B,0.727489468177492,chr18-50093567-50094167,4.5734126984127,101276.0
RFX4,2,pos,UBR3,1.05417940399027,chr2-169852448-169853048,0.0,25240.0
RFX4,2,pos,SNX24,0.592611646910468,chr5-122751388-122751988,0.0,-91801.0
RFX4,2,pos,CD24,0.923491128341864,chr6-107154406-107155006,0.0,-179029.0
NFATC2,2,pos,TRAF5,1.50594853861033,chr1-211272302-211272902,34.6053791887125,-54063.0
NFATC2,2,pos,H3F3A,1.03838782553244,chr1-226064687-226065287,0.0,3086.0
NFATC2,2,pos,SLC2A1,1.07930055508746,chr1-43133993-43134593,0.0,-175070.0
NFATC2,2,pos,ARHGAP42,1.22640121351128,chr11-100680095-100680695,4.85229276895944,-7308.0
NFATC2,2,pos,DLAT,0.631545081925965,chr11-112024753-112025353,0.0,189.0
NFATC2,2,pos,THYN1,1.8580879496852,chr11-134139664-134140264,0.347222222222222,113456.0
NFATC2,2,pos,IVD,0.624720673750889,chr15-40486492-40487092,0.0,80947.0
NFATC2,2,pos,NMB,1.65861746434645,chr15-84638079-84638679,0.393518518518519,20234.0
NFATC2,2,pos,MLKL,0.887847300200051,chr16-74606872-74607472,0.0,93838.0
NFATC2,2,pos,TBCD,1.69100668495521,chr17-82830125-82830725,0.246913580246914,78311.0
NFATC2,2,pos,FN3K,1.0423346330245,chr17-82830125-82830725,2.02932098765432,94800.0
NFATC2,2,pos,HSBP1L1,1.49026671529824,chr18-80145313-80145913,3.95723104056437,181002.0
NFATC2,2,pos,TBC1D17,0.704155352199783,chr19-49857037-49857637,0.0,-20138.0
NFATC2,2,pos,TBC1D17,0.686037159435608,chr19-49958566-49959166,6.59171075837742,81391.0
NFATC2,2,pos,CFLAR,1.30194415229517,chr2-201228853-201229453,0.802469135802469,112999.0
NFATC2,2,pos,ATG16L1,1.00001550787157,chr2-233243330-233243930,3.81613756613757,33529.0
NFATC2,2,pos,NCOA6,0.778838019796676,chr20-34982859-34983459,0.0,-157460.0
NFATC2,2,pos,CPNE1,1.07143605179451,chr20-35856757-35857357,0.0,-192051.0
NFATC2,2,pos,PSMD2,0.525464596185329,chr3-184175557-184176157,3.05886243386243,-122902.0
NFATC2,2,pos,TMEM150C,0.682332569740311,chr4-82386256-82386856,0.0,175851.0
NFATC2,2,pos,AP3S1,1.30631398065527,chr5-115938955-115939555,0.0,97724.0
NFATC2,2,pos,SNX24,1.38058433853763,chr5-122870174-122870774,0.0,26985.0
NFATC2,2,pos,CD24,0.923491128341864,chr6-107154406-107155006,0.0,-179029.0
NFATC2,2,pos,FAM229B,0.702811627487419,chr6-111889192-111889792,0.0,-198157.0
NFATC2,2,pos,KHDC1L,1.41975611190568,chr6-73308869-73309469,0.0,-83349.0
EHF,2,pos,FAM20B,0.756178650451011,chr1-179026336-179026936,0.0,782.0
EHF,2,pos,TAOK3,1.06764744341371,chr12-118330241-118330841,4.26807760141093,42454.0
EHF,2,pos,ACOX1,1.02440880500239,chr17-75968543-75969143,1.62698412698413,10570.0
EHF,2,pos,TNNI3,0.667044452670962,chr19-55280025-55280625,0.0,-122502.0
EHF,2,pos,SF3B1,1.0841180239169,chr2-197363841-197364441,0.0,71000.0
EHF,2,pos,SF3B1,3.01278514673864,chr2-197453047-197453647,0.0,-18206.0
EHF,2,pos,SF3B1,4.30456450048735,chr2-197499646-197500246,0.0,-64805.0
EHF,2,pos,SF3B1,6.33466342479786,chr2-197515706-197516306,0.0,-80865.0
EHF,2,pos,FAM126B,0.815180707758549,chr2-201232096-201232696,0.0,-160675.0
EHF,2,pos,NCOA6,0.577227916650342,chr20-34872603-34873203,0.0,-47204.0
EHF,2,pos,ANAPC10,1.31900773326723,chr4-145065874-145066474,35.6194885361552,32417.0
EHF,2,pos,TMEM150C,0.682332569740311,chr4-82386256-82386856,0.0,175851.0
EHF,2,pos,SNX24,1.38058433853763,chr5-122870174-122870774,0.0,26985.0
EHF,2,pos,TSPAN13,1.58897402317339,chr7-16762106-16762706,0.0,8821.0
REST,2,pos,SLC25A44,0.715790853835602,chr1-156114389-156114989,0.0,-79293.0
REST,2,pos,CR2,0.921423474795611,chr1-207321238-207321838,0.0,-132742.0
REST,2,pos,H3F3A,3.2889723481973,chr1-226223843-226224443,0.476190476190476,162242.0
REST,2,pos,WNT9A,1.25889048364384,chr1-227754198-227754798,1.44510582010582,193450.0
REST,2,pos,SLC8B1,1.42411165324234,chr12-113471575-113472175,0.0,-112332.0
REST,2,pos,DYNC1H1,0.578174878125045,chr14-102139443-102140043,0.0,175165.0
REST,2,pos,CDH1,1.16997910417339,chr16-68538925-68539525,0.0,-198050.0
REST,2,pos,TBCD,1.69100668495521,chr17-82830125-82830725,0.246913580246914,78311.0
REST,2,pos,FN3K,1.0423346330245,chr17-82830125-82830725,2.02932098765432,94800.0
REST,2,pos,MYO5B,0.727489468177492,chr18-50093567-50094167,4.5734126984127,101276.0
REST,2,pos,TBC1D17,0.686037159435608,chr19-49958566-49959166,6.59171075837742,81391.0
REST,2,pos,FAM126B,0.815180707758549,chr2-201232096-201232696,0.0,-160675.0
REST,2,pos,IRS1,0.843872863267837,chr2-226835681-226836281,0.0,-36172.0
REST,2,pos,NCOA6,0.778838019796676,chr20-34982859-34983459,0.0,-157460.0
REST,2,pos,AIRE,1.35798175160673,chr21-44471219-44471819,3.23743386243386,185631.0
REST,2,pos,PLXND1,0.731385669071678,chr3-129549346-129549946,0.0,57222.0
REST,2,pos,PSMD2,0.525464596185329,chr3-184175557-184176157,3.05886243386243,-122902.0
REST,2,pos,SMARCA5,1.60262547452689,chr4-143559432-143560032,0.0,46219.0
REST,2,pos,ANAPC10,1.31900773326723,chr4-145065874-145066474,35.6194885361552,32417.0
REST,2,pos,TMEM150C,0.682332569740311,chr4-82386256-82386856,0.0,175851.0
REST,2,pos,CD24,1.12301760488433,chr6-106997532-106998132,0.0,-22155.0
REST,2,pos,TRIP6,0.721707112160393,chr7-100890926-100891526,0.0,24038.0
REST,2,pos,NR6A1,0.960405535543488,chr9-124777159-124777759,0.0,-6099.0
REST,2,pos,ASS1,1.38585152604387,chr9-130480548-130481148,2.13293650793651,35869.0
RHOXF1,2,pos,GLT1D1,0.561281030442413,chr12-128849660-128850260,0.679012345679012,-3517.0
RHOXF1,2,pos,MYO5B,0.727489468177492,chr18-50093567-50094167,4.5734126984127,101276.0
RHOXF1,2,pos,TBC1D17,0.857585737173911,chr19-49728197-49728797,5.69775132275132,-148978.0
RHOXF1,2,pos,PITPNB,2.18814601437148,chr22-27964056-27964656,0.0,-44172.0
RHOXF1,2,pos,TSPAN13,1.58897402317339,chr7-16762106-16762706,0.0,8821.0
RHOXF1,2,pos,VAV2,2.08531514530675,chr9-134099002-134099602,0.208333333333333,-106648.0
SNAI2,3,pos,SLC25A44,0.913391812535611,chr1-156060788-156061388,0.0,-132894.0
SNAI2,3,pos,ERCC1,2.38908872225211,chr19-45340452-45341052,0.0,138126.0
SNAI2,3,pos,BIRC6,0.863864416758367,chr2-32349734-32350334,0.0,-7044.0
SNAI2,3,pos,SPECC1L,1.64672250212984,chr22-24421303-24421903,0.0,150736.0
SNAI2,3,pos,HES1,0.594648238203435,chr3-194270419-194271019,3.57142857142857,134524.0
SNAI2,3,pos,TNK2,1.22094178189939,chr3-196111753-196112353,0.476190476190476,-200058.0
SNAI2,3,pos,ZDHHC14,1.72620711488465,chr6-157181500-157182100,37.8406084656085,-199383.0
SNAI2,3,pos,DNM1,1.25296649418978,chr9-128129867-128130467,0.0,-61538.0
SNAI2,3,pos,NPDC1,4.5677459720865,chr9-136859901-136860501,15.6867283950617,186052.0
SNAI2,3,pos,NPDC1,2.02837301227104,chr9-136884316-136884916,9.63734567901235,161637.0
SNAI2,3,pos,NPDC1,3.40123864055996,chr9-136945816-136946416,9.03769841269841,100137.0
SNAI2,3,pos,NPDC1,8.47797752584766,chr9-136985425-136986025,0.416666666666667,60528.0
SNAI2,3,pos,NPDC1,1.87314922835106,chr9-137049674-137050274,0.0,-3721.0
SNAI2,3,pos,NPDC1,2.96658710008312,chr9-137073618-137074218,6.63249559082892,-27665.0
SNAI2,3,pos,NPDC1,3.68542695773055,chr9-137095463-137096063,0.277777777777778,-49510.0
SNAI2,3,pos,NPDC1,4.67833671235749,chr9-137176439-137177039,8.62985008818342,-130486.0
SNAI2,3,pos,NRARP,1.83021321688983,chr9-137176439-137177039,9.79938271604938,125562.0
SNAI2,3,pos,NPDC1,2.90914372088988,chr9-137219873-137220473,0.0,-173920.0
SNAI2,3,pos,NPDC1,2.26677959070337,chr9-137243698-137244298,0.0,-197745.0
SNAI2,3,pos,NRARP,2.72308051050501,chr9-137311266-137311866,24.6803350970018,-9265.0
FIGLA,3,pos,SFXN4,0.840708061802578,chr10-119103750-119104350,0.0,61667.0
FIGLA,3,pos,BCAT2,1.76179849735901,chr19-48781004-48781604,14.0817901234568,29775.0
FIGLA,3,pos,BIRC6,0.863864416758367,chr2-32349734-32350334,0.0,-7044.0
FIGLA,3,pos,HES1,0.594648238203435,chr3-194270419-194271019,3.57142857142857,134524.0
FIGLA,3,pos,AFG1L,2.52716612540214,chr6-108304991-108305591,10.353835978836,10347.0
FIGLA,3,pos,ZDHHC14,1.72620711488465,chr6-157181500-157182100,37.8406084656085,-199383.0
FIGLA,3,pos,DNM1,1.25296649418978,chr9-128129867-128130467,0.0,-61538.0
FIGLA,3,pos,NPDC1,4.5677459720865,chr9-136859901-136860501,15.6867283950617,186052.0
FIGLA,3,pos,NPDC1,2.02837301227104,chr9-136884316-136884916,9.63734567901235,161637.0
FIGLA,3,pos,NPDC1,4.67833671235749,chr9-137176439-137177039,8.62985008818342,-130486.0
FIGLA,3,pos,NRARP,1.83021321688983,chr9-137176439-137177039,9.79938271604938,125562.0
FIGLA,3,pos,NPDC1,2.26677959070337,chr9-137243698-137244298,0.0,-197745.0
FIGLA,3,pos,NRARP,2.72308051050501,chr9-137311266-137311866,24.6803350970018,-9265.0
FIGLA,3,pos,NRARP,1.24697612738316,chr9-137391286-137391886,5.9402557319224,-89285.0
EGR4,3,pos,LGR4,1.18295989639417,chr11-27328610-27329210,0.0,143915.0
EGR4,3,pos,CRABP1,1.54371086699168,chr15-78381337-78381937,31.7614638447972,41263.0
EGR4,3,pos,CAVIN1,0.977535037162288,chr17-42251003-42251603,0.0,172264.0
EGR4,3,pos,FBXO27,0.689334541588121,chr19-39125410-39126010,0.0,-92875.0
EGR4,3,pos,ERCC1,2.38908872225211,chr19-45340452-45341052,0.0,138126.0
EGR4,3,pos,ERCC1,2.47490283299867,chr19-45424207-45424807,0.0,54371.0
EGR4,3,pos,GRHL1,1.87371618848135,chr2-10054301-10054901,0.0,102858.0
EGR4,3,pos,PLEKHB2,1.16173570982258,chr2-130991404-130992004,0.0,-113193.0
EGR4,3,pos,TRIOBP,0.794342689278042,chr22-37561600-37562200,0.0,-135154.0
EGR4,3,pos,HES1,0.594648238203435,chr3-194270419-194271019,3.57142857142857,134524.0
EGR4,3,pos,ITGA9,1.66838827099589,chr3-37435510-37436110,1.13756613756614,-16355.0
EGR4,3,pos,PODXL,1.22508417957986,chr7-131605342-131605942,0.0,-47375.0
EGR4,3,pos,DNM1,1.25296649418978,chr9-128129867-128130467,0.0,-61538.0
EGR4,3,pos,NPDC1,4.5677459720865,chr9-136859901-136860501,15.6867283950617,186052.0
EGR4,3,pos,NPDC1,8.47797752584766,chr9-136985425-136986025,0.416666666666667,60528.0
EGR4,3,pos,NPDC1,2.96658710008312,chr9-137073618-137074218,6.63249559082892,-27665.0
EGR4,3,pos,NPDC1,2.28618325194378,chr9-137138954-137139554,0.0,-93001.0
EGR4,3,pos,NRARP,2.07728106391685,chr9-137138954-137139554,0.0,163047.0
EGR4,3,pos,NPDC1,6.87180466268041,chr9-137168024-137168624,2.8968253968254,-122071.0
EGR4,3,pos,NRARP,2.72308051050501,chr9-137311266-137311866,24.6803350970018,-9265.0
EGR3,3,pos,LGR4,1.18295989639417,chr11-27328610-27329210,0.0,143915.0
EGR3,3,pos,EIF2AK4,0.70988520836318,chr15-39976515-39977115,0.0,42619.0
EGR3,3,pos,NMB,1.38640902528634,chr15-84816886-84817486,0.0,-158573.0
EGR3,3,pos,CAVIN1,0.977535037162288,chr17-42251003-42251603,0.0,172264.0
EGR3,3,pos,FBXO27,0.689334541588121,chr19-39125410-39126010,0.0,-92875.0
EGR3,3,pos,ERCC1,2.38908872225211,chr19-45340452-45341052,0.0,138126.0
EGR3,3,pos,ERCC1,2.47490283299867,chr19-45424207-45424807,0.0,54371.0
EGR3,3,pos,GRHL1,1.87371618848135,chr2-10054301-10054901,0.0,102858.0
EGR3,3,pos,PLEKHB2,1.16173570982258,chr2-130991404-130992004,0.0,-113193.0
EGR3,3,pos,BIRC6,0.863864416758367,chr2-32349734-32350334,0.0,-7044.0
EGR3,3,pos,YIPF4,0.670178144307502,chr2-32357634-32358234,0.0,79974.0
EGR3,3,pos,SPECC1L,1.64672250212984,chr22-24421303-24421903,0.0,150736.0
EGR3,3,pos,TRIOBP,0.794342689278042,chr22-37561600-37562200,0.0,-135154.0
EGR3,3,pos,HES1,0.594648238203435,chr3-194270419-194271019,3.57142857142857,134524.0
EGR3,3,pos,ITGA9,1.66838827099589,chr3-37435510-37436110,1.13756613756614,-16355.0
EGR3,3,pos,DNM1,1.25296649418978,chr9-128129867-128130467,0.0,-61538.0
EGR3,3,pos,NPDC1,4.5677459720865,chr9-136859901-136860501,15.6867283950617,186052.0
EGR3,3,pos,NPDC1,3.40123864055996,chr9-136945816-136946416,9.03769841269841,100137.0
EGR3,3,pos,NPDC1,8.47797752584766,chr9-136985425-136986025,0.416666666666667,60528.0
EGR3,3,pos,NPDC1,1.87314922835106,chr9-137049674-137050274,0.0,-3721.0
EGR3,3,pos,NPDC1,2.96658710008312,chr9-137073618-137074218,6.63249559082892,-27665.0
EGR3,3,pos,NPDC1,2.28618325194378,chr9-137138954-137139554,0.0,-93001.0
EGR3,3,pos,NRARP,2.07728106391685,chr9-137138954-137139554,0.0,163047.0
EGR3,3,pos,NPDC1,6.87180466268041,chr9-137168024-137168624,2.8968253968254,-122071.0
EGR3,3,pos,NPDC1,2.90914372088988,chr9-137219873-137220473,0.0,-173920.0
EGR3,3,pos,NRARP,2.72308051050501,chr9-137311266-137311866,24.6803350970018,-9265.0
FOSL1::JUNB,3,pos,FAM174B,0.915341246599846,chr15-92821496-92822096,0.0,-11862.0
FOSL1::JUNB,3,pos,ERCC1,2.47490283299867,chr19-45424207-45424807,0.0,54371.0
FOSL1::JUNB,3,pos,BCAT2,0.550171349784672,chr19-48709380-48709980,1.28968253968254,101399.0
FOSL1::JUNB,3,pos,BIRC6,0.863864416758367,chr2-32349734-32350334,0.0,-7044.0
FOSL1::JUNB,3,pos,FBLN1,1.58501477031282,chr22-45626291-45626891,37.9453262786596,124303.0
FOSL1::JUNB,3,pos,ZDHHC14,1.72620711488465,chr6-157181500-157182100,37.8406084656085,-199383.0
JUN::JUNB,3,pos,FAM174B,0.915341246599846,chr15-92821496-92822096,0.0,-11862.0
JUN::JUNB,3,pos,BCAT2,0.550171349784672,chr19-48709380-48709980,1.28968253968254,101399.0
JUN::JUNB,3,pos,AC068282.1,1.15624991811801,chr2-127226543-127227143,0.0,-162337.0
JUN::JUNB,3,pos,TRIOBP,0.794342689278042,chr22-37561600-37562200,0.0,-135154.0
JUN::JUNB,3,pos,FBLN1,1.58501477031282,chr22-45626291-45626891,37.9453262786596,124303.0
JUN::JUNB,3,pos,ZDHHC14,1.72620711488465,chr6-157181500-157182100,37.8406084656085,-199383.0
TCF4,3,pos,SLC25A44,0.913391812535611,chr1-156060788-156061388,0.0,-132894.0
TCF4,3,pos,CDK2AP1,0.881837830617423,chr12-123389600-123390200,0.0,-117516.0
TCF4,3,pos,DMKN,0.963883367191968,chr19-35509118-35509718,0.0,4290.0
TCF4,3,pos,BCAT2,1.76179849735901,chr19-48781004-48781604,14.0817901234568,29775.0
TCF4,3,pos,BIRC6,0.863864416758367,chr2-32349734-32350334,0.0,-7044.0
TCF4,3,pos,SPECC1L,1.64672250212984,chr22-24421303-24421903,0.0,150736.0
TCF4,3,pos,TRIOBP,0.794342689278042,chr22-37561600-37562200,0.0,-135154.0
TCF4,3,pos,HES1,0.594648238203435,chr3-194270419-194271019,3.57142857142857,134524.0
TCF4,3,pos,TNK2,1.22094178189939,chr3-196111753-196112353,0.476190476190476,-200058.0
TCF4,3,pos,AFG1L,2.52716612540214,chr6-108304991-108305591,10.353835978836,10347.0
TCF4,3,pos,ZDHHC14,1.72620711488465,chr6-157181500-157182100,37.8406084656085,-199383.0
TCF4,3,pos,DNM1,1.25296649418978,chr9-128129867-128130467,0.0,-61538.0
TCF4,3,pos,NPDC1,4.5677459720865,chr9-136859901-136860501,15.6867283950617,186052.0
TCF4,3,pos,NPDC1,2.02837301227104,chr9-136884316-136884916,9.63734567901235,161637.0
TCF4,3,pos,NPDC1,3.40123864055996,chr9-136945816-136946416,9.03769841269841,100137.0
TCF4,3,pos,NPDC1,1.87314922835106,chr9-137049674-137050274,0.0,-3721.0
TCF4,3,pos,NPDC1,3.68542695773055,chr9-137095463-137096063,0.277777777777778,-49510.0
TCF4,3,pos,NPDC1,4.67833671235749,chr9-137176439-137177039,8.62985008818342,-130486.0
TCF4,3,pos,NRARP,1.83021321688983,chr9-137176439-137177039,9.79938271604938,125562.0
TCF4,3,pos,NPDC1,2.90914372088988,chr9-137219873-137220473,0.0,-173920.0
TCF4,3,pos,NRARP,2.72308051050501,chr9-137311266-137311866,24.6803350970018,-9265.0
CDX1,3,pos,ERCC1,2.47490283299867,chr19-45424207-45424807,0.0,54371.0
CDX1,3,pos,BCAT2,0.550171349784672,chr19-48709380-48709980,1.28968253968254,101399.0
CDX1,3,pos,BCAT2,1.76179849735901,chr19-48781004-48781604,14.0817901234568,29775.0
CDX1,3,pos,TBC1D17,1.52670821448155,chr19-49728197-49728797,2.01499118165785,-148978.0
CDX1,3,pos,FBLN1,1.28104254865921,chr22-45401319-45401919,30.3042328042328,-100669.0
CDX1,3,pos,DNM1,1.25296649418978,chr9-128129867-128130467,0.0,-61538.0
CDX1,3,pos,NPDC1,3.68542695773055,chr9-137095463-137096063,0.277777777777778,-49510.0
ID4,3,pos,SLC25A44,0.913391812535611,chr1-156060788-156061388,0.0,-132894.0
ID4,3,pos,BCAT2,1.76179849735901,chr19-48781004-48781604,14.0817901234568,29775.0
ID4,3,pos,BIRC6,0.863864416758367,chr2-32349734-32350334,0.0,-7044.0
ID4,3,pos,SPECC1L,1.64672250212984,chr22-24421303-24421903,0.0,150736.0
ID4,3,pos,TRIOBP,0.794342689278042,chr22-37561600-37562200,0.0,-135154.0
ID4,3,pos,HES1,0.594648238203435,chr3-194270419-194271019,3.57142857142857,134524.0
ID4,3,pos,TNK2,1.22094178189939,chr3-196111753-196112353,0.476190476190476,-200058.0
ID4,3,pos,AFG1L,2.52716612540214,chr6-108304991-108305591,10.353835978836,10347.0
ID4,3,pos,ZDHHC14,1.72620711488465,chr6-157181500-157182100,37.8406084656085,-199383.0
ID4,3,pos,DNM1,1.25296649418978,chr9-128129867-128130467,0.0,-61538.0
ID4,3,pos,NPDC1,4.5677459720865,chr9-136859901-136860501,15.6867283950617,186052.0
ID4,3,pos,NPDC1,2.02837301227104,chr9-136884316-136884916,9.63734567901235,161637.0
ID4,3,pos,NPDC1,3.40123864055996,chr9-136945816-136946416,9.03769841269841,100137.0
ID4,3,pos,NPDC1,1.87314922835106,chr9-137049674-137050274,0.0,-3721.0
ID4,3,pos,NPDC1,2.96658710008312,chr9-137073618-137074218,6.63249559082892,-27665.0
ID4,3,pos,NPDC1,3.68542695773055,chr9-137095463-137096063,0.277777777777778,-49510.0
ID4,3,pos,NPDC1,4.67833671235749,chr9-137176439-137177039,8.62985008818342,-130486.0
ID4,3,pos,NRARP,1.83021321688983,chr9-137176439-137177039,9.79938271604938,125562.0
ID4,3,pos,NPDC1,2.90914372088988,chr9-137219873-137220473,0.0,-173920.0
ID4,3,pos,NRARP,2.72308051050501,chr9-137311266-137311866,24.6803350970018,-9265.0
SRF,3,pos,ACTA1,1.01782075173655,chr1-229447815-229448415,14.7255291005291,-13967.0
SRF,3,pos,CAVIN1,0.977535037162288,chr17-42251003-42251603,0.0,172264.0
SRF,3,pos,DMKN,0.963883367191968,chr19-35509118-35509718,0.0,4290.0
SRF,3,pos,BCAT2,1.76179849735901,chr19-48781004-48781604,14.0817901234568,29775.0
SRF,3,pos,AC068282.1,0.618479118237049,chr2-127353768-127354368,0.0,-35112.0
TCF3,3,pos,SLC25A44,0.913391812535611,chr1-156060788-156061388,0.0,-132894.0
TCF3,3,pos,DMKN,0.963883367191968,chr19-35509118-35509718,0.0,4290.0
TCF3,3,pos,BCAT2,1.76179849735901,chr19-48781004-48781604,14.0817901234568,29775.0
TCF3,3,pos,BIRC6,0.863864416758367,chr2-32349734-32350334,0.0,-7044.0
TCF3,3,pos,SPECC1L,1.64672250212984,chr22-24421303-24421903,0.0,150736.0
TCF3,3,pos,TRIOBP,0.794342689278042,chr22-37561600-37562200,0.0,-135154.0
TCF3,3,pos,HES1,0.594648238203435,chr3-194270419-194271019,3.57142857142857,134524.0
TCF3,3,pos,AFG1L,2.52716612540214,chr6-108304991-108305591,10.353835978836,10347.0
TCF3,3,pos,ZDHHC14,1.72620711488465,chr6-157181500-157182100,37.8406084656085,-199383.0
TCF3,3,pos,DNM1,1.25296649418978,chr9-128129867-128130467,0.0,-61538.0
TCF3,3,pos,NPDC1,4.5677459720865,chr9-136859901-136860501,15.6867283950617,186052.0
TCF3,3,pos,NPDC1,2.02837301227104,chr9-136884316-136884916,9.63734567901235,161637.0
TCF3,3,pos,NPDC1,1.87314922835106,chr9-137049674-137050274,0.0,-3721.0
TCF3,3,pos,NPDC1,3.68542695773055,chr9-137095463-137096063,0.277777777777778,-49510.0
TCF3,3,pos,NPDC1,4.67833671235749,chr9-137176439-137177039,8.62985008818342,-130486.0
TCF3,3,pos,NRARP,1.83021321688983,chr9-137176439-137177039,9.79938271604938,125562.0
TCF3,3,pos,NPDC1,2.90914372088988,chr9-137219873-137220473,0.0,-173920.0
TCF3,3,pos,NRARP,2.72308051050501,chr9-137311266-137311866,24.6803350970018,-9265.0
TBX15,3,pos,NPLOC4,1.12016578693553,chr17-81735692-81736292,0.416666666666667,-87477.0
TBX15,3,pos,BIRC6,0.863864416758367,chr2-32349734-32350334,0.0,-7044.0
TBX15,3,pos,HES1,0.594648238203435,chr3-194270419-194271019,3.57142857142857,134524.0
TBX15,3,pos,ZDHHC14,1.72620711488465,chr6-157181500-157182100,37.8406084656085,-199383.0
TBX15,3,pos,CLEC2L,0.490528136883863,chr7-139499897-139500497,0.0617283950617284,-23709.0
TBX15,3,pos,DNM1,1.25296649418978,chr9-128129867-128130467,0.0,-61538.0
TBX15,3,pos,NPDC1,4.5677459720865,chr9-136859901-136860501,15.6867283950617,186052.0
TBX15,3,pos,NPDC1,4.67833671235749,chr9-137176439-137177039,8.62985008818342,-130486.0
TBX15,3,pos,NRARP,1.83021321688983,chr9-137176439-137177039,9.79938271604938,125562.0
PKNOX1,3,pos,CRABP1,1.24880425257637,chr15-78482243-78482843,0.634920634920635,142169.0
PKNOX1,3,pos,CEMIP,0.888420393340162,chr15-80967359-80967959,0.0,188266.0
PKNOX1,3,pos,BIRC6,0.863864416758367,chr2-32349734-32350334,0.0,-7044.0
PKNOX1,3,pos,HES1,0.594648238203435,chr3-194270419-194271019,3.57142857142857,134524.0
PKNOX1,3,pos,ITGA9,1.66838827099589,chr3-37435510-37436110,1.13756613756614,-16355.0
PKNOX1,3,pos,ZDHHC14,1.72620711488465,chr6-157181500-157182100,37.8406084656085,-199383.0
PKNOX1,3,pos,DNM1,1.25296649418978,chr9-128129867-128130467,0.0,-61538.0
PKNOX1,3,pos,NPDC1,4.5677459720865,chr9-136859901-136860501,15.6867283950617,186052.0
PKNOX1,3,pos,NPDC1,3.40123864055996,chr9-136945816-136946416,9.03769841269841,100137.0
PKNOX1,3,pos,NPDC1,2.96658710008312,chr9-137073618-137074218,6.63249559082892,-27665.0
NR3C2,3,pos,EIF2AK4,0.70988520836318,chr15-39976515-39977115,0.0,42619.0
NR3C2,3,pos,FAM174B,0.915341246599846,chr15-92821496-92822096,0.0,-11862.0
NR3C2,3,pos,FBXO27,0.689334541588121,chr19-39125410-39126010,0.0,-92875.0
NR3C2,3,pos,AC068282.1,0.618479118237049,chr2-127353768-127354368,0.0,-35112.0
NR3C2,3,pos,FBLN1,1.28104254865921,chr22-45401319-45401919,30.3042328042328,-100669.0
STAT1::STAT2,3,pos,TRAF5,0.927891762719793,chr1-211329821-211330421,4.77513227513228,3456.0
STAT1::STAT2,3,pos,LGR4,1.18295989639417,chr11-27328610-27329210,0.0,143915.0
STAT1::STAT2,3,pos,EIF2AK4,0.70988520836318,chr15-39976515-39977115,0.0,42619.0
STAT1::STAT2,3,pos,IVD,1.59595386176084,chr15-40589651-40590251,0.0,184106.0
STAT1::STAT2,3,pos,FAM174B,0.915341246599846,chr15-92821496-92822096,0.0,-11862.0
STAT1::STAT2,3,pos,FBXO27,0.689334541588121,chr19-39125410-39126010,0.0,-92875.0
STAT1::STAT2,3,pos,ERCC1,2.47490283299867,chr19-45424207-45424807,0.0,54371.0
STAT1::STAT2,3,pos,BCAT2,1.76179849735901,chr19-48781004-48781604,14.0817901234568,29775.0
STAT1::STAT2,3,pos,TBC1D17,1.52670821448155,chr19-49728197-49728797,2.01499118165785,-148978.0
STAT1::STAT2,3,pos,AC068282.1,1.15624991811801,chr2-127226543-127227143,0.0,-162337.0
STAT1::STAT2,3,pos,AC068282.1,0.618479118237049,chr2-127353768-127354368,0.0,-35112.0
STAT1::STAT2,3,pos,PTGIS,0.594317182189033,chr20-49441408-49442008,0.138888888888889,126488.0
STAT1::STAT2,3,pos,FBLN1,1.58501477031282,chr22-45626291-45626891,37.9453262786596,124303.0
STAT1::STAT2,3,pos,TNK2,1.22094178189939,chr3-196111753-196112353,0.476190476190476,-200058.0
STAT1::STAT2,3,pos,AFG1L,2.52716612540214,chr6-108304991-108305591,10.353835978836,10347.0
STAT1::STAT2,3,pos,GSN,0.298897904563965,chr9-121368098-121368698,0.0,160554.0
FOSL2::JUN,3,pos,FAM174B,0.915341246599846,chr15-92821496-92822096,0.0,-11862.0
FOSL2::JUN,3,pos,ERCC1,2.47490283299867,chr19-45424207-45424807,0.0,54371.0
FOSL2::JUN,3,pos,BCAT2,0.550171349784672,chr19-48709380-48709980,1.28968253968254,101399.0
FOSL2::JUN,3,pos,BIRC6,0.863864416758367,chr2-32349734-32350334,0.0,-7044.0
FOSL2::JUN,3,pos,FBLN1,1.58501477031282,chr22-45626291-45626891,37.9453262786596,124303.0
FOSL2::JUN,3,pos,ZDHHC14,1.72620711488465,chr6-157181500-157182100,37.8406084656085,-199383.0
MTF1,3,pos,CDK2AP1,0.881837830617423,chr12-123389600-123390200,0.0,-117516.0
MTF1,3,pos,CRABP1,1.54371086699168,chr15-78381337-78381937,31.7614638447972,41263.0
MTF1,3,pos,BCAT2,0.550171349784672,chr19-48709380-48709980,1.28968253968254,101399.0
MTF1,3,pos,TRIOBP,0.794342689278042,chr22-37561600-37562200,0.0,-135154.0
MTF1,3,pos,FBLN1,1.28104254865921,chr22-45401319-45401919,30.3042328042328,-100669.0
MTF1,3,pos,NPDC1,2.28618325194378,chr9-137138954-137139554,0.0,-93001.0
MTF1,3,pos,NRARP,2.07728106391685,chr9-137138954-137139554,0.0,163047.0
MTF1,3,pos,NPDC1,2.90914372088988,chr9-137219873-137220473,0.0,-173920.0
TBX5,3,pos,CRABP1,1.54371086699168,chr15-78381337-78381937,31.7614638447972,41263.0
TBX5,3,pos,BIRC6,0.863864416758367,chr2-32349734-32350334,0.0,-7044.0
TBX5,3,pos,HES1,0.594648238203435,chr3-194270419-194271019,3.57142857142857,134524.0
TBX5,3,pos,ZDHHC14,1.72620711488465,chr6-157181500-157182100,37.8406084656085,-199383.0
TBX5,3,pos,CLEC2L,0.490528136883863,chr7-139499897-139500497,0.0617283950617284,-23709.0
TBX5,3,pos,DNM1,1.25296649418978,chr9-128129867-128130467,0.0,-61538.0
TBX5,3,pos,NPDC1,4.5677459720865,chr9-136859901-136860501,15.6867283950617,186052.0
TBX5,3,pos,NPDC1,2.96658710008312,chr9-137073618-137074218,6.63249559082892,-27665.0
TBX5,3,pos,NPDC1,4.67833671235749,chr9-137176439-137177039,8.62985008818342,-130486.0
TBX5,3,pos,NRARP,1.83021321688983,chr9-137176439-137177039,9.79938271604938,125562.0
TBX4,3,pos,CRABP1,1.54371086699168,chr15-78381337-78381937,31.7614638447972,41263.0
TBX4,3,pos,BIRC6,0.863864416758367,chr2-32349734-32350334,0.0,-7044.0
TBX4,3,pos,HES1,0.594648238203435,chr3-194270419-194271019,3.57142857142857,134524.0
TBX4,3,pos,ZDHHC14,1.72620711488465,chr6-157181500-157182100,37.8406084656085,-199383.0
TBX4,3,pos,CLEC2L,0.490528136883863,chr7-139499897-139500497,0.0617283950617284,-23709.0
TBX4,3,pos,DNM1,1.25296649418978,chr9-128129867-128130467,0.0,-61538.0
TBX4,3,pos,NPDC1,4.5677459720865,chr9-136859901-136860501,15.6867283950617,186052.0
TBX4,3,pos,NPDC1,2.96658710008312,chr9-137073618-137074218,6.63249559082892,-27665.0
TBX4,3,pos,NPDC1,4.67833671235749,chr9-137176439-137177039,8.62985008818342,-130486.0
TBX4,3,pos,NRARP,1.83021321688983,chr9-137176439-137177039,9.79938271604938,125562.0
FOS::JUN,3,pos,FAM174B,0.915341246599846,chr15-92821496-92822096,0.0,-11862.0
FOS::JUN,3,pos,BCAT2,0.550171349784672,chr19-48709380-48709980,1.28968253968254,101399.0
FOS::JUN,3,pos,AC068282.1,1.15624991811801,chr2-127226543-127227143,0.0,-162337.0
FOS::JUN,3,pos,BIRC6,0.863864416758367,chr2-32349734-32350334,0.0,-7044.0
FOS::JUN,3,pos,FBLN1,1.58501477031282,chr22-45626291-45626891,37.9453262786596,124303.0
FOS::JUN,3,pos,ZDHHC14,1.72620711488465,chr6-157181500-157182100,37.8406084656085,-199383.0
ASCL1,3,pos,TRAF5,0.927891762719793,chr1-211329821-211330421,4.77513227513228,3456.0
ASCL1,3,pos,SFXN4,0.840708061802578,chr10-119103750-119104350,0.0,61667.0
ASCL1,3,pos,LGR4,1.18295989639417,chr11-27328610-27329210,0.0,143915.0
ASCL1,3,pos,EIF2AK4,0.70988520836318,chr15-39976515-39977115,0.0,42619.0
ASCL1,3,pos,IVD,1.59595386176084,chr15-40589651-40590251,0.0,184106.0
ASCL1,3,pos,NMB,1.38640902528634,chr15-84816886-84817486,0.0,-158573.0
ASCL1,3,pos,NPLOC4,1.12016578693553,chr17-81735692-81736292,0.416666666666667,-87477.0
ASCL1,3,pos,PLEKHB2,1.16173570982258,chr2-130991404-130992004,0.0,-113193.0
ASCL1,3,pos,BIRC6,0.863864416758367,chr2-32349734-32350334,0.0,-7044.0
ASCL1,3,pos,YIPF4,0.670178144307502,chr2-32357634-32358234,0.0,79974.0
ASCL1,3,pos,SPECC1L,1.64672250212984,chr22-24421303-24421903,0.0,150736.0
ASCL1,3,pos,FBLN1,1.28104254865921,chr22-45401319-45401919,30.3042328042328,-100669.0
ASCL1,3,pos,DNM1,1.25296649418978,chr9-128129867-128130467,0.0,-61538.0
ASCL1,3,pos,NPDC1,3.40123864055996,chr9-136945816-136946416,9.03769841269841,100137.0
ASCL1,3,pos,NPDC1,8.47797752584766,chr9-136985425-136986025,0.416666666666667,60528.0
ASCL1,3,pos,NPDC1,1.87314922835106,chr9-137049674-137050274,0.0,-3721.0
ASCL1,3,pos,NPDC1,2.28618325194378,chr9-137138954-137139554,0.0,-93001.0
ASCL1,3,pos,NRARP,2.07728106391685,chr9-137138954-137139554,0.0,163047.0
ASCL1,3,pos,NPDC1,4.67833671235749,chr9-137176439-137177039,8.62985008818342,-130486.0
ASCL1,3,pos,NRARP,1.83021321688983,chr9-137176439-137177039,9.79938271604938,125562.0
ASCL1,3,pos,NPDC1,2.26677959070337,chr9-137243698-137244298,0.0,-197745.0
ASCL1,3,pos,NRARP,2.72308051050501,chr9-137311266-137311866,24.6803350970018,-9265.0
ASCL1,3,pos,NRARP,1.24697612738316,chr9-137391286-137391886,5.9402557319224,-89285.0
FOSL1::JUND,3,pos,FAM174B,0.915341246599846,chr15-92821496-92822096,0.0,-11862.0
FOSL1::JUND,3,pos,ERCC1,2.47490283299867,chr19-45424207-45424807,0.0,54371.0
FOSL1::JUND,3,pos,BCAT2,0.550171349784672,chr19-48709380-48709980,1.28968253968254,101399.0
FOSL1::JUND,3,pos,FBLN1,1.58501477031282,chr22-45626291-45626891,37.9453262786596,124303.0
FOSL1::JUND,3,pos,DNM1,1.25296649418978,chr9-128129867-128130467,0.0,-61538.0
HOXA10,3,pos,ERCC1,2.47490283299867,chr19-45424207-45424807,0.0,54371.0
HOXA10,3,pos,BCAT2,0.550171349784672,chr19-48709380-48709980,1.28968253968254,101399.0
HOXA10,3,pos,BCAT2,1.76179849735901,chr19-48781004-48781604,14.0817901234568,29775.0
HOXA10,3,pos,FBLN1,1.28104254865921,chr22-45401319-45401919,30.3042328042328,-100669.0
HOXA10,3,pos,DNM1,1.25296649418978,chr9-128129867-128130467,0.0,-61538.0
HOXA10,3,pos,NPDC1,3.68542695773055,chr9-137095463-137096063,0.277777777777778,-49510.0
RBPJ,3,pos,CDK2AP1,0.881837830617423,chr12-123389600-123390200,0.0,-117516.0
RBPJ,3,pos,CRABP1,1.24880425257637,chr15-78482243-78482843,0.634920634920635,142169.0
RBPJ,3,pos,CEMIP,0.888420393340162,chr15-80967359-80967959,0.0,188266.0
RBPJ,3,pos,CAVIN1,0.977535037162288,chr17-42251003-42251603,0.0,172264.0
RBPJ,3,pos,NPLOC4,1.12016578693553,chr17-81735692-81736292,0.416666666666667,-87477.0
RBPJ,3,pos,DMKN,0.963883367191968,chr19-35509118-35509718,0.0,4290.0
RBPJ,3,pos,ERCC1,2.38908872225211,chr19-45340452-45341052,0.0,138126.0
RBPJ,3,pos,BCAT2,1.76179849735901,chr19-48781004-48781604,14.0817901234568,29775.0
RBPJ,3,pos,AC068282.1,1.15624991811801,chr2-127226543-127227143,0.0,-162337.0
RBPJ,3,pos,TRIOBP,0.794342689278042,chr22-37561600-37562200,0.0,-135154.0
RBPJ,3,pos,TRIOBP,0.54652488199339,chr22-37804916-37805516,0.0,108162.0
RBPJ,3,pos,PODXL,1.22508417957986,chr7-131605342-131605942,0.0,-47375.0
RBPJ,3,pos,DNM1,1.25296649418978,chr9-128129867-128130467,0.0,-61538.0
RBPJ,3,pos,NPDC1,3.68542695773055,chr9-137095463-137096063,0.277777777777778,-49510.0
RBPJ,3,pos,NRARP,2.72308051050501,chr9-137311266-137311866,24.6803350970018,-9265.0
MYC,3,pos,CDK2AP1,0.881837830617423,chr12-123389600-123390200,0.0,-117516.0
MYC,3,pos,NMB,1.38640902528634,chr15-84816886-84817486,0.0,-158573.0
MYC,3,pos,DMKN,0.963883367191968,chr19-35509118-35509718,0.0,4290.0
MYC,3,pos,PLEKHB2,1.16173570982258,chr2-130991404-130992004,0.0,-113193.0
MYC,3,pos,TRIOBP,0.794342689278042,chr22-37561600-37562200,0.0,-135154.0
MYC,3,pos,FBLN1,1.28104254865921,chr22-45401319-45401919,30.3042328042328,-100669.0
MYC,3,pos,NPDC1,2.02837301227104,chr9-136884316-136884916,9.63734567901235,161637.0
MYC,3,pos,NPDC1,3.40123864055996,chr9-136945816-136946416,9.03769841269841,100137.0
MYC,3,pos,NPDC1,3.68542695773055,chr9-137095463-137096063,0.277777777777778,-49510.0
MYC,3,pos,NPDC1,2.90914372088988,chr9-137219873-137220473,0.0,-173920.0
FOS::JUNB,3,pos,FAM174B,0.915341246599846,chr15-92821496-92822096,0.0,-11862.0
FOS::JUNB,3,pos,BCAT2,0.550171349784672,chr19-48709380-48709980,1.28968253968254,101399.0
FOS::JUNB,3,pos,BIRC6,0.863864416758367,chr2-32349734-32350334,0.0,-7044.0
FOS::JUNB,3,pos,FBLN1,1.58501477031282,chr22-45626291-45626891,37.9453262786596,124303.0
FOS::JUNB,3,pos,ZDHHC14,1.72620711488465,chr6-157181500-157182100,37.8406084656085,-199383.0
MGA,3,pos,NPLOC4,1.12016578693553,chr17-81735692-81736292,0.416666666666667,-87477.0
MGA,3,pos,BIRC6,0.863864416758367,chr2-32349734-32350334,0.0,-7044.0
MGA,3,pos,HES1,0.594648238203435,chr3-194270419-194271019,3.57142857142857,134524.0
MGA,3,pos,ZDHHC14,1.72620711488465,chr6-157181500-157182100,37.8406084656085,-199383.0
MGA,3,pos,CLEC2L,0.490528136883863,chr7-139499897-139500497,0.0617283950617284,-23709.0
MGA,3,pos,DNM1,1.25296649418978,chr9-128129867-128130467,0.0,-61538.0
MGA,3,pos,NPDC1,4.5677459720865,chr9-136859901-136860501,15.6867283950617,186052.0
MGA,3,pos,NPDC1,4.67833671235749,chr9-137176439-137177039,8.62985008818342,-130486.0
MGA,3,pos,NRARP,1.83021321688983,chr9-137176439-137177039,9.79938271604938,125562.0
TBX1,3,pos,BIRC6,0.863864416758367,chr2-32349734-32350334,0.0,-7044.0
TBX1,3,pos,HES1,0.594648238203435,chr3-194270419-194271019,3.57142857142857,134524.0
TBX1,3,pos,ZDHHC14,1.72620711488465,chr6-157181500-157182100,37.8406084656085,-199383.0
TBX1,3,pos,CLEC2L,0.490528136883863,chr7-139499897-139500497,0.0617283950617284,-23709.0
TBX1,3,pos,DNM1,1.25296649418978,chr9-128129867-128130467,0.0,-61538.0
TBX1,3,pos,NPDC1,4.5677459720865,chr9-136859901-136860501,15.6867283950617,186052.0
TBX1,3,pos,NPDC1,4.67833671235749,chr9-137176439-137177039,8.62985008818342,-130486.0
TBX1,3,pos,NRARP,1.83021321688983,chr9-137176439-137177039,9.79938271604938,125562.0
VDR,3,pos,NES,0.610821933739082,chr1-156607966-156608566,0.0,69181.0
VDR,3,pos,DMKN,0.963883367191968,chr19-35509118-35509718,0.0,4290.0
VDR,3,pos,BCAT2,0.550171349784672,chr19-48709380-48709980,1.28968253968254,101399.0
VDR,3,pos,BIRC6,0.863864416758367,chr2-32349734-32350334,0.0,-7044.0
VDR,3,pos,PTGIS,0.594317182189033,chr20-49441408-49442008,0.138888888888889,126488.0
CREB3L1,3,pos,GSN,0.298897904563965,chr9-121368098-121368698,0.0,160554.0
CREB3L1,3,pos,NPDC1,2.02837301227104,chr9-136884316-136884916,9.63734567901235,161637.0
CREB3L1,3,pos,NPDC1,2.28618325194378,chr9-137138954-137139554,0.0,-93001.0
CREB3L1,3,pos,NRARP,2.07728106391685,chr9-137138954-137139554,0.0,163047.0
CREB3L1,3,pos,NRARP,1.24697612738316,chr9-137391286-137391886,5.9402557319224,-89285.0
FOS::JUND,3,pos,FAM174B,0.915341246599846,chr15-92821496-92822096,0.0,-11862.0
FOS::JUND,3,pos,BCAT2,0.550171349784672,chr19-48709380-48709980,1.28968253968254,101399.0
FOS::JUND,3,pos,BIRC6,0.863864416758367,chr2-32349734-32350334,0.0,-7044.0
FOS::JUND,3,pos,FBLN1,1.58501477031282,chr22-45626291-45626891,37.9453262786596,124303.0
FOS::JUND,3,pos,ZDHHC14,1.72620711488465,chr6-157181500-157182100,37.8406084656085,-199383.0
FOS::JUND,3,pos,NRARP,2.72308051050501,chr9-137311266-137311866,24.6803350970018,-9265.0
FOSL2::JUND,3,pos,FAM174B,0.915341246599846,chr15-92821496-92822096,0.0,-11862.0
FOSL2::JUND,3,pos,BCAT2,0.550171349784672,chr19-48709380-48709980,1.28968253968254,101399.0
FOSL2::JUND,3,pos,BIRC6,0.863864416758367,chr2-32349734-32350334,0.0,-7044.0
FOSL2::JUND,3,pos,FBLN1,1.58501477031282,chr22-45626291-45626891,37.9453262786596,124303.0
FOSL2::JUND,3,pos,ZDHHC14,1.72620711488465,chr6-157181500-157182100,37.8406084656085,-199383.0
TGIF2,3,pos,CRABP1,1.24880425257637,chr15-78482243-78482843,0.634920634920635,142169.0
TGIF2,3,pos,CEMIP,0.888420393340162,chr15-80967359-80967959,0.0,188266.0
TGIF2,3,pos,ZDHHC14,1.72620711488465,chr6-157181500-157182100,37.8406084656085,-199383.0
TGIF2,3,pos,DNM1,1.25296649418978,chr9-128129867-128130467,0.0,-61538.0
TGIF2,3,pos,NPDC1,3.40123864055996,chr9-136945816-136946416,9.03769841269841,100137.0
TGIF2,3,pos,NPDC1,2.96658710008312,chr9-137073618-137074218,6.63249559082892,-27665.0
FOSB::JUNB,3,pos,FAM174B,0.915341246599846,chr15-92821496-92822096,0.0,-11862.0
FOSB::JUNB,3,pos,BCAT2,0.550171349784672,chr19-48709380-48709980,1.28968253968254,101399.0
FOSB::JUNB,3,pos,BIRC6,0.863864416758367,chr2-32349734-32350334,0.0,-7044.0
FOSB::JUNB,3,pos,FBLN1,1.58501477031282,chr22-45626291-45626891,37.9453262786596,124303.0
FOSB::JUNB,3,pos,ZDHHC14,1.72620711488465,chr6-157181500-157182100,37.8406084656085,-199383.0
MTF1,4,pos,TRAF5,1.63375595416295,chr1-211323332-211323932,0.386904761904762,-3033.0
MTF1,4,pos,TRAF5,1.6101874468997,chr1-211476126-211476726,1.28858024691358,149761.0
MTF1,4,pos,NAA25,0.918701731090525,chr12-112023871-112024471,1.40873015873016,84901.0
MTF1,4,pos,FAM126B,0.717566438993501,chr2-201232096-201232696,0.0,-160675.0
MTF1,4,pos,LIPH,0.956823554695523,chr3-185554146-185554746,4.38381834215167,-1783.0
MTF1,4,pos,DPYSL3,1.28407866292192,chr5-147627931-147628531,0.0694444444444444,-118125.0
MTF1,4,pos,CCNG1,1.72839573488743,chr5-163505270-163505870,0.0,67951.0
MTF1,4,pos,DDX43,0.827282054918913,chr6-73225228-73225828,0.0,-169270.0
MTF1,4,pos,KHDC1L,0.919768713735796,chr6-73225228-73225828,0.0,292.0
MTF1,4,pos,NPDC1,2.22413370880584,chr9-137219873-137220473,0.0,-173920.0
MTF1,4,pos,NRARP,1.12337876345053,chr9-137219873-137220473,0.0,82128.0
NEUROD2,4,pos,DSCAML1,1.27350363517096,chr11-117814514-117815114,0.0,2761.0
NEUROD2,4,pos,IQGAP1,1.59540852608098,chr15-90319895-90320495,0.0,-68073.0
NEUROD2,4,pos,KMT2C,0.547018231689649,chr7-152575953-152576553,3.82716049382716,-140198.0
NEUROD2,4,pos,CNTRL,3.74432250347946,chr9-120894398-120894998,0.0,-180215.0
NEUROD2,4,pos,NPDC1,2.67934322797668,chr9-137095463-137096063,0.158730158730159,-49510.0
EGR4,4,pos,TRAF5,2.09837799999173,chr1-211133950-211134550,0.0,-192415.0
EGR4,4,pos,TRAF5,1.6101874468997,chr1-211476126-211476726,1.28858024691358,149761.0
EGR4,4,pos,DSCAML1,1.2935259354674,chr11-117796900-117797500,0.0,20375.0
EGR4,4,pos,IQGAP1,1.59540852608098,chr15-90319895-90320495,0.0,-68073.0
EGR4,4,pos,IQGAP1,3.69669309657122,chr15-90387885-90388485,0.0,-83.0
EGR4,4,pos,PLLP,1.38129232519256,chr16-57182270-57182870,0.0,102167.0
EGR4,4,pos,ERCC1,0.598352575112053,chr19-45340452-45341052,0.0,138126.0
EGR4,4,pos,MEIS3,1.29158399280083,chr19-47274004-47274604,0.0,145269.0
EGR4,4,pos,BCAT2,0.121045767467638,chr19-48745108-48745708,0.0,65671.0
EGR4,4,pos,BCAT2,0.504668019856877,chr19-48962162-48962762,0.0,-151383.0
EGR4,4,pos,IRF3,0.923273091824435,chr19-49640026-49640626,0.0,25599.0
EGR4,4,pos,TNNI3,1.99425410531686,chr19-55062930-55063530,0.0,94593.0
EGR4,4,pos,GRHL1,1.8894797934895,chr2-10054301-10054901,0.0,102858.0
EGR4,4,pos,GTDC1,0.766748910531901,chr2-144332304-144332904,0.0,14.0
EGR4,4,pos,DNMT3L,0.979505107770085,chr21-44260722-44261322,0.0,1244.0
EGR4,4,pos,TRIOBP,0.759537365150344,chr22-37623445-37624045,0.0,-73309.0
EGR4,4,pos,FBLN1,0.818716837311526,chr22-45309470-45310070,0.0,-192518.0
EGR4,4,pos,TNK2,1.42288545785741,chr3-195802653-195803253,4.1765873015873,109042.0
EGR4,4,pos,PPARGC1B,1.22257867764064,chr5-149646507-149647107,0.0,-83541.0
EGR4,4,pos,AFG1L,1.20531072201993,chr6-108157522-108158122,0.0,-137122.0
EGR4,4,pos,CLEC2L,0.549416699251903,chr7-139465456-139466056,0.0,-58150.0
EGR4,4,pos,KMT2C,0.547018231689649,chr7-152575953-152576553,3.82716049382716,-140198.0
EGR4,4,pos,ASS1,1.90110725908777,chr9-130632086-130632686,0.0,187407.0
EGR4,4,pos,NPDC1,1.45244510824037,chr9-137236357-137236957,0.0,-190404.0
PBX1,4,pos,DSCAML1,1.27350363517096,chr11-117814514-117815114,0.0,2761.0
PBX1,4,pos,NAA25,0.918701731090525,chr12-112023871-112024471,1.40873015873016,84901.0
PBX1,4,pos,ZNF83,1.58778430181697,chr19-52677100-52677700,12.4437830687831,13146.0
PBX1,4,pos,GRHL1,1.8894797934895,chr2-10054301-10054901,0.0,102858.0
PBX1,4,pos,FAM126B,0.717566438993501,chr2-201232096-201232696,0.0,-160675.0
PBX1,4,pos,DDIT4L,0.754044143052612,chr4-100208778-100209378,0.0,-18246.0
MNX1,4,pos,LCOR,0.836721906645002,chr10-96876499-96877099,0.0,44467.0
MNX1,4,pos,HAS3,3.14168275396176,chr16-68953353-68953953,0.158730158730159,-151961.0
MNX1,4,pos,ZNF83,1.58778430181697,chr19-52677100-52677700,12.4437830687831,13146.0
MNX1,4,pos,SALL4,1.73682107578167,chr20-51811494-51812094,0.0,-9224.0
MNX1,4,pos,NRBP2,0.877032555502417,chr8-144003300-144003900,6.94775132275132,-162576.0
MNX1,4,pos,VAV2,1.57646586821203,chr9-133897462-133898062,14.430114638448,94892.0
SNAI2,4,pos,LCOR,0.836721906645002,chr10-96876499-96877099,0.0,44467.0
SNAI2,4,pos,DSCAML1,1.27350363517096,chr11-117814514-117815114,0.0,2761.0
SNAI2,4,pos,MRPL48,0.69827217853058,chr11-73784194-73784794,0.0,-2872.0
SNAI2,4,pos,CLIP1,0.624198077764493,chr12-122468607-122469207,0.922619047619048,-46225.0
SNAI2,4,pos,ACOX1,0.858460222073053,chr17-75998236-75998836,5.66798941798942,-19123.0
SNAI2,4,pos,FN3K,0.946899988303565,chr17-82873452-82874052,2.60361552028219,138127.0
SNAI2,4,pos,ERCC1,0.598352575112053,chr19-45340452-45341052,0.0,138126.0
SNAI2,4,pos,GTDC1,0.766748910531901,chr2-144332304-144332904,0.0,14.0
SNAI2,4,pos,GRHL1,1.06195932071079,chr2-9895429-9896029,0.0,-56014.0
SNAI2,4,pos,WFDC2,0.971193142811613,chr20-45306376-45306976,0.0,-163080.0
SNAI2,4,pos,TRIOBP,0.759537365150344,chr22-37623445-37624045,0.0,-73309.0
SNAI2,4,pos,TNK2,1.32976669332629,chr3-196081872-196082472,0.0,-170177.0
SNAI2,4,pos,AFG1L,1.20531072201993,chr6-108157522-108158122,0.0,-137122.0
SNAI2,4,pos,DDX43,0.827282054918913,chr6-73225228-73225828,0.0,-169270.0
SNAI2,4,pos,KHDC1L,0.919768713735796,chr6-73225228-73225828,0.0,292.0
SNAI2,4,pos,CLEC2L,0.906264270393322,chr7-139505490-139506090,0.37037037037037,-18116.0
SNAI2,4,pos,ASS1,1.90110725908777,chr9-130632086-130632686,0.0,187407.0
SNAI2,4,pos,NPDC1,2.67934322797668,chr9-137095463-137096063,0.158730158730159,-49510.0
SNAI2,4,pos,NPDC1,2.22413370880584,chr9-137219873-137220473,0.0,-173920.0
SNAI2,4,pos,NRARP,1.12337876345053,chr9-137219873-137220473,0.0,82128.0
SNAI2,4,pos,NPDC1,1.45244510824037,chr9-137236357-137236957,0.0,-190404.0
SNAI2,4,pos,NPDC1,1.45566111529413,chr9-137243698-137244298,0.0,-197745.0
RUNX3,4,pos,S100A10,1.43409953213579,chr1-152013529-152014129,0.0,-19389.0
RUNX3,4,pos,TRAF5,1.6101874468997,chr1-211476126-211476726,1.28858024691358,149761.0
RUNX3,4,pos,ZNF83,1.58778430181697,chr19-52677100-52677700,12.4437830687831,13146.0
RUNX3,4,pos,DDIT4L,0.754044143052612,chr4-100208778-100209378,0.0,-18246.0
RUNX3,4,pos,DPYSL3,1.28407866292192,chr5-147627931-147628531,0.0694444444444444,-118125.0
RUNX3,4,pos,TSPAN13,1.33424084585402,chr7-16762106-16762706,0.0,8821.0
RUNX3,4,pos,NPDC1,1.45566111529413,chr9-137243698-137244298,0.0,-197745.0
HOXA13,4,pos,DSCAML1,1.27350363517096,chr11-117814514-117815114,0.0,2761.0
HOXA13,4,pos,CLIP1,0.624198077764493,chr12-122468607-122469207,0.922619047619048,-46225.0
HOXA13,4,pos,SLC2A3,1.782118247171,chr12-8045853-8046453,0.0,-109828.0
HOXA13,4,pos,FN3K,0.946899988303565,chr17-82873452-82874052,2.60361552028219,138127.0
HOXA13,4,pos,BCAT2,0.121045767467638,chr19-48745108-48745708,0.0,65671.0
HOXA13,4,pos,FAM126B,0.717566438993501,chr2-201232096-201232696,0.0,-160675.0
HOXA13,4,pos,NPDC1,2.67934322797668,chr9-137095463-137096063,0.158730158730159,-49510.0
SREBF2(var.2),4,pos,LCOR,0.836721906645002,chr10-96876499-96877099,0.0,44467.0
SREBF2(var.2),4,pos,DSCAML1,1.27350363517096,chr11-117814514-117815114,0.0,2761.0
SREBF2(var.2),4,pos,CLIP1,0.624198077764493,chr12-122468607-122469207,0.922619047619048,-46225.0
SREBF2(var.2),4,pos,SLC2A3,1.782118247171,chr12-8045853-8046453,0.0,-109828.0
SREBF2(var.2),4,pos,PLLP,1.38129232519256,chr16-57182270-57182870,0.0,102167.0
SREBF2(var.2),4,pos,LIPH,1.1736603218729,chr3-185555098-185555698,7.43055555555556,-2735.0
SREBF2(var.2),4,pos,SPRY1,3.27500404482214,chr4-123414001-123414601,0.476190476190476,17456.0
SREBF2(var.2),4,pos,TNRC18,1.56546965708227,chr7-5524508-5525108,0.0,-99344.0
SREBF2(var.2),4,pos,NRBP2,0.877032555502417,chr8-144003300-144003900,6.94775132275132,-162576.0
RFX3,5,pos,ESRRA,0.667366358068026,chr11-64275291-64275891,0.0,-30031.0
RFX3,5,pos,FAM126B,1.01275946667693,chr2-201257182-201257782,0.601851851851852,-185761.0
RFX3,5,pos,PITPNB,1.15929500882497,chr22-27726285-27726885,0.0,193599.0
RFX3,5,pos,CD24,1.17841236830025,chr6-107154406-107155006,0.0,-179029.0
RFX3,5,pos,KMT2C,1.93499827732885,chr7-152568863-152569463,6.81393298059965,-133108.0
FOXC1,5,pos,H3F3A,1.05318299913269,chr1-226064687-226065287,0.0694444444444444,3086.0
FOXC1,5,pos,ALKBH1,1.37674458161316,chr14-77748206-77748806,0.0,-40436.0
FOXC1,5,pos,ALKBH1,1.06058650472563,chr14-77814746-77815346,0.0,-106976.0
FOXC1,5,pos,YPEL2,1.04050086959015,chr17-59366270-59366870,0.0,34831.0
FOXC1,5,pos,YIPF4,0.824649616604404,chr2-32334710-32335310,0.0,57050.0
FOXC1,5,pos,STC2,0.746531051921232,chr5-173330518-173331118,0.185185185185185,-1265.0
FOXC1,5,pos,KMT2C,1.80380526053017,chr7-152582835-152583435,2.05908289241623,-147080.0
SREBF2,5,pos,SPTLC2,1.24417371020651,chr14-77618279-77618879,0.0,-1756.0
SREBF2,5,pos,ALKBH1,1.06058650472563,chr14-77814746-77815346,0.0,-106976.0
SREBF2,5,pos,KREMEN2,0.646829619854716,chr16-2770185-2770785,0.0,-193509.0
SREBF2,5,pos,KREMEN2,1.68672382878307,chr16-3094451-3095051,0.0,130757.0
SREBF2,5,pos,FAM126B,0.852913689290453,chr2-201042004-201042604,3.76102292768959,29417.0
SREBF2,5,pos,WFDC2,1.25594797818368,chr20-45592453-45593053,0.0,122997.0
SREBF2,5,pos,CD24,1.17841236830025,chr6-107154406-107155006,0.0,-179029.0
SREBF2,5,pos,KMT2C,1.34321966406312,chr7-152336663-152337263,3.46230158730159,99092.0
RFX4,5,pos,ESRRA,0.667366358068026,chr11-64275291-64275891,0.0,-30031.0
RFX4,5,pos,FAM126B,1.01275946667693,chr2-201257182-201257782,0.601851851851852,-185761.0
RFX4,5,pos,PITPNB,1.15929500882497,chr22-27726285-27726885,0.0,193599.0
RFX4,5,pos,CD24,1.17841236830025,chr6-107154406-107155006,0.0,-179029.0
RFX4,5,pos,KMT2C,1.93499827732885,chr7-152568863-152569463,6.81393298059965,-133108.0
HOXA10,5,pos,KREMEN2,1.68672382878307,chr16-3094451-3095051,0.0,130757.0
HOXA10,5,pos,TIMP2,0.740335232942047,chr17-78925154-78925754,0.0,-17.0
HOXA10,5,pos,YIPF4,0.824649616604404,chr2-32334710-32335310,0.0,57050.0
HOXA10,5,pos,PITPNB,1.15929500882497,chr22-27726285-27726885,0.0,193599.0
HOXA10,5,pos,KMT2C,1.80380526053017,chr7-152582835-152583435,2.05908289241623,-147080.0
DUX4,5,pos,H3F3A,1.05318299913269,chr1-226064687-226065287,0.0694444444444444,3086.0
DUX4,5,pos,WFDC2,1.25594797818368,chr20-45592453-45593053,0.0,122997.0
DUX4,5,pos,CITED2,0.796868393722777,chr6-139367670-139368270,16.8835978835979,6700.0
DUX4,5,pos,KMT2C,1.80380526053017,chr7-152582835-152583435,2.05908289241623,-147080.0
RFX2,5,pos,ESRRA,0.667366358068026,chr11-64275291-64275891,0.0,-30031.0
RFX2,5,pos,FAM126B,1.01275946667693,chr2-201257182-201257782,0.601851851851852,-185761.0
RFX2,5,pos,CD24,1.17841236830025,chr6-107154406-107155006,0.0,-179029.0
RFX2,5,pos,KMT2C,1.93499827732885,chr7-152568863-152569463,6.81393298059965,-133108.0
ZNF24,5,pos,ESRRA,0.667366358068026,chr11-64275291-64275891,0.0,-30031.0
ZNF24,5,pos,ALKBH1,1.06058650472563,chr14-77814746-77815346,0.0,-106976.0
ZNF24,5,pos,KREMEN2,1.68672382878307,chr16-3094451-3095051,0.0,130757.0
ZNF24,5,pos,YIPF4,0.824649616604404,chr2-32334710-32335310,0.0,57050.0
ZNF24,5,pos,WFDC2,1.25594797818368,chr20-45592453-45593053,0.0,122997.0
ZNF24,5,pos,KMT2C,1.93499827732885,chr7-152568863-152569463,6.81393298059965,-133108.0
ZSCAN4,5,pos,ZIC2,0.807747710831168,chr13-99996877-99997477,0.308641975308642,15355.0
ZSCAN4,5,pos,SPTLC2,1.24417371020651,chr14-77618279-77618879,0.0,-1756.0
ZSCAN4,5,pos,ALKBH1,1.06058650472563,chr14-77814746-77815346,0.0,-106976.0
ZSCAN4,5,pos,KREMEN2,0.646829619854716,chr16-2770185-2770785,0.0,-193509.0
ZSCAN4,5,pos,PLXND1,0.882294458813867,chr3-129760992-129761592,0.555555555555556,-154424.0
ZSCAN4,5,pos,CITED2,0.796868393722777,chr6-139367670-139368270,16.8835978835979,6700.0
ZSCAN4,5,pos,ABCB8,1.00101464015545,chr7-150964516-150965116,0.0,-63656.0
FOXB1,5,pos,H3F3A,1.05318299913269,chr1-226064687-226065287,0.0694444444444444,3086.0
FOXB1,5,pos,ALKBH1,1.37674458161316,chr14-77748206-77748806,0.0,-40436.0
FOXB1,5,pos,YPEL2,1.04050086959015,chr17-59366270-59366870,0.0,34831.0
FOXB1,5,pos,STC2,0.746531051921232,chr5-173330518-173331118,0.185185185185185,-1265.0
FOXB1,5,pos,KMT2C,1.80380526053017,chr7-152582835-152583435,2.05908289241623,-147080.0
BARX1,5,pos,WFDC2,1.25594797818368,chr20-45592453-45593053,0.0,122997.0
BARX1,5,pos,DPYSL3,1.04427365326516,chr5-147567758-147568358,1.78571428571429,-57952.0
BARX1,5,pos,CD24,1.17841236830025,chr6-107154406-107155006,0.0,-179029.0
RFX5,5,pos,ESRRA,0.667366358068026,chr11-64275291-64275891,0.0,-30031.0
RFX5,5,pos,FAM126B,1.01275946667693,chr2-201257182-201257782,0.601851851851852,-185761.0
RFX5,5,pos,CD24,1.17841236830025,chr6-107154406-107155006,0.0,-179029.0
RFX5,5,pos,KMT2C,1.93499827732885,chr7-152568863-152569463,6.81393298059965,-133108.0
BHLHE40,5,pos,IL6R,0.560583974357286,chr1-154220398-154220998,0.0,-184545.0
BHLHE40,5,pos,SC5D,1.14425022005663,chr11-121451959-121452559,0.0,159756.0
BHLHE40,5,pos,ESRRA,0.919330208235079,chr11-64181436-64182036,0.0,-123886.0
BHLHE40,5,pos,ALKBH1,1.06058650472563,chr14-77814746-77815346,0.0,-106976.0
ONECUT3,5,pos,ALKBH1,1.37674458161316,chr14-77748206-77748806,0.0,-40436.0
ONECUT3,5,pos,ALKBH1,1.06058650472563,chr14-77814746-77815346,0.0,-106976.0
ONECUT3,5,pos,YIPF4,0.824649616604404,chr2-32334710-32335310,0.0,57050.0
ONECUT3,5,pos,WFDC2,1.25594797818368,chr20-45592453-45593053,0.0,122997.0
ONECUT3,5,pos,KMT2C,1.80380526053017,chr7-152582835-152583435,2.05908289241623,-147080.0
HEY2,5,pos,IL6R,0.560583974357286,chr1-154220398-154220998,0.0,-184545.0
HEY2,5,pos,SC5D,1.14425022005663,chr11-121451959-121452559,0.0,159756.0
HEY2,5,pos,ALKBH1,1.06058650472563,chr14-77814746-77815346,0.0,-106976.0
HEY2,5,pos,ABCB8,1.05187077028089,chr7-151021143-151021743,1.48148148148148,-7029.0
HEY2,5,pos,ASS1,1.03961109282332,chr9-130444485-130445085,0.0,-194.0
BHLHE41,5,pos,IL6R,0.560583974357286,chr1-154220398-154220998,0.0,-184545.0
BHLHE41,5,pos,SC5D,1.14425022005663,chr11-121451959-121452559,0.0,159756.0
BHLHE41,5,pos,ESRRA,0.919330208235079,chr11-64181436-64182036,0.0,-123886.0
BHLHE41,5,pos,ALKBH1,1.06058650472563,chr14-77814746-77815346,0.0,-106976.0
CTCFL,5,pos,IL6R,0.560583974357286,chr1-154220398-154220998,0.0,-184545.0
CTCFL,5,pos,H3F3A,1.05318299913269,chr1-226064687-226065287,0.0694444444444444,3086.0
CTCFL,5,pos,SC5D,1.14425022005663,chr11-121451959-121452559,0.0,159756.0
CTCFL,5,pos,ESRRA,0.667366358068026,chr11-64275291-64275891,0.0,-30031.0
CTCFL,5,pos,ZIC2,0.807747710831168,chr13-99996877-99997477,0.308641975308642,15355.0
CTCFL,5,pos,SPTLC2,1.24417371020651,chr14-77618279-77618879,0.0,-1756.0
CTCFL,5,pos,KREMEN2,0.646829619854716,chr16-2770185-2770785,0.0,-193509.0
CTCFL,5,pos,KREMEN2,1.68672382878307,chr16-3094451-3095051,0.0,130757.0
CTCFL,5,pos,TNNI3,0.967276421487991,chr19-55062930-55063530,0.0,94593.0
CTCFL,5,pos,EFR3B,1.56996851990997,chr2-25204196-25204796,0.0,162316.0
CTCFL,5,pos,WFDC2,1.25594797818368,chr20-45592453-45593053,0.0,122997.0
CTCFL,5,pos,TRIM75P,1.15614894759471,chr4-165047992-165048592,0.317460317460317,-10906.0
CTCFL,5,pos,DPYSL3,1.04427365326516,chr5-147567758-147568358,1.78571428571429,-57952.0
CTCFL,5,pos,STC2,0.746531051921232,chr5-173330518-173331118,0.185185185185185,-1265.0
CTCFL,5,pos,STC2,0.88259677062584,chr5-173396230-173396830,10.25,-66977.0
CTCFL,5,pos,CITED2,0.796868393722777,chr6-139367670-139368270,16.8835978835979,6700.0
CTCFL,5,pos,CITED2,1.68168435596966,chr6-139373300-139373900,0.0,1070.0
CTCFL,5,pos,ABCB8,1.00101464015545,chr7-150964516-150965116,0.0,-63656.0
CTCFL,5,pos,ABCB8,1.05187077028089,chr7-151021143-151021743,1.48148148148148,-7029.0
CTCFL,5,pos,KMT2C,1.34321966406312,chr7-152336663-152337263,3.46230158730159,99092.0
CTCFL,5,pos,KMT2C,1.93499827732885,chr7-152568863-152569463,6.81393298059965,-133108.0
CTCFL,5,pos,KMT2C,1.80380526053017,chr7-152582835-152583435,2.05908289241623,-147080.0
CTCFL,5,pos,ASS1,1.03961109282332,chr9-130444485-130445085,0.0,-194.0
TFEB,5,pos,IL6R,0.560583974357286,chr1-154220398-154220998,0.0,-184545.0
TFEB,5,pos,SC5D,1.14425022005663,chr11-121451959-121452559,0.0,159756.0
TFEB,5,pos,ESRRA,0.919330208235079,chr11-64181436-64182036,0.0,-123886.0
TFEB,5,pos,ALKBH1,1.06058650472563,chr14-77814746-77815346,0.0,-106976.0
MYB,6,pos,FBXO2,0.731587617496202,chr1-11566982-11567582,0.0,88553.0
MYB,6,pos,SOAT1,0.658320692625694,chr1-179099323-179099923,0.0,-194141.0
MYB,6,pos,HAS3,1.69769744970305,chr16-68953353-68953953,0.753968253968254,-151961.0
MYB,6,pos,ASXL2,1.00418190915166,chr2-26044038-26044638,0.0,-165772.0
MYB,6,pos,RNF24,0.639124789197599,chr20-3926723-3927323,0.0,88609.0
MYB,6,pos,DDX43,0.755886883883186,chr6-73343780-73344380,0.0,-50718.0
MYB,6,pos,ATG9B,1.08931321131143,chr7-151067921-151068521,0.507936507936508,-43672.0
MYB,6,pos,ABCB8,0.948164131173082,chr7-151067921-151068521,0.0,39749.0
MYB,6,pos,ZFAND5,0.480608722907137,chr9-72280825-72281425,0.0,84160.0
TEAD4,6,pos,SPTLC2,0.355059795969643,chr14-77547352-77547952,0.0,69171.0
TEAD4,6,pos,LINC00511,0.507270214039324,chr17-72725301-72725901,0.0,-85079.0
TEAD4,6,pos,ASXL2,1.00418190915166,chr2-26044038-26044638,0.0,-165772.0
TEAD4,6,pos,FBLN1,1.40237399463384,chr22-45334977-45335577,0.238095238095238,-167011.0
TEAD4,6,pos,TRIM75P,1.06024556516994,chr4-165051082-165051682,3.31547619047619,-7816.0
TEAD4,6,pos,AFG1L,1.35823007243338,chr6-108304991-108305591,0.942460317460318,10347.0
TEAD4,6,pos,MFSD4B,0.770819982201833,chr6-111361565-111362165,0.0793650793650794,102467.0
TEAD4,6,pos,CITED2,1.01331138330663,chr6-139472964-139473564,8.37301587301587,-98594.0
TEAD4,6,pos,ATG9B,1.08931321131143,chr7-151067921-151068521,0.507936507936508,-43672.0
TEAD4,6,pos,ABCB8,0.948164131173082,chr7-151067921-151068521,0.0,39749.0
EVX1,6,pos,UBR3,1.42812465710686,chr2-169852448-169853048,0.277777777777778,25240.0
EVX1,6,pos,ASXL2,1.00418190915166,chr2-26044038-26044638,0.0,-165772.0
EVX1,6,pos,RNF24,0.639124789197599,chr20-3926723-3927323,0.0,88609.0
EVX1,6,pos,FBLN1,1.40237399463384,chr22-45334977-45335577,0.238095238095238,-167011.0
EVX1,6,pos,ARFIP1,0.745674901897959,chr4-152859962-152860562,0.416666666666667,80275.0
EVX2,6,pos,UBR3,1.42812465710686,chr2-169852448-169853048,0.277777777777778,25240.0
EVX2,6,pos,ASXL2,1.00418190915166,chr2-26044038-26044638,0.0,-165772.0
EVX2,6,pos,RNF24,0.639124789197599,chr20-3926723-3927323,0.0,88609.0
EVX2,6,pos,FBLN1,1.40237399463384,chr22-45334977-45335577,0.238095238095238,-167011.0
EVX2,6,pos,ARFIP1,0.745674901897959,chr4-152859962-152860562,0.416666666666667,80275.0
PAX9,6,pos,SLK,3.23540008263962,chr10-103967633-103968233,0.158730158730159,682.0
PAX9,6,pos,IVD,0.71163713173583,chr15-40589651-40590251,0.0,184106.0
PAX9,6,pos,CDH1,2.05709914251713,chr16-68800177-68800777,0.0,63202.0
PAX9,6,pos,COL7A1,0.69597207935352,chr3-48556797-48557397,0.0,38220.0
PAX9,6,pos,AFG1L,1.35823007243338,chr6-108304991-108305591,0.942460317460318,10347.0
PAX9,6,pos,SLC16A10,0.697940895980754,chr6-110958403-110959003,0.317460317460317,-128850.0
PAX9,6,pos,MFSD4B,0.837101369514204,chr6-111225200-111225800,4.39351851851852,-33898.0
PAX9,6,pos,KLRG2,0.95742256921779,chr7-139427124-139427724,0.0,56338.0
T,6,pos,FBXO2,0.731587617496202,chr1-11566982-11567582,0.0,88553.0
T,6,pos,ASXL2,1.00418190915166,chr2-26044038-26044638,0.0,-165772.0
T,6,pos,DNMT3L,0.95152614538715,chr21-44270495-44271095,0.0,-8529.0
T,6,pos,AIRE,0.88043589469769,chr21-44270495-44271095,0.0,-15093.0
T,6,pos,SPECC1L,1.33011843004144,chr22-24178394-24178994,0.0,-92173.0
TEAD1,6,pos,SPTLC2,0.355059795969643,chr14-77547352-77547952,0.0,69171.0
TEAD1,6,pos,ASXL2,1.00418190915166,chr2-26044038-26044638,0.0,-165772.0
TEAD1,6,pos,FBLN1,1.40237399463384,chr22-45334977-45335577,0.238095238095238,-167011.0
TEAD1,6,pos,TRIM75P,1.06024556516994,chr4-165051082-165051682,3.31547619047619,-7816.0
TEAD1,6,pos,AFG1L,1.35823007243338,chr6-108304991-108305591,0.942460317460318,10347.0
TEAD1,6,pos,MFSD4B,0.770819982201833,chr6-111361565-111362165,0.0793650793650794,102467.0
TEAD1,6,pos,CITED2,1.01331138330663,chr6-139472964-139473564,8.37301587301587,-98594.0
TEAD1,6,pos,ATG9B,1.08931321131143,chr7-151067921-151068521,0.507936507936508,-43672.0
TEAD1,6,pos,ABCB8,0.948164131173082,chr7-151067921-151068521,0.0,39749.0
STAT1::STAT2,6,pos,GBF1,0.626614398272723,chr10-102420044-102420644,0.0,174762.0
STAT1::STAT2,6,pos,SLK,3.23540008263962,chr10-103967633-103968233,0.158730158730159,682.0
STAT1::STAT2,6,pos,IVD,0.71163713173583,chr15-40589651-40590251,0.0,184106.0
STAT1::STAT2,6,pos,CDH1,2.05709914251713,chr16-68800177-68800777,0.0,63202.0
STAT1::STAT2,6,pos,UBR3,1.42812465710686,chr2-169852448-169853048,0.277777777777778,25240.0
STAT1::STAT2,6,pos,ASXL2,1.00418190915166,chr2-26044038-26044638,0.0,-165772.0
STAT1::STAT2,6,pos,PTGIS,1.63777292489784,chr20-49482575-49483175,0.0,85321.0
STAT1::STAT2,6,pos,DNMT3L,0.95152614538715,chr21-44270495-44271095,0.0,-8529.0
STAT1::STAT2,6,pos,AIRE,0.88043589469769,chr21-44270495-44271095,0.0,-15093.0
STAT1::STAT2,6,pos,TRIM75P,1.06024556516994,chr4-165051082-165051682,3.31547619047619,-7816.0
STAT1::STAT2,6,pos,PRDM1,1.2332960651889,chr6-106001911-106002511,0.0,-84159.0
STAT1::STAT2,6,pos,AFG1L,1.35823007243338,chr6-108304991-108305591,0.942460317460318,10347.0
STAT1::STAT2,6,pos,MFSD4B,0.837101369514204,chr6-111225200-111225800,4.39351851851852,-33898.0
STAT1::STAT2,6,pos,TRIM26,0.587929184445078,chr6-30259204-30259804,0.0,-46027.0
STAT1::STAT2,6,pos,MCM3,0.679532365566732,chr6-52189888-52190488,0.0,94743.0
STAT1::STAT2,6,pos,CLEC2L,0.927127786735477,chr7-139465456-139466056,0.0,-58150.0
STAT1::STAT2,6,pos,ZFAND5,0.480608722907137,chr9-72280825-72281425,0.0,84160.0
PAX1,6,pos,SLK,3.23540008263962,chr10-103967633-103968233,0.158730158730159,682.0
PAX1,6,pos,HSBP1L1,0.972466347435187,chr18-80033976-80034576,0.0,69665.0
PAX1,6,pos,TRIOBP,0.783488919341878,chr22-37781302-37781902,0.0,84548.0
PAX1,6,pos,COL7A1,0.69597207935352,chr3-48556797-48557397,0.0,38220.0
PAX1,6,pos,MFSD4B,0.837101369514204,chr6-111225200-111225800,4.39351851851852,-33898.0
PAX1,6,pos,KLRG2,0.95742256921779,chr7-139427124-139427724,0.0,56338.0
XBP1,6,pos,FBXO2,0.731587617496202,chr1-11566982-11567582,0.0,88553.0
XBP1,6,pos,SLC8B1,1.39241442517206,chr12-113471575-113472175,0.0,-112332.0
XBP1,6,pos,SLC7A6,1.79987194444069,chr16-68264239-68264839,0.0,-27.0
XBP1,6,pos,KMT2C,1.40485078679575,chr7-152575189-152575789,2.71031746031746,-139434.0
SPIB,6,pos,SLC8B1,1.39241442517206,chr12-113471575-113472175,0.0,-112332.0
SPIB,6,pos,CDH1,2.24841536860693,chr16-68749412-68750012,0.0,12437.0
SPIB,6,pos,CDH1,2.05709914251713,chr16-68800177-68800777,0.0,63202.0
SPIB,6,pos,IRF3,0.664695247412102,chr19-49684354-49684954,0.0,-18729.0
SPIB,6,pos,ASXL2,0.670965122854745,chr2-25981729-25982329,0.0,-103463.0
SPIB,6,pos,AIRE,0.458689206840677,chr21-44260722-44261322,0.0,-24866.0
SPIB,6,pos,DNMT3L,0.95152614538715,chr21-44270495-44271095,0.0,-8529.0
SPIB,6,pos,AIRE,0.88043589469769,chr21-44270495-44271095,0.0,-15093.0
SPIB,6,pos,SNX4,1.14747113982544,chr3-125595330-125595930,0.0,-75383.0
SPIB,6,pos,PLXND1,0.753334916426233,chr3-129662945-129663545,0.0,-56377.0
SPIB,6,pos,AFG1L,0.843177889000142,chr6-108294550-108295150,0.0,-94.0
SPIB,6,pos,AFG1L,1.35823007243338,chr6-108304991-108305591,0.942460317460318,10347.0
SPIB,6,pos,NRN1,0.624675533995342,chr6-5950394-5950994,0.0,56961.0
SPIB,6,pos,AHCYL2,0.813979470562419,chr7-129188255-129188855,0.0,-36518.0
SPIB,6,pos,ATG9B,1.08931321131143,chr7-151067921-151068521,0.507936507936508,-43672.0
SPIB,6,pos,ABCB8,0.948164131173082,chr7-151067921-151068521,0.0,39749.0
SPIB,6,pos,VAV2,0.783004269410124,chr9-133994268-133994868,1.2202380952381,-1914.0
HOXA2,6,pos,UBR3,1.42812465710686,chr2-169852448-169853048,0.277777777777778,25240.0
HOXA2,6,pos,ASXL2,1.00418190915166,chr2-26044038-26044638,0.0,-165772.0
HOXA2,6,pos,RNF24,0.639124789197599,chr20-3926723-3927323,0.0,88609.0
HOXA2,6,pos,FBLN1,1.40237399463384,chr22-45334977-45335577,0.238095238095238,-167011.0
MYCN,6,pos,ERCC1,1.76427509340591,chr19-45406324-45406924,0.0,72254.0
MYCN,6,pos,ASXL2,1.00418190915166,chr2-26044038-26044638,0.0,-165772.0
MYCN,6,pos,PRSS12,0.951209246930305,chr4-118340094-118340694,2.02380952380952,12659.0
MYCN,6,pos,AFG1L,0.843177889000142,chr6-108294550-108295150,0.0,-94.0
MYCN,6,pos,SLC16A10,0.697940895980754,chr6-110958403-110959003,0.317460317460317,-128850.0
MYCN,6,pos,DDX43,0.755886883883186,chr6-73343780-73344380,0.0,-50718.0
MYCN,6,pos,ATG9B,1.08931321131143,chr7-151067921-151068521,0.507936507936508,-43672.0
MYCN,6,pos,ABCB8,0.948164131173082,chr7-151067921-151068521,0.0,39749.0
RFX3,6,pos,TAF13,1.4407715661582,chr1-109113788-109114388,0.0,-38036.0
RFX3,6,pos,SLC8B1,1.39241442517206,chr12-113471575-113472175,0.0,-112332.0
RFX3,6,pos,TBCD,0.634881080738476,chr17-82664630-82665230,0.486111111111111,-87184.0
RFX3,6,pos,UBR3,1.42812465710686,chr2-169852448-169853048,0.277777777777778,25240.0
RFX3,6,pos,TRIM75P,1.06024556516994,chr4-165051082-165051682,3.31547619047619,-7816.0
TEAD3,6,pos,SPTLC2,0.355059795969643,chr14-77547352-77547952,0.0,69171.0
TEAD3,6,pos,ASXL2,1.00418190915166,chr2-26044038-26044638,0.0,-165772.0
TEAD3,6,pos,FBLN1,1.40237399463384,chr22-45334977-45335577,0.238095238095238,-167011.0
TEAD3,6,pos,AFG1L,1.35823007243338,chr6-108304991-108305591,0.942460317460318,10347.0
TEAD3,6,pos,MFSD4B,0.770819982201833,chr6-111361565-111362165,0.0793650793650794,102467.0
TEAD3,6,pos,CITED2,1.01331138330663,chr6-139472964-139473564,8.37301587301587,-98594.0
TEAD3,6,pos,ATG9B,1.08931321131143,chr7-151067921-151068521,0.507936507936508,-43672.0
TEAD3,6,pos,ABCB8,0.948164131173082,chr7-151067921-151068521,0.0,39749.0
HNF1A,7,pos,ENSA,0.998949704364382,chr1-150592359-150592959,0.0,37003.0
HNF1A,7,pos,LCOR,0.905819477033899,chr10-96714678-96715278,0.0,-117354.0
HNF1A,7,pos,ARHGAP42,1.10181838141006,chr11-100691781-100692381,0.0,4378.0
HNF1A,7,pos,MFGE8,0.862588419057431,chr15-88985972-88986572,0.0,-72811.0
HNF1A,7,pos,IGF2BP1,0.685534946536765,chr17-49191965-49192565,0.0,194803.0
HNF1A,7,pos,RIN2,0.936499159738383,chr20-19802549-19803149,0.0,-83722.0
HNF1A,7,pos,SALL4,1.20987089314481,chr20-51889287-51889887,0.0,-87017.0
HNF1A,7,pos,SALL4,0.879107907300022,chr20-51984815-51985415,0.277777777777778,-182545.0
HNF1A,7,pos,FSTL1,1.53490487902391,chr3-120284958-120285558,0.416666666666667,166045.0
TFAP2A(var.3),7,pos,DAP3,0.88594486098163,chr1-155728982-155729582,0.0,41272.0
TFAP2A(var.3),7,pos,SLC25A44,0.963671478189025,chr1-156076633-156077233,0.0,-117049.0
TFAP2A(var.3),7,pos,H3F3A,2.02498819790855,chr1-225969535-225970135,9.81481481481481,-92066.0
TFAP2A(var.3),7,pos,WNT9A,0.952552347379835,chr1-227928117-227928717,3.39726631393298,19531.0
TFAP2A(var.3),7,pos,WNT9A,1.86749936741327,chr1-228082329-228082929,0.0,-134681.0
TFAP2A(var.3),7,pos,MAP3K21,2.2919858341782,chr1-233327099-233327699,0.0,-419.0
TFAP2A(var.3),7,pos,DSCAML1,0.582674152132141,chr11-117986079-117986679,0.0,-168804.0
TFAP2A(var.3),7,pos,SC5D,2.39339673546069,chr11-121248846-121249446,0.208333333333333,-43357.0
TFAP2A(var.3),7,pos,DNAJC3,2.50017925807447,chr13-95552343-95552943,0.0,-124546.0
TFAP2A(var.3),7,pos,IGF2BP1,0.685534946536765,chr17-49191965-49192565,0.0,194803.0
TFAP2A(var.3),7,pos,ACOX1,0.827000789486219,chr17-75785443-75786043,0.0,193670.0
TFAP2A(var.3),7,pos,TP53,0.850171468470936,chr17-7588528-7589128,0.0,98772.0
TFAP2A(var.3),7,pos,ATP9B,0.580952561365296,chr18-78978954-78979554,0.0,-90081.0
TFAP2A(var.3),7,pos,BCAT2,0.687375245052608,chr19-48714004-48714604,0.0,96775.0
TFAP2A(var.3),7,pos,BCAT2,0.501388664082835,chr19-48963723-48964323,0.0,-152944.0
TFAP2A(var.3),7,pos,IRF3,0.986844891488032,chr19-49669919-49670519,1.56635802469136,-4294.0
TFAP2A(var.3),7,pos,HES6,1.06718485129726,chr2-238098328-238098928,2.70171957671958,142084.0
TFAP2A(var.3),7,pos,HES6,1.05093962174454,chr2-238285660-238286260,4.28240740740741,-45248.0
TFAP2A(var.3),7,pos,PREX1,0.527518908295513,chr20-48921361-48921961,0.0,-93728.0
TFAP2A(var.3),7,pos,FSTL1,1.53490487902391,chr3-120284958-120285558,0.416666666666667,166045.0
TFAP2A(var.3),7,pos,FSTL1,1.20804302242202,chr3-120348529-120349129,0.0,102474.0
TFAP2A(var.3),7,pos,FSTL1,0.682214655960434,chr3-120450600-120451200,0.0,403.0
TFAP2A(var.3),7,pos,FSTL1,1.37964138472999,chr3-120559442-120560042,0.0,-108439.0
TFAP2A(var.3),7,pos,OSBPL11,0.912668587837995,chr3-125671698-125672298,0.0,-76858.0
TFAP2A(var.3),7,pos,TNK2,1.41083241965984,chr3-195809953-195810553,0.0,101742.0
TFAP2A(var.3),7,pos,ANAPC10,3.65951625792688,chr4-145180379-145180979,0.0,-82088.0
TFAP2A(var.3),7,pos,SPP1,1.00774242900808,chr4-87863386-87863986,1.45061728395062,-112014.0
TFAP2A(var.3),7,pos,EGR1,1.39630683145216,chr5-138491872-138492472,0.0,26632.0
TFAP2A(var.3),7,pos,SLC2A12,2.14341299714846,chr6-133952821-133953421,0.0,99565.0
ZIC4,7,pos,S100A10,1.18099257614716,chr1-151830514-151831114,0.347222222222222,163626.0
ZIC4,7,pos,SLC25A44,0.963671478189025,chr1-156076633-156077233,0.0,-117049.0
ZIC4,7,pos,DENND1B,1.29855529876256,chr1-197911326-197911926,3.47773368606702,-135880.0
ZIC4,7,pos,WNT9A,0.674035495592645,chr1-228037545-228038145,0.0,-89897.0
ZIC4,7,pos,WNT9A,1.86749936741327,chr1-228082329-228082929,0.0,-134681.0
ZIC4,7,pos,TXNRD1,1.38154289480447,chr12-104049886-104050486,0.0,-165643.0
ZIC4,7,pos,CDK2AP1,1.66447138614262,chr12-123105361-123105961,0.185185185185185,166723.0
ZIC4,7,pos,DNAJC3,2.50017925807447,chr13-95552343-95552943,0.0,-124546.0
ZIC4,7,pos,ALKBH1,0.785174137867474,chr14-77803926-77804526,0.0,-96156.0
ZIC4,7,pos,MFGE8,1.8966272066133,chr15-88897228-88897828,0.238095238095238,15933.0
ZIC4,7,pos,LITAF,0.450590561998314,chr16-11797072-11797672,0.0,-160941.0
ZIC4,7,pos,TP53,2.22457281881055,chr17-7561583-7562183,0.0,125717.0
ZIC4,7,pos,NPLOC4,1.19507660592266,chr17-81523055-81523655,0.138888888888889,125160.0
ZIC4,7,pos,BCAT2,0.501388664082835,chr19-48963723-48964323,0.0,-152944.0
ZIC4,7,pos,HES6,1.06718485129726,chr2-238098328-238098928,2.70171957671958,142084.0
ZIC4,7,pos,PREX1,0.527518908295513,chr20-48921361-48921961,0.0,-93728.0
ZIC4,7,pos,TRIOBP,0.572463606615648,chr22-37639253-37639853,0.0,-57501.0
ZIC4,7,pos,FSTL1,1.37964138472999,chr3-120559442-120560042,0.0,-108439.0
ZIC4,7,pos,OSBPL11,0.912668587837995,chr3-125671698-125672298,0.0,-76858.0
ZIC4,7,pos,SPP1,1.00774242900808,chr4-87863386-87863986,1.45061728395062,-112014.0
ZIC4,7,pos,STC2,1.36455811227965,chr5-173144670-173145270,0.0,184583.0
ZIC4,7,pos,SLC2A12,2.14341299714846,chr6-133952821-133953421,0.0,99565.0
ZIC4,7,pos,NFX1,3.03151628575242,chr9-33167757-33168357,0.0,-122504.0
TFAP2A,7,pos,TAF13,1.15612735395854,chr1-109162209-109162809,0.0,-86457.0
TFAP2A,7,pos,SLC25A44,0.96868052430986,chr1-156368895-156369495,0.0,175213.0
TFAP2A,7,pos,DENND1B,1.29855529876256,chr1-197911326-197911926,3.47773368606702,-135880.0
TFAP2A,7,pos,H3F3A,2.02498819790855,chr1-225969535-225970135,9.81481481481481,-92066.0
TFAP2A,7,pos,WNT9A,0.952552347379835,chr1-227928117-227928717,3.39726631393298,19531.0
TFAP2A,7,pos,MAP3K21,2.2919858341782,chr1-233327099-233327699,0.0,-419.0
TFAP2A,7,pos,ARHGAP42,1.10181838141006,chr11-100691781-100692381,0.0,4378.0
TFAP2A,7,pos,DSCAML1,0.582674152132141,chr11-117986079-117986679,0.0,-168804.0
TFAP2A,7,pos,CDK2AP1,1.66447138614262,chr12-123105361-123105961,0.185185185185185,166723.0
TFAP2A,7,pos,LITAF,1.2884640913319,chr16-11801278-11801878,0.0,-165147.0
TFAP2A,7,pos,IGF2BP1,0.685534946536765,chr17-49191965-49192565,0.0,194803.0
TFAP2A,7,pos,ACOX1,0.5764274033421,chr17-75896710-75897310,0.0,82403.0
TFAP2A,7,pos,TP53,1.23973547756436,chr17-7650475-7651075,0.0,36825.0
TFAP2A,7,pos,TP53,1.04143518006641,chr17-7704819-7705419,0.0,-17519.0
TFAP2A,7,pos,BCAT2,0.687375245052608,chr19-48714004-48714604,0.0,96775.0
TFAP2A,7,pos,ZNF83,0.590477284045212,chr19-52570583-52571183,0.0,119663.0
TFAP2A,7,pos,HES6,1.05093962174454,chr2-238285660-238286260,4.28240740740741,-45248.0
TFAP2A,7,pos,PREX1,0.527518908295513,chr20-48921361-48921961,0.0,-93728.0
TFAP2A,7,pos,TRIOBP,0.572463606615648,chr22-37639253-37639853,0.0,-57501.0
TFAP2A,7,pos,FSTL1,1.53490487902391,chr3-120284958-120285558,0.416666666666667,166045.0
TFAP2A,7,pos,FSTL1,1.20804302242202,chr3-120348529-120349129,0.0,102474.0
TFAP2A,7,pos,FSTL1,0.682214655960434,chr3-120450600-120451200,0.0,403.0
TFAP2A,7,pos,OSBPL11,0.912668587837995,chr3-125671698-125672298,0.0,-76858.0
TFAP2A,7,pos,TNK2,1.41083241965984,chr3-195809953-195810553,0.0,101742.0
TFAP2A,7,pos,ANAPC10,3.65951625792688,chr4-145180379-145180979,0.0,-82088.0
TFAP2A,7,pos,SPP1,1.00774242900808,chr4-87863386-87863986,1.45061728395062,-112014.0
TFAP2A,7,pos,EGR1,1.39630683145216,chr5-138491872-138492472,0.0,26632.0
TFAP2A,7,pos,SLC2A12,2.14341299714846,chr6-133952821-133953421,0.0,99565.0
TFAP2A,7,pos,CITED2,1.729087666189,chr6-139395903-139396503,2.87037037037037,-21533.0
TFAP2A,7,pos,NFX1,3.03151628575242,chr9-33167757-33168357,0.0,-122504.0
ZIC1,7,pos,S100A10,1.18099257614716,chr1-151830514-151831114,0.347222222222222,163626.0
ZIC1,7,pos,SLC25A44,0.963671478189025,chr1-156076633-156077233,0.0,-117049.0
ZIC1,7,pos,DENND1B,1.29855529876256,chr1-197911326-197911926,3.47773368606702,-135880.0
ZIC1,7,pos,WNT9A,0.674035495592645,chr1-228037545-228038145,0.0,-89897.0
ZIC1,7,pos,WNT9A,1.86749936741327,chr1-228082329-228082929,0.0,-134681.0
ZIC1,7,pos,MAP3K21,2.2919858341782,chr1-233327099-233327699,0.0,-419.0
ZIC1,7,pos,TXNRD1,1.38154289480447,chr12-104049886-104050486,0.0,-165643.0
ZIC1,7,pos,CDK2AP1,1.66447138614262,chr12-123105361-123105961,0.185185185185185,166723.0
ZIC1,7,pos,DNAJC3,2.50017925807447,chr13-95552343-95552943,0.0,-124546.0
ZIC1,7,pos,MFGE8,1.8966272066133,chr15-88897228-88897828,0.238095238095238,15933.0
ZIC1,7,pos,LITAF,0.450590561998314,chr16-11797072-11797672,0.0,-160941.0
ZIC1,7,pos,TP53,2.22457281881055,chr17-7561583-7562183,0.0,125717.0
ZIC1,7,pos,NPLOC4,1.19507660592266,chr17-81523055-81523655,0.138888888888889,125160.0
ZIC1,7,pos,ATP9B,0.580952561365296,chr18-78978954-78979554,0.0,-90081.0
ZIC1,7,pos,ATP9B,0.532909358263996,chr18-78979773-78980373,0.317460317460317,-89262.0
ZIC1,7,pos,HES6,1.06718485129726,chr2-238098328-238098928,2.70171957671958,142084.0
ZIC1,7,pos,PREX1,0.527518908295513,chr20-48921361-48921961,0.0,-93728.0
ZIC1,7,pos,TRIOBP,0.572463606615648,chr22-37639253-37639853,0.0,-57501.0
ZIC1,7,pos,FSTL1,1.37964138472999,chr3-120559442-120560042,0.0,-108439.0
ZIC1,7,pos,OSBPL11,0.912668587837995,chr3-125671698-125672298,0.0,-76858.0
ZIC1,7,pos,ANAPC10,3.65951625792688,chr4-145180379-145180979,0.0,-82088.0
ZIC1,7,pos,SPP1,1.00774242900808,chr4-87863386-87863986,1.45061728395062,-112014.0
ZIC1,7,pos,EGR1,1.39630683145216,chr5-138491872-138492472,0.0,26632.0
ZIC1,7,pos,STC2,1.36455811227965,chr5-173144670-173145270,0.0,184583.0
ZIC1,7,pos,SLC2A12,2.14341299714846,chr6-133952821-133953421,0.0,99565.0
ZIC1,7,pos,NFX1,3.03151628575242,chr9-33167757-33168357,0.0,-122504.0
PPARA::RXRA,7,pos,S100A10,1.18099257614716,chr1-151830514-151831114,0.347222222222222,163626.0
PPARA::RXRA,7,pos,DAP3,0.88594486098163,chr1-155728982-155729582,0.0,41272.0
PPARA::RXRA,7,pos,MAP3K21,2.2919858341782,chr1-233327099-233327699,0.0,-419.0
PPARA::RXRA,7,pos,LCOR,0.905819477033899,chr10-96714678-96715278,0.0,-117354.0
PPARA::RXRA,7,pos,RGCC,1.32187752521916,chr13-41401239-41401839,0.0,-56070.0
PPARA::RXRA,7,pos,UQCRC2,0.645881515809818,chr16-22092202-22092802,0.0,139792.0
PPARA::RXRA,7,pos,TP53,0.850171468470936,chr17-7588528-7589128,0.0,98772.0
PPARA::RXRA,7,pos,KLRG2,0.614626284918774,chr7-139558124-139558724,0.0,-74662.0
JUNB,7,pos,SC5D,2.39339673546069,chr11-121248846-121249446,0.208333333333333,-43357.0
JUNB,7,pos,ALKBH1,0.785174137867474,chr14-77803926-77804526,0.0,-96156.0
JUNB,7,pos,MFGE8,0.862588419057431,chr15-88985972-88986572,0.0,-72811.0
JUNB,7,pos,LITAF,1.2884640913319,chr16-11801278-11801878,0.0,-165147.0
JUNB,7,pos,BCAT2,0.501388664082835,chr19-48963723-48964323,0.0,-152944.0
JUNB,7,pos,SALL4,0.879107907300022,chr20-51984815-51985415,0.277777777777778,-182545.0
JUNB,7,pos,FSTL1,1.61407559137859,chr3-120616657-120617257,2.42724867724868,-165654.0
JUNB,7,pos,TNK2,1.41083241965984,chr3-195809953-195810553,0.0,101742.0
JUNB,7,pos,TMEM150C,0.640169644660654,chr4-82421923-82422523,0.0,140184.0
E2F4,7,pos,SLC25A44,0.96868052430986,chr1-156368895-156369495,0.0,175213.0
E2F4,7,pos,IFI16,1.06188257467334,chr1-159188310-159188910,0.0,188592.0
E2F4,7,pos,WNT9A,0.674035495592645,chr1-228037545-228038145,0.0,-89897.0
E2F4,7,pos,WNT9A,1.86749936741327,chr1-228082329-228082929,0.0,-134681.0
E2F4,7,pos,MAP3K21,2.2919858341782,chr1-233327099-233327699,0.0,-419.0
E2F4,7,pos,SC5D,2.39339673546069,chr11-121248846-121249446,0.208333333333333,-43357.0
E2F4,7,pos,DNAJC3,2.50017925807447,chr13-95552343-95552943,0.0,-124546.0
E2F4,7,pos,LITAF,0.450590561998314,chr16-11797072-11797672,0.0,-160941.0
E2F4,7,pos,IGF2BP1,0.685534946536765,chr17-49191965-49192565,0.0,194803.0
E2F4,7,pos,TP53,2.22457281881055,chr17-7561583-7562183,0.0,125717.0
E2F4,7,pos,ACOX1,0.5764274033421,chr17-75896710-75897310,0.0,82403.0
E2F4,7,pos,TP53,1.04143518006641,chr17-7704819-7705419,0.0,-17519.0
E2F4,7,pos,ATP9B,0.580952561365296,chr18-78978954-78979554,0.0,-90081.0
E2F4,7,pos,BCAT2,0.501388664082835,chr19-48963723-48964323,0.0,-152944.0
E2F4,7,pos,ZNF83,0.590477284045212,chr19-52570583-52571183,0.0,119663.0
E2F4,7,pos,TRIOBP,0.572463606615648,chr22-37639253-37639853,0.0,-57501.0
E2F4,7,pos,FSTL1,1.53490487902391,chr3-120284958-120285558,0.416666666666667,166045.0
E2F4,7,pos,FSTL1,1.20804302242202,chr3-120348529-120349129,0.0,102474.0
E2F4,7,pos,FSTL1,0.682214655960434,chr3-120450600-120451200,0.0,403.0
E2F4,7,pos,FSTL1,1.37964138472999,chr3-120559442-120560042,0.0,-108439.0
E2F4,7,pos,ANAPC10,3.65951625792688,chr4-145180379-145180979,0.0,-82088.0
E2F4,7,pos,CHIC2,1.17875308164722,chr4-54091874-54092474,0.0,-27434.0
E2F4,7,pos,SPP1,1.00774242900808,chr4-87863386-87863986,1.45061728395062,-112014.0
E2F4,7,pos,EGR1,1.39630683145216,chr5-138491872-138492472,0.0,26632.0
E2F4,7,pos,SLC2A12,2.14341299714846,chr6-133952821-133953421,0.0,99565.0
E2F4,7,pos,NFX1,3.03151628575242,chr9-33167757-33168357,0.0,-122504.0
PRDM1,7,pos,ALKBH1,0.785174137867474,chr14-77803926-77804526,0.0,-96156.0
PRDM1,7,pos,UQCRC2,0.645881515809818,chr16-22092202-22092802,0.0,139792.0
PRDM1,7,pos,TP53,2.22457281881055,chr17-7561583-7562183,0.0,125717.0
PRDM1,7,pos,BCAT2,1.22959615947111,chr19-48999616-49000216,0.277777777777778,-188837.0
PRDM1,7,pos,RIN2,0.936499159738383,chr20-19802549-19803149,0.0,-83722.0
PRDM1,7,pos,FSTL1,1.53490487902391,chr3-120284958-120285558,0.416666666666667,166045.0
PRDM1,7,pos,STC2,1.36455811227965,chr5-173144670-173145270,0.0,184583.0
PRDM1,7,pos,SLC2A12,2.14341299714846,chr6-133952821-133953421,0.0,99565.0
PRDM1,7,pos,KLRG2,0.614626284918774,chr7-139558124-139558724,0.0,-74662.0
HINFP,7,pos,SLC25A44,0.963671478189025,chr1-156076633-156077233,0.0,-117049.0
HINFP,7,pos,DENND1B,1.29855529876256,chr1-197911326-197911926,3.47773368606702,-135880.0
HINFP,7,pos,H3F3A,2.02498819790855,chr1-225969535-225970135,9.81481481481481,-92066.0
HINFP,7,pos,WNT9A,0.674035495592645,chr1-228037545-228038145,0.0,-89897.0
HINFP,7,pos,WNT9A,1.86749936741327,chr1-228082329-228082929,0.0,-134681.0
HINFP,7,pos,DSCAML1,0.582674152132141,chr11-117986079-117986679,0.0,-168804.0
HINFP,7,pos,SC5D,2.39339673546069,chr11-121248846-121249446,0.208333333333333,-43357.0
HINFP,7,pos,DNAJC3,2.50017925807447,chr13-95552343-95552943,0.0,-124546.0
HINFP,7,pos,TP53,2.22457281881055,chr17-7561583-7562183,0.0,125717.0
HINFP,7,pos,ATP9B,0.532909358263996,chr18-78979773-78980373,0.317460317460317,-89262.0
HINFP,7,pos,IRF3,0.986844891488032,chr19-49669919-49670519,1.56635802469136,-4294.0
HINFP,7,pos,FSTL1,1.20804302242202,chr3-120348529-120349129,0.0,102474.0
HINFP,7,pos,FSTL1,0.682214655960434,chr3-120450600-120451200,0.0,403.0
HINFP,7,pos,TNK2,1.41083241965984,chr3-195809953-195810553,0.0,101742.0
HINFP,7,pos,ANAPC10,3.65951625792688,chr4-145180379-145180979,0.0,-82088.0
HINFP,7,pos,EGR1,1.39630683145216,chr5-138491872-138492472,0.0,26632.0
HINFP,7,pos,STC2,1.36455811227965,chr5-173144670-173145270,0.0,184583.0
HINFP,7,pos,SLC2A12,2.14341299714846,chr6-133952821-133953421,0.0,99565.0
E2F1,7,pos,SLC25A44,0.96868052430986,chr1-156368895-156369495,0.0,175213.0
E2F1,7,pos,CDK2AP1,1.66447138614262,chr12-123105361-123105961,0.185185185185185,166723.0
E2F1,7,pos,ZNF83,0.590477284045212,chr19-52570583-52571183,0.0,119663.0
E2F1,7,pos,STC2,1.36455811227965,chr5-173144670-173145270,0.0,184583.0
FOSL2,7,pos,SC5D,2.39339673546069,chr11-121248846-121249446,0.208333333333333,-43357.0
FOSL2,7,pos,ALKBH1,0.785174137867474,chr14-77803926-77804526,0.0,-96156.0
FOSL2,7,pos,MFGE8,0.862588419057431,chr15-88985972-88986572,0.0,-72811.0
FOSL2,7,pos,LITAF,1.2884640913319,chr16-11801278-11801878,0.0,-165147.0
FOSL2,7,pos,BCAT2,0.501388664082835,chr19-48963723-48964323,0.0,-152944.0
FOSL2,7,pos,SALL4,0.879107907300022,chr20-51984815-51985415,0.277777777777778,-182545.0
FOSL2,7,pos,FSTL1,1.61407559137859,chr3-120616657-120617257,2.42724867724868,-165654.0
FOSL2,7,pos,TNK2,1.41083241965984,chr3-195809953-195810553,0.0,101742.0
FOSL2,7,pos,TMEM150C,0.640169644660654,chr4-82421923-82422523,0.0,140184.0
HOXD11,7,pos,SALL4,1.20987089314481,chr20-51889287-51889887,0.0,-87017.0
HOXD11,7,pos,KLRG2,0.614626284918774,chr7-139558124-139558724,0.0,-74662.0
HOXD11,7,pos,NFX1,0.698940185866658,chr9-33129938-33130538,0.0,-160323.0
FOSL1,7,pos,SC5D,2.39339673546069,chr11-121248846-121249446,0.208333333333333,-43357.0
FOSL1,7,pos,ALKBH1,0.785174137867474,chr14-77803926-77804526,0.0,-96156.0
FOSL1,7,pos,MFGE8,0.862588419057431,chr15-88985972-88986572,0.0,-72811.0
FOSL1,7,pos,LITAF,1.2884640913319,chr16-11801278-11801878,0.0,-165147.0
FOSL1,7,pos,BCAT2,0.501388664082835,chr19-48963723-48964323,0.0,-152944.0
FOSL1,7,pos,SALL4,0.879107907300022,chr20-51984815-51985415,0.277777777777778,-182545.0
FOSL1,7,pos,FSTL1,1.61407559137859,chr3-120616657-120617257,2.42724867724868,-165654.0
FOSL1,7,pos,TNK2,1.41083241965984,chr3-195809953-195810553,0.0,101742.0
FOSL1,7,pos,TMEM150C,0.640169644660654,chr4-82421923-82422523,0.0,140184.0
TFAP2C(var.3),7,pos,SLC25A44,0.963671478189025,chr1-156076633-156077233,0.0,-117049.0
TFAP2C(var.3),7,pos,H3F3A,2.02498819790855,chr1-225969535-225970135,9.81481481481481,-92066.0
TFAP2C(var.3),7,pos,WNT9A,0.952552347379835,chr1-227928117-227928717,3.39726631393298,19531.0
TFAP2C(var.3),7,pos,WNT9A,1.86749936741327,chr1-228082329-228082929,0.0,-134681.0
TFAP2C(var.3),7,pos,MAP3K21,2.2919858341782,chr1-233327099-233327699,0.0,-419.0
TFAP2C(var.3),7,pos,DSCAML1,0.582674152132141,chr11-117986079-117986679,0.0,-168804.0
TFAP2C(var.3),7,pos,SC5D,2.39339673546069,chr11-121248846-121249446,0.208333333333333,-43357.0
TFAP2C(var.3),7,pos,DNAJC3,2.50017925807447,chr13-95552343-95552943,0.0,-124546.0
TFAP2C(var.3),7,pos,MFGE8,1.8966272066133,chr15-88897228-88897828,0.238095238095238,15933.0
TFAP2C(var.3),7,pos,IGF2BP1,0.685534946536765,chr17-49191965-49192565,0.0,194803.0
TFAP2C(var.3),7,pos,ACOX1,0.827000789486219,chr17-75785443-75786043,0.0,193670.0
TFAP2C(var.3),7,pos,TP53,0.850171468470936,chr17-7588528-7589128,0.0,98772.0
TFAP2C(var.3),7,pos,ATP9B,0.580952561365296,chr18-78978954-78979554,0.0,-90081.0
TFAP2C(var.3),7,pos,BCAT2,0.687375245052608,chr19-48714004-48714604,0.0,96775.0
TFAP2C(var.3),7,pos,IRF3,0.986844891488032,chr19-49669919-49670519,1.56635802469136,-4294.0
TFAP2C(var.3),7,pos,HES6,1.05093962174454,chr2-238285660-238286260,4.28240740740741,-45248.0
TFAP2C(var.3),7,pos,PREX1,0.527518908295513,chr20-48921361-48921961,0.0,-93728.0
TFAP2C(var.3),7,pos,FSTL1,1.53490487902391,chr3-120284958-120285558,0.416666666666667,166045.0
TFAP2C(var.3),7,pos,FSTL1,1.20804302242202,chr3-120348529-120349129,0.0,102474.0
TFAP2C(var.3),7,pos,FSTL1,0.682214655960434,chr3-120450600-120451200,0.0,403.0
TFAP2C(var.3),7,pos,FSTL1,1.37964138472999,chr3-120559442-120560042,0.0,-108439.0
TFAP2C(var.3),7,pos,OSBPL11,0.912668587837995,chr3-125671698-125672298,0.0,-76858.0
TFAP2C(var.3),7,pos,TNK2,1.41083241965984,chr3-195809953-195810553,0.0,101742.0
TFAP2C(var.3),7,pos,ANAPC10,3.65951625792688,chr4-145180379-145180979,0.0,-82088.0
TFAP2C(var.3),7,pos,SPP1,1.00774242900808,chr4-87863386-87863986,1.45061728395062,-112014.0
TFAP2C(var.3),7,pos,SLC2A12,2.14341299714846,chr6-133952821-133953421,0.0,99565.0
FOS,7,pos,ALKBH1,0.785174137867474,chr14-77803926-77804526,0.0,-96156.0
FOS,7,pos,MFGE8,0.862588419057431,chr15-88985972-88986572,0.0,-72811.0
FOS,7,pos,LITAF,1.2884640913319,chr16-11801278-11801878,0.0,-165147.0
FOS,7,pos,BCAT2,0.501388664082835,chr19-48963723-48964323,0.0,-152944.0
FOS,7,pos,SALL4,0.879107907300022,chr20-51984815-51985415,0.277777777777778,-182545.0
FOS,7,pos,TNK2,1.41083241965984,chr3-195809953-195810553,0.0,101742.0
FOS,7,pos,TMEM150C,0.640169644660654,chr4-82421923-82422523,0.0,140184.0
HOXC12,7,pos,HES6,1.05093962174454,chr2-238285660-238286260,4.28240740740741,-45248.0
HOXC12,7,pos,SALL4,0.879107907300022,chr20-51984815-51985415,0.277777777777778,-182545.0
HOXC12,7,pos,KLRG2,0.614626284918774,chr7-139558124-139558724,0.0,-74662.0
POU5F1B,7,pos,MFGE8,0.862588419057431,chr15-88985972-88986572,0.0,-72811.0
POU5F1B,7,pos,METTL16,1.8641973874526,chr17-2636736-2637336,0.0,-125095.0
POU5F1B,7,pos,TP53,1.23973547756436,chr17-7650475-7651075,0.0,36825.0
POU5F1B,7,pos,ATP9B,0.532909358263996,chr18-78979773-78980373,0.317460317460317,-89262.0
POU5F1B,7,pos,SALL4,0.879107907300022,chr20-51984815-51985415,0.277777777777778,-182545.0
POU5F1B,7,pos,OSBPL11,1.27888957727099,chr3-125510051-125510651,0.0,84789.0
POU5F1B,7,pos,CITED2,1.729087666189,chr6-139395903-139396503,2.87037037037037,-21533.0
POU4F2,7,pos,LCOR,0.905819477033899,chr10-96714678-96715278,0.0,-117354.0
POU4F2,7,pos,ARHGAP42,1.10181838141006,chr11-100691781-100692381,0.0,4378.0
POU4F2,7,pos,ALKBH1,0.785174137867474,chr14-77803926-77804526,0.0,-96156.0
POU4F2,7,pos,GRHL1,2.0487288102164,chr2-9895429-9896029,0.0,-56014.0
POU4F2,7,pos,SALL4,1.20987089314481,chr20-51889287-51889887,0.0,-87017.0
POU4F2,7,pos,KLRG2,0.614626284918774,chr7-139558124-139558724,0.0,-74662.0
TFAP2B(var.2),7,pos,TAF13,1.15612735395854,chr1-109162209-109162809,0.0,-86457.0
TFAP2B(var.2),7,pos,SLC25A44,0.96868052430986,chr1-156368895-156369495,0.0,175213.0
TFAP2B(var.2),7,pos,DENND1B,1.29855529876256,chr1-197911326-197911926,3.47773368606702,-135880.0
TFAP2B(var.2),7,pos,WNT9A,0.952552347379835,chr1-227928117-227928717,3.39726631393298,19531.0
TFAP2B(var.2),7,pos,DSCAML1,0.582674152132141,chr11-117986079-117986679,0.0,-168804.0
TFAP2B(var.2),7,pos,DNAJC3,2.50017925807447,chr13-95552343-95552943,0.0,-124546.0
TFAP2B(var.2),7,pos,LITAF,1.2884640913319,chr16-11801278-11801878,0.0,-165147.0
TFAP2B(var.2),7,pos,IGF2BP1,0.685534946536765,chr17-49191965-49192565,0.0,194803.0
TFAP2B(var.2),7,pos,ACOX1,0.827000789486219,chr17-75785443-75786043,0.0,193670.0
TFAP2B(var.2),7,pos,ACOX1,0.5764274033421,chr17-75896710-75897310,0.0,82403.0
TFAP2B(var.2),7,pos,TP53,1.23973547756436,chr17-7650475-7651075,0.0,36825.0
TFAP2B(var.2),7,pos,TP53,1.04143518006641,chr17-7704819-7705419,0.0,-17519.0
TFAP2B(var.2),7,pos,ATP9B,0.580952561365296,chr18-78978954-78979554,0.0,-90081.0
TFAP2B(var.2),7,pos,HES6,1.05093962174454,chr2-238285660-238286260,4.28240740740741,-45248.0
TFAP2B(var.2),7,pos,PREX1,0.527518908295513,chr20-48921361-48921961,0.0,-93728.0
TFAP2B(var.2),7,pos,TRIOBP,0.572463606615648,chr22-37639253-37639853,0.0,-57501.0
TFAP2B(var.2),7,pos,FSTL1,1.53490487902391,chr3-120284958-120285558,0.416666666666667,166045.0
TFAP2B(var.2),7,pos,FSTL1,1.20804302242202,chr3-120348529-120349129,0.0,102474.0
TFAP2B(var.2),7,pos,FSTL1,0.682214655960434,chr3-120450600-120451200,0.0,403.0
TFAP2B(var.2),7,pos,OSBPL11,0.912668587837995,chr3-125671698-125672298,0.0,-76858.0
TFAP2B(var.2),7,pos,TNK2,1.41083241965984,chr3-195809953-195810553,0.0,101742.0
TFAP2B(var.2),7,pos,SPP1,1.00774242900808,chr4-87863386-87863986,1.45061728395062,-112014.0
TFAP2B(var.2),7,pos,EGR1,1.39630683145216,chr5-138491872-138492472,0.0,26632.0
TFAP2B(var.2),7,pos,SLC2A12,2.14341299714846,chr6-133952821-133953421,0.0,99565.0
TFAP2B(var.2),7,pos,CITED2,1.729087666189,chr6-139395903-139396503,2.87037037037037,-21533.0
TFAP2B(var.2),7,pos,NFX1,3.03151628575242,chr9-33167757-33168357,0.0,-122504.0
EHF,7,pos,WNT9A,0.674035495592645,chr1-228037545-228038145,0.0,-89897.0
EHF,7,pos,BCAT2,1.22959615947111,chr19-48999616-49000216,0.277777777777778,-188837.0
EHF,7,pos,ZNF83,0.590477284045212,chr19-52570583-52571183,0.0,119663.0
EHF,7,pos,HES6,1.05093962174454,chr2-238285660-238286260,4.28240740740741,-45248.0
EHF,7,pos,GRHL1,2.0487288102164,chr2-9895429-9896029,0.0,-56014.0
EHF,7,pos,FSTL1,1.61407559137859,chr3-120616657-120617257,2.42724867724868,-165654.0
EHF,7,pos,OSBPL11,1.27888957727099,chr3-125510051-125510651,0.0,84789.0
EHF,7,pos,SLC2A12,2.14341299714846,chr6-133952821-133953421,0.0,99565.0
EHF,7,pos,NFX1,0.698940185866658,chr9-33129938-33130538,0.0,-160323.0
JUND(var.2),7,pos,CDK2AP1,1.66447138614262,chr12-123105361-123105961,0.185185185185185,166723.0
JUND(var.2),7,pos,RGCC,1.32187752521916,chr13-41401239-41401839,0.0,-56070.0
JUND(var.2),7,pos,BCAT2,0.501388664082835,chr19-48963723-48964323,0.0,-152944.0
JUND(var.2),7,pos,RIN2,0.936499159738383,chr20-19802549-19803149,0.0,-83722.0
JUND(var.2),7,pos,SALL4,0.879107907300022,chr20-51984815-51985415,0.277777777777778,-182545.0
JUND(var.2),7,pos,OSBPL11,1.27888957727099,chr3-125510051-125510651,0.0,84789.0
JUND,7,pos,SC5D,2.39339673546069,chr11-121248846-121249446,0.208333333333333,-43357.0
JUND,7,pos,ALKBH1,0.785174137867474,chr14-77803926-77804526,0.0,-96156.0
JUND,7,pos,MFGE8,0.862588419057431,chr15-88985972-88986572,0.0,-72811.0
JUND,7,pos,LITAF,1.2884640913319,chr16-11801278-11801878,0.0,-165147.0
JUND,7,pos,BCAT2,0.501388664082835,chr19-48963723-48964323,0.0,-152944.0
JUND,7,pos,SALL4,0.879107907300022,chr20-51984815-51985415,0.277777777777778,-182545.0
JUND,7,pos,TMEM150C,0.640169644660654,chr4-82421923-82422523,0.0,140184.0
TFAP2B(var.3),7,pos,SLC25A44,0.963671478189025,chr1-156076633-156077233,0.0,-117049.0
TFAP2B(var.3),7,pos,H3F3A,2.02498819790855,chr1-225969535-225970135,9.81481481481481,-92066.0
TFAP2B(var.3),7,pos,WNT9A,0.952552347379835,chr1-227928117-227928717,3.39726631393298,19531.0
TFAP2B(var.3),7,pos,WNT9A,1.86749936741327,chr1-228082329-228082929,0.0,-134681.0
TFAP2B(var.3),7,pos,MAP3K21,2.2919858341782,chr1-233327099-233327699,0.0,-419.0
TFAP2B(var.3),7,pos,DSCAML1,0.582674152132141,chr11-117986079-117986679,0.0,-168804.0
TFAP2B(var.3),7,pos,DNAJC3,2.50017925807447,chr13-95552343-95552943,0.0,-124546.0
TFAP2B(var.3),7,pos,MFGE8,1.8966272066133,chr15-88897228-88897828,0.238095238095238,15933.0
TFAP2B(var.3),7,pos,IGF2BP1,0.685534946536765,chr17-49191965-49192565,0.0,194803.0
TFAP2B(var.3),7,pos,ACOX1,0.827000789486219,chr17-75785443-75786043,0.0,193670.0
TFAP2B(var.3),7,pos,TP53,0.850171468470936,chr17-7588528-7589128,0.0,98772.0
TFAP2B(var.3),7,pos,ATP9B,0.580952561365296,chr18-78978954-78979554,0.0,-90081.0
TFAP2B(var.3),7,pos,BCAT2,0.687375245052608,chr19-48714004-48714604,0.0,96775.0
TFAP2B(var.3),7,pos,IRF3,0.986844891488032,chr19-49669919-49670519,1.56635802469136,-4294.0
TFAP2B(var.3),7,pos,HES6,1.05093962174454,chr2-238285660-238286260,4.28240740740741,-45248.0
TFAP2B(var.3),7,pos,PREX1,0.527518908295513,chr20-48921361-48921961,0.0,-93728.0
TFAP2B(var.3),7,pos,FSTL1,1.53490487902391,chr3-120284958-120285558,0.416666666666667,166045.0
TFAP2B(var.3),7,pos,FSTL1,1.20804302242202,chr3-120348529-120349129,0.0,102474.0
TFAP2B(var.3),7,pos,FSTL1,0.682214655960434,chr3-120450600-120451200,0.0,403.0
TFAP2B(var.3),7,pos,FSTL1,1.37964138472999,chr3-120559442-120560042,0.0,-108439.0
TFAP2B(var.3),7,pos,OSBPL11,0.912668587837995,chr3-125671698-125672298,0.0,-76858.0
TFAP2B(var.3),7,pos,TNK2,1.41083241965984,chr3-195809953-195810553,0.0,101742.0
TFAP2B(var.3),7,pos,ANAPC10,3.65951625792688,chr4-145180379-145180979,0.0,-82088.0
TFAP2B(var.3),7,pos,SPP1,1.00774242900808,chr4-87863386-87863986,1.45061728395062,-112014.0
TFAP2B(var.3),7,pos,SLC2A12,2.14341299714846,chr6-133952821-133953421,0.0,99565.0
PLAG1,7,pos,ENSA,0.998949704364382,chr1-150592359-150592959,0.0,37003.0
PLAG1,7,pos,S100A10,1.18099257614716,chr1-151830514-151831114,0.347222222222222,163626.0
PLAG1,7,pos,DAP3,0.88594486098163,chr1-155728982-155729582,0.0,41272.0
PLAG1,7,pos,SLC25A44,0.96868052430986,chr1-156368895-156369495,0.0,175213.0
PLAG1,7,pos,IFI16,1.06188257467334,chr1-159188310-159188910,0.0,188592.0
PLAG1,7,pos,WNT9A,0.952552347379835,chr1-227928117-227928717,3.39726631393298,19531.0
PLAG1,7,pos,WNT9A,0.674035495592645,chr1-228037545-228038145,0.0,-89897.0
PLAG1,7,pos,WNT9A,1.86749936741327,chr1-228082329-228082929,0.0,-134681.0
PLAG1,7,pos,MAP3K21,2.2919858341782,chr1-233327099-233327699,0.0,-419.0
PLAG1,7,pos,DSCAML1,0.582674152132141,chr11-117986079-117986679,0.0,-168804.0
PLAG1,7,pos,DNAJC3,2.50017925807447,chr13-95552343-95552943,0.0,-124546.0
PLAG1,7,pos,MFGE8,0.862588419057431,chr15-88985972-88986572,0.0,-72811.0
PLAG1,7,pos,UQCRC2,0.645881515809818,chr16-22092202-22092802,0.0,139792.0
PLAG1,7,pos,IGF2BP1,0.685534946536765,chr17-49191965-49192565,0.0,194803.0
PLAG1,7,pos,TP53,0.850171468470936,chr17-7588528-7589128,0.0,98772.0
PLAG1,7,pos,ACOX1,0.5764274033421,chr17-75896710-75897310,0.0,82403.0
PLAG1,7,pos,TP53,1.23973547756436,chr17-7650475-7651075,0.0,36825.0
PLAG1,7,pos,TP53,1.04143518006641,chr17-7704819-7705419,0.0,-17519.0
PLAG1,7,pos,NPLOC4,1.19507660592266,chr17-81523055-81523655,0.138888888888889,125160.0
PLAG1,7,pos,ATP9B,0.580952561365296,chr18-78978954-78979554,0.0,-90081.0
PLAG1,7,pos,BCAT2,0.687375245052608,chr19-48714004-48714604,0.0,96775.0
PLAG1,7,pos,BCAT2,0.501388664082835,chr19-48963723-48964323,0.0,-152944.0
PLAG1,7,pos,IRF3,0.986844891488032,chr19-49669919-49670519,1.56635802469136,-4294.0
PLAG1,7,pos,HES6,1.05093962174454,chr2-238285660-238286260,4.28240740740741,-45248.0
PLAG1,7,pos,PREX1,0.527518908295513,chr20-48921361-48921961,0.0,-93728.0
PLAG1,7,pos,TRIOBP,0.572463606615648,chr22-37639253-37639853,0.0,-57501.0
PLAG1,7,pos,FSTL1,1.53490487902391,chr3-120284958-120285558,0.416666666666667,166045.0
PLAG1,7,pos,FSTL1,0.682214655960434,chr3-120450600-120451200,0.0,403.0
PLAG1,7,pos,FSTL1,1.37964138472999,chr3-120559442-120560042,0.0,-108439.0
PLAG1,7,pos,FSTL1,1.61407559137859,chr3-120616657-120617257,2.42724867724868,-165654.0
PLAG1,7,pos,OSBPL11,0.912668587837995,chr3-125671698-125672298,0.0,-76858.0
PLAG1,7,pos,TNK2,1.41083241965984,chr3-195809953-195810553,0.0,101742.0
PLAG1,7,pos,CHIC2,1.17875308164722,chr4-54091874-54092474,0.0,-27434.0
PLAG1,7,pos,SPP1,1.00774242900808,chr4-87863386-87863986,1.45061728395062,-112014.0
PLAG1,7,pos,EGR1,1.39630683145216,chr5-138491872-138492472,0.0,26632.0
PLAG1,7,pos,STC2,1.36455811227965,chr5-173144670-173145270,0.0,184583.0
PLAG1,7,pos,KLRG2,0.614626284918774,chr7-139558124-139558724,0.0,-74662.0
PLAG1,7,pos,NFX1,3.03151628575242,chr9-33167757-33168357,0.0,-122504.0
GLIS1,8,pos,WNT9A,2.41249730778139,chr1-228109073-228109673,0.0,-161425.0
GLIS1,8,pos,ZNF695,1.15920046052582,chr1-246931678-246932278,0.0,76165.0
GLIS1,8,pos,IQGAP1,0.812380561111304,chr15-90265339-90265939,0.0,-122629.0
GLIS1,8,pos,TBCD,0.989034981475094,chr17-82697741-82698341,0.0,-54073.0
GLIS1,8,pos,FN3K,1.14137525568724,chr17-82697741-82698341,0.277777777777778,-37584.0
GLIS1,8,pos,TBCD,1.03623372188598,chr17-82917569-82918169,0.148809523809524,165755.0
GLIS1,8,pos,FN3K,1.50896699688457,chr17-82917569-82918169,0.0,182244.0
GLIS1,8,pos,ERCC1,1.03348295220017,chr19-45641971-45642571,0.0,-163393.0
GLIS1,8,pos,CFLAR,3.84760774872413,chr2-200963418-200964018,0.0,-152436.0
GLIS1,8,pos,TNK2,2.96298949367878,chr3-195894843-195895443,0.0,16852.0
GLIS1,8,pos,ANAPC10,1.73493750489423,chr4-145180379-145180979,0.0,-82088.0
GLIS1,8,pos,ARFIP1,1.12037188932441,chr4-152671665-152672265,2.68849206349206,-108022.0
GLIS1,8,pos,TRIM75P,0.312934301567732,chr4-165032795-165033395,2.00396825396825,-26103.0
GLIS1,8,pos,AFG1L,2.60974581273386,chr6-108117857-108118457,0.0,-176787.0
GLIS1,8,pos,AFG1L,1.43871201898879,chr6-108133764-108134364,0.0,-160880.0
GLIS1,8,pos,AFG1L,0.806165816786804,chr6-108167345-108167945,0.0,-127299.0
GLIS1,8,pos,AHCYL2,0.877319946074332,chr7-129169000-129169600,0.0,-55773.0
GLIS1,8,pos,KMT2C,1.18995948229919,chr7-152342681-152343281,3.75330687830688,93074.0
GLIS1,8,pos,KMT2C,1.65139967441704,chr7-152464235-152464835,0.0,-28480.0
GLIS1,8,pos,NRBP2,0.70858030005711,chr8-143976977-143977577,0.0,-136253.0
TFDP1,8,pos,NES,0.6363594663719,chr1-156858826-156859426,0.0,-181679.0
TFDP1,8,pos,DENND1B,0.826176918625828,chr1-197775200-197775800,0.0,246.0
TFDP1,8,pos,WNT9A,2.56051345568276,chr1-228082329-228082929,0.0,-134681.0
TFDP1,8,pos,WNT9A,5.57233480555176,chr1-228103046-228103646,0.0,-155398.0
TFDP1,8,pos,WNT9A,2.41249730778139,chr1-228109073-228109673,0.0,-161425.0
TFDP1,8,pos,WNT9A,3.29929908628785,chr1-228139800-228140400,0.0,-192152.0
TFDP1,8,pos,ACTA1,1.14493004694314,chr1-229334646-229335246,10.5202821869489,99202.0
TFDP1,8,pos,ZNF695,1.15920046052582,chr1-246931678-246932278,0.0,76165.0
TFDP1,8,pos,GBF1,0.976181960700608,chr10-102241356-102241956,0.0,-3926.0
TFDP1,8,pos,ARHGAP42,2.85461317198652,chr11-100828238-100828838,0.0,140835.0
TFDP1,8,pos,DSCAML1,1.61786644151102,chr11-117796222-117796822,0.0,21053.0
TFDP1,8,pos,FOXR1,1.44887128351664,chr11-118925730-118926330,0.0,-45727.0
TFDP1,8,pos,FOXR1,0.805217722304366,chr11-119168416-119169016,0.0,196959.0
TFDP1,8,pos,ZIC2,1.2661835455918,chr13-99981936-99982536,1.01521164021164,414.0
TFDP1,8,pos,IQGAP1,0.812380561111304,chr15-90265339-90265939,0.0,-122629.0
TFDP1,8,pos,FAM174B,0.987895048454548,chr15-92655370-92655970,0.0,154264.0
TFDP1,8,pos,NPLOC4,0.825655082101072,chr17-81481248-81481848,0.0,166967.0
TFDP1,8,pos,TBCD,0.989034981475094,chr17-82697741-82698341,0.0,-54073.0
TFDP1,8,pos,FN3K,1.14137525568724,chr17-82697741-82698341,0.277777777777778,-37584.0
TFDP1,8,pos,FBXO27,0.813251662051367,chr19-39125410-39126010,0.0,-92875.0
TFDP1,8,pos,MEIS3,0.708365561253988,chr19-47348860-47349460,0.0,70413.0
TFDP1,8,pos,TBC1D17,1.22897427603408,chr19-49929194-49929794,0.0,52019.0
TFDP1,8,pos,ZNF83,1.37853306778623,chr19-52600925-52601525,0.0,89321.0
TFDP1,8,pos,ZNF83,0.906634008703232,chr19-52734821-52735421,0.0,-44575.0
TFDP1,8,pos,TNNI3,1.60297137865829,chr19-55083506-55084106,0.0,74017.0
TFDP1,8,pos,CFLAR,3.84760774872413,chr2-200963418-200964018,0.0,-152436.0
TFDP1,8,pos,TRIOBP,0.796805988339846,chr22-37560170-37560770,0.0,-136584.0
TFDP1,8,pos,TNK2,1.08680340154301,chr3-195862961-195863561,0.0694444444444444,48734.0
TFDP1,8,pos,TNK2,2.8313093863431,chr3-195908850-195909450,0.0,2845.0
TFDP1,8,pos,TNK2,2.58898189133666,chr3-196081872-196082472,0.0,-170177.0
TFDP1,8,pos,ANAPC10,1.73493750489423,chr4-145180379-145180979,0.0,-82088.0
TFDP1,8,pos,TRIM75P,1.17697784490611,chr4-165020190-165020790,0.505952380952381,-38708.0
TFDP1,8,pos,AFG1L,2.60974581273386,chr6-108117857-108118457,0.0,-176787.0
TFDP1,8,pos,AFG1L,1.43871201898879,chr6-108133764-108134364,0.0,-160880.0
TFDP1,8,pos,AFG1L,0.806165816786804,chr6-108167345-108167945,0.0,-127299.0
TFDP1,8,pos,KHDC1L,0.160976739130939,chr6-73262959-73263559,0.0,-37439.0
TFDP1,8,pos,AHCYL2,0.799868239710247,chr7-129067388-129067988,0.0,-157385.0
TFDP1,8,pos,AHCYL2,0.877319946074332,chr7-129169000-129169600,0.0,-55773.0
TFDP1,8,pos,AHCYL2,2.1753008727542,chr7-129188255-129188855,0.0,-36518.0
TFDP1,8,pos,CLEC2L,1.71803487659667,chr7-139359483-139360083,0.0,-164123.0
TFDP1,8,pos,CLEC2L,0.678779206876797,chr7-139482811-139483411,0.0,-40795.0
TFDP1,8,pos,KMT2C,1.34267953901477,chr7-152436441-152437041,0.0,-686.0
TFDP1,8,pos,KMT2C,1.65139967441704,chr7-152464235-152464835,0.0,-28480.0
TFDP1,8,pos,MTSS1,1.13613087447296,chr8-124728335-124728935,0.0,-156.0
TFDP1,8,pos,NRBP2,0.791780265277541,chr8-143707126-143707726,0.0,133598.0
TFDP1,8,pos,NRBP2,0.70858030005711,chr8-143976977-143977577,0.0,-136253.0
TFAP2B(var.3),8,pos,NES,0.6363594663719,chr1-156858826-156859426,0.0,-181679.0
TFAP2B(var.3),8,pos,WNT9A,2.56051345568276,chr1-228082329-228082929,0.0,-134681.0
TFAP2B(var.3),8,pos,WNT9A,5.57233480555176,chr1-228103046-228103646,0.0,-155398.0
TFAP2B(var.3),8,pos,WNT9A,3.29929908628785,chr1-228139800-228140400,0.0,-192152.0
TFAP2B(var.3),8,pos,ZNF695,0.327399464973569,chr1-247078548-247079148,0.0,-70705.0
TFAP2B(var.3),8,pos,GBF1,0.976181960700608,chr10-102241356-102241956,0.0,-3926.0
TFAP2B(var.3),8,pos,CADM1,1.0757543917354,chr11-115504235-115504835,0.0,472.0
TFAP2B(var.3),8,pos,DSCAML1,1.61786644151102,chr11-117796222-117796822,0.0,21053.0
TFAP2B(var.3),8,pos,DSCAML1,1.4596528476906,chr11-117919874-117920474,1.10119047619048,-102599.0
TFAP2B(var.3),8,pos,FOXR1,0.805217722304366,chr11-119168416-119169016,0.0,196959.0
TFAP2B(var.3),8,pos,AL627171.2,1.12333591760487,chr14-49767794-49768394,0.0,96282.0
TFAP2B(var.3),8,pos,IQGAP1,0.812380561111304,chr15-90265339-90265939,0.0,-122629.0
TFAP2B(var.3),8,pos,ACOX1,0.62049639746274,chr17-75984482-75985082,0.810185185185185,-5369.0
TFAP2B(var.3),8,pos,NPLOC4,0.825655082101072,chr17-81481248-81481848,0.0,166967.0
TFAP2B(var.3),8,pos,FN3K,3.33568946862665,chr17-82615577-82616177,1.9047619047619,-119748.0
TFAP2B(var.3),8,pos,TBCD,1.02367544534195,chr17-82698520-82699120,0.0,-53294.0
TFAP2B(var.3),8,pos,FN3K,1.40066613455106,chr17-82793999-82794599,2.5462962962963,58674.0
TFAP2B(var.3),8,pos,ERCC1,1.03348295220017,chr19-45641971-45642571,0.0,-163393.0
TFAP2B(var.3),8,pos,TBC1D17,1.22897427603408,chr19-49929194-49929794,0.0,52019.0
TFAP2B(var.3),8,pos,CFLAR,3.84760774872413,chr2-200963418-200964018,0.0,-152436.0
TFAP2B(var.3),8,pos,CFLAR,1.58828255846779,chr2-201236260-201236860,0.873015873015873,120406.0
TFAP2B(var.3),8,pos,IRS1,0.889495600497612,chr2-226798752-226799352,2.26521164021164,757.0
TFAP2B(var.3),8,pos,TRIOBP,0.796805988339846,chr22-37560170-37560770,0.0,-136584.0
TFAP2B(var.3),8,pos,AMOTL2,1.3784670047649,chr3-134350911-134351511,1.07142857142857,24318.0
TFAP2B(var.3),8,pos,TNK2,1.27979627614538,chr3-195809953-195810553,0.0,101742.0
TFAP2B(var.3),8,pos,TNK2,2.83713791046116,chr3-195821226-195821826,0.0,90469.0
TFAP2B(var.3),8,pos,TNK2,0.68203760948778,chr3-195856468-195857068,0.277777777777778,55227.0
TFAP2B(var.3),8,pos,TNK2,1.08680340154301,chr3-195862961-195863561,0.0694444444444444,48734.0
TFAP2B(var.3),8,pos,TNK2,2.96298949367878,chr3-195894843-195895443,0.0,16852.0
TFAP2B(var.3),8,pos,TNK2,2.8313093863431,chr3-195908850-195909450,0.0,2845.0
TFAP2B(var.3),8,pos,TNK2,2.58898189133666,chr3-196081872-196082472,0.0,-170177.0
TFAP2B(var.3),8,pos,ANAPC10,1.73493750489423,chr4-145180379-145180979,0.0,-82088.0
TFAP2B(var.3),8,pos,TRIM75P,1.18086603374228,chr4-165237979-165238579,0.627204585537919,179081.0
TFAP2B(var.3),8,pos,AFG1L,2.60974581273386,chr6-108117857-108118457,0.0,-176787.0
TFAP2B(var.3),8,pos,AFG1L,1.43871201898879,chr6-108133764-108134364,0.0,-160880.0
TFAP2B(var.3),8,pos,AFG1L,2.39033647460866,chr6-108157522-108158122,0.185185185185185,-137122.0
TFAP2B(var.3),8,pos,KHDC1L,0.160976739130939,chr6-73262959-73263559,0.0,-37439.0
TFAP2B(var.3),8,pos,AHCYL2,2.1753008727542,chr7-129188255-129188855,0.0,-36518.0
TFAP2B(var.3),8,pos,CLEC2L,1.71803487659667,chr7-139359483-139360083,0.0,-164123.0
TFAP2B(var.3),8,pos,CLEC2L,0.990763717329637,chr7-139427124-139427724,0.0,-96482.0
TFAP2B(var.3),8,pos,KMT2C,1.65139967441704,chr7-152464235-152464835,0.0,-28480.0
TFAP2B(var.3),8,pos,MTSS1,1.13613087447296,chr8-124728335-124728935,0.0,-156.0
TFAP2B(var.3),8,pos,NRBP2,0.791780265277541,chr8-143707126-143707726,0.0,133598.0
TFAP2B(var.3),8,pos,NRBP2,0.70858030005711,chr8-143976977-143977577,0.0,-136253.0
TFAP2B(var.3),8,pos,NPDC1,1.19802837837721,chr9-136961236-136961836,0.0,84717.0
TFAP2C(var.3),8,pos,NES,0.6363594663719,chr1-156858826-156859426,0.0,-181679.0
TFAP2C(var.3),8,pos,WNT9A,2.56051345568276,chr1-228082329-228082929,0.0,-134681.0
TFAP2C(var.3),8,pos,WNT9A,5.57233480555176,chr1-228103046-228103646,0.0,-155398.0
TFAP2C(var.3),8,pos,ZNF695,1.15920046052582,chr1-246931678-246932278,0.0,76165.0
TFAP2C(var.3),8,pos,ZNF695,0.327399464973569,chr1-247078548-247079148,0.0,-70705.0
TFAP2C(var.3),8,pos,GBF1,0.976181960700608,chr10-102241356-102241956,0.0,-3926.0
TFAP2C(var.3),8,pos,CADM1,1.0757543917354,chr11-115504235-115504835,0.0,472.0
TFAP2C(var.3),8,pos,DSCAML1,1.61786644151102,chr11-117796222-117796822,0.0,21053.0
TFAP2C(var.3),8,pos,DSCAML1,1.4596528476906,chr11-117919874-117920474,1.10119047619048,-102599.0
TFAP2C(var.3),8,pos,FOXR1,0.805217722304366,chr11-119168416-119169016,0.0,196959.0
TFAP2C(var.3),8,pos,AL627171.2,1.12333591760487,chr14-49767794-49768394,0.0,96282.0
TFAP2C(var.3),8,pos,IQGAP1,0.812380561111304,chr15-90265339-90265939,0.0,-122629.0
TFAP2C(var.3),8,pos,NPLOC4,0.825655082101072,chr17-81481248-81481848,0.0,166967.0
TFAP2C(var.3),8,pos,FN3K,3.33568946862665,chr17-82615577-82616177,1.9047619047619,-119748.0
TFAP2C(var.3),8,pos,TBCD,1.02367544534195,chr17-82698520-82699120,0.0,-53294.0
TFAP2C(var.3),8,pos,FN3K,1.40066613455106,chr17-82793999-82794599,2.5462962962963,58674.0
TFAP2C(var.3),8,pos,ERCC1,1.03348295220017,chr19-45641971-45642571,0.0,-163393.0
TFAP2C(var.3),8,pos,TBC1D17,1.22897427603408,chr19-49929194-49929794,0.0,52019.0
TFAP2C(var.3),8,pos,CFLAR,3.84760774872413,chr2-200963418-200964018,0.0,-152436.0
TFAP2C(var.3),8,pos,CFLAR,1.58828255846779,chr2-201236260-201236860,0.873015873015873,120406.0
TFAP2C(var.3),8,pos,IRS1,0.889495600497612,chr2-226798752-226799352,2.26521164021164,757.0
TFAP2C(var.3),8,pos,TRIOBP,0.796805988339846,chr22-37560170-37560770,0.0,-136584.0
TFAP2C(var.3),8,pos,AMOTL2,1.3784670047649,chr3-134350911-134351511,1.07142857142857,24318.0
TFAP2C(var.3),8,pos,TNK2,1.27979627614538,chr3-195809953-195810553,0.0,101742.0
TFAP2C(var.3),8,pos,TNK2,2.83713791046116,chr3-195821226-195821826,0.0,90469.0
TFAP2C(var.3),8,pos,TNK2,0.68203760948778,chr3-195856468-195857068,0.277777777777778,55227.0
TFAP2C(var.3),8,pos,TNK2,1.08680340154301,chr3-195862961-195863561,0.0694444444444444,48734.0
TFAP2C(var.3),8,pos,TNK2,2.96298949367878,chr3-195894843-195895443,0.0,16852.0
TFAP2C(var.3),8,pos,TNK2,2.8313093863431,chr3-195908850-195909450,0.0,2845.0
TFAP2C(var.3),8,pos,TNK2,2.58898189133666,chr3-196081872-196082472,0.0,-170177.0
TFAP2C(var.3),8,pos,ANAPC10,1.73493750489423,chr4-145180379-145180979,0.0,-82088.0
TFAP2C(var.3),8,pos,TRIM75P,1.18086603374228,chr4-165237979-165238579,0.627204585537919,179081.0
TFAP2C(var.3),8,pos,AFG1L,2.60974581273386,chr6-108117857-108118457,0.0,-176787.0
TFAP2C(var.3),8,pos,AFG1L,1.43871201898879,chr6-108133764-108134364,0.0,-160880.0
TFAP2C(var.3),8,pos,AFG1L,2.39033647460866,chr6-108157522-108158122,0.185185185185185,-137122.0
TFAP2C(var.3),8,pos,KHDC1L,0.160976739130939,chr6-73262959-73263559,0.0,-37439.0
TFAP2C(var.3),8,pos,AHCYL2,0.877319946074332,chr7-129169000-129169600,0.0,-55773.0
TFAP2C(var.3),8,pos,CLEC2L,1.71803487659667,chr7-139359483-139360083,0.0,-164123.0
TFAP2C(var.3),8,pos,CLEC2L,0.990763717329637,chr7-139427124-139427724,0.0,-96482.0
TFAP2C(var.3),8,pos,KMT2C,1.65139967441704,chr7-152464235-152464835,0.0,-28480.0
TFAP2C(var.3),8,pos,MTSS1,1.13613087447296,chr8-124728335-124728935,0.0,-156.0
TFAP2C(var.3),8,pos,NRBP2,0.791780265277541,chr8-143707126-143707726,0.0,133598.0
TFAP2C(var.3),8,pos,NRBP2,0.70858030005711,chr8-143976977-143977577,0.0,-136253.0
TFAP2C(var.3),8,pos,NPDC1,1.19802837837721,chr9-136961236-136961836,0.0,84717.0
GLIS3,8,pos,IQGAP1,0.812380561111304,chr15-90265339-90265939,0.0,-122629.0
GLIS3,8,pos,TBCD,0.989034981475094,chr17-82697741-82698341,0.0,-54073.0
GLIS3,8,pos,FN3K,1.14137525568724,chr17-82697741-82698341,0.277777777777778,-37584.0
GLIS3,8,pos,TBCD,1.03623372188598,chr17-82917569-82918169,0.148809523809524,165755.0
GLIS3,8,pos,FN3K,1.50896699688457,chr17-82917569-82918169,0.0,182244.0
GLIS3,8,pos,ERCC1,1.03348295220017,chr19-45641971-45642571,0.0,-163393.0
GLIS3,8,pos,ZNF83,0.906634008703232,chr19-52734821-52735421,0.0,-44575.0
GLIS3,8,pos,TNNI3,1.60297137865829,chr19-55083506-55084106,0.0,74017.0
GLIS3,8,pos,TNK2,2.96298949367878,chr3-195894843-195895443,0.0,16852.0
GLIS3,8,pos,ARFIP1,1.12037188932441,chr4-152671665-152672265,2.68849206349206,-108022.0
GLIS3,8,pos,TRIM75P,1.83281281944597,chr4-164902409-164903009,0.882936507936508,-156489.0
GLIS3,8,pos,TRIM75P,0.312934301567732,chr4-165032795-165033395,2.00396825396825,-26103.0
GLIS3,8,pos,AFG1L,1.43871201898879,chr6-108133764-108134364,0.0,-160880.0
GLIS3,8,pos,AFG1L,0.806165816786804,chr6-108167345-108167945,0.0,-127299.0
GLIS3,8,pos,AHCYL2,0.877319946074332,chr7-129169000-129169600,0.0,-55773.0
GLIS3,8,pos,KMT2C,1.34267953901477,chr7-152436441-152437041,0.0,-686.0
GLIS3,8,pos,KMT2C,1.65139967441704,chr7-152464235-152464835,0.0,-28480.0
GLIS3,8,pos,MTSS1,1.13613087447296,chr8-124728335-124728935,0.0,-156.0
GLIS3,8,pos,NPDC1,1.76543261992611,chr9-136886808-136887408,0.0,159145.0
GLIS3,8,pos,NPDC1,1.19802837837721,chr9-136961236-136961836,0.0,84717.0
ELF5,8,pos,DENND1B,0.826176918625828,chr1-197775200-197775800,0.0,246.0
ELF5,8,pos,ZIC2,1.2661835455918,chr13-99981936-99982536,1.01521164021164,414.0
ELF5,8,pos,TBCD,1.03623372188598,chr17-82917569-82918169,0.148809523809524,165755.0
ELF5,8,pos,FN3K,1.50896699688457,chr17-82917569-82918169,0.0,182244.0
ELF5,8,pos,ZNF83,1.37853306778623,chr19-52600925-52601525,0.0,89321.0
ELF5,8,pos,ZNF83,0.839862398660315,chr19-52695890-52696490,0.0,-5644.0
ELF5,8,pos,ZNF83,0.906634008703232,chr19-52734821-52735421,0.0,-44575.0
ELF5,8,pos,CFLAR,3.84760774872413,chr2-200963418-200964018,0.0,-152436.0
ELF5,8,pos,CFLAR,1.58828255846779,chr2-201236260-201236860,0.873015873015873,120406.0
ELF5,8,pos,GRHL1,1.0189576530629,chr2-9895429-9896029,0.0,-56014.0
ELF5,8,pos,TNK2,2.83713791046116,chr3-195821226-195821826,0.0,90469.0
ELF5,8,pos,TNK2,2.96298949367878,chr3-195894843-195895443,0.0,16852.0
ELF5,8,pos,TRIM75P,0.775879080207052,chr4-164936129-164936729,2.03373015873016,-122769.0
ELF5,8,pos,AHCYL2,0.799868239710247,chr7-129067388-129067988,0.0,-157385.0
ELF5,8,pos,CLEC2L,0.594302615627846,chr7-139588536-139589136,0.0,64930.0
ELF5,8,pos,KLRG2,0.792888257313493,chr7-139623465-139624065,0.0,-140003.0
ELF5,8,pos,CLEC2L,0.691643911390173,chr7-139623465-139624065,0.0,99859.0
E2F4,8,pos,NES,0.6363594663719,chr1-156858826-156859426,0.0,-181679.0
E2F4,8,pos,WNT9A,2.56051345568276,chr1-228082329-228082929,0.0,-134681.0
E2F4,8,pos,WNT9A,5.57233480555176,chr1-228103046-228103646,0.0,-155398.0
E2F4,8,pos,WNT9A,2.41249730778139,chr1-228109073-228109673,0.0,-161425.0
E2F4,8,pos,WNT9A,3.29929908628785,chr1-228139800-228140400,0.0,-192152.0
E2F4,8,pos,ACTA1,1.14493004694314,chr1-229334646-229335246,10.5202821869489,99202.0
E2F4,8,pos,ZNF695,1.11134777949037,chr1-246930824-246931424,0.476190476190476,77019.0
E2F4,8,pos,ZNF695,1.15920046052582,chr1-246931678-246932278,0.0,76165.0
E2F4,8,pos,GBF1,0.59533733319042,chr10-102408716-102409316,0.0,163434.0
E2F4,8,pos,ARHGAP42,2.85461317198652,chr11-100828238-100828838,0.0,140835.0
E2F4,8,pos,DSCAML1,1.61786644151102,chr11-117796222-117796822,0.0,21053.0
E2F4,8,pos,FOXR1,1.44887128351664,chr11-118925730-118926330,0.0,-45727.0
E2F4,8,pos,FOXR1,0.805217722304366,chr11-119168416-119169016,0.0,196959.0
E2F4,8,pos,ZIC2,1.2661835455918,chr13-99981936-99982536,1.01521164021164,414.0
E2F4,8,pos,IQGAP1,0.812380561111304,chr15-90265339-90265939,0.0,-122629.0
E2F4,8,pos,FAM174B,0.987895048454548,chr15-92655370-92655970,0.0,154264.0
E2F4,8,pos,TP53,0.757083680628488,chr17-7561583-7562183,0.0,125717.0
E2F4,8,pos,NPLOC4,0.825655082101072,chr17-81481248-81481848,0.0,166967.0
E2F4,8,pos,TBCD,0.989034981475094,chr17-82697741-82698341,0.0,-54073.0
E2F4,8,pos,FN3K,1.14137525568724,chr17-82697741-82698341,0.277777777777778,-37584.0
E2F4,8,pos,ERCC1,1.03348295220017,chr19-45641971-45642571,0.0,-163393.0
E2F4,8,pos,TBC1D17,1.22897427603408,chr19-49929194-49929794,0.0,52019.0
E2F4,8,pos,ZNF83,0.906634008703232,chr19-52734821-52735421,0.0,-44575.0
E2F4,8,pos,CFLAR,3.84760774872413,chr2-200963418-200964018,0.0,-152436.0
E2F4,8,pos,TRIOBP,0.796805988339846,chr22-37560170-37560770,0.0,-136584.0
E2F4,8,pos,TNK2,1.08680340154301,chr3-195862961-195863561,0.0694444444444444,48734.0
E2F4,8,pos,TNK2,2.8313093863431,chr3-195908850-195909450,0.0,2845.0
E2F4,8,pos,TNK2,2.58898189133666,chr3-196081872-196082472,0.0,-170177.0
E2F4,8,pos,ANAPC10,1.73493750489423,chr4-145180379-145180979,0.0,-82088.0
E2F4,8,pos,AFG1L,2.60974581273386,chr6-108117857-108118457,0.0,-176787.0
E2F4,8,pos,AFG1L,1.43871201898879,chr6-108133764-108134364,0.0,-160880.0
E2F4,8,pos,AFG1L,0.806165816786804,chr6-108167345-108167945,0.0,-127299.0
E2F4,8,pos,KHDC1L,0.160976739130939,chr6-73262959-73263559,0.0,-37439.0
E2F4,8,pos,AHCYL2,0.877319946074332,chr7-129169000-129169600,0.0,-55773.0
E2F4,8,pos,AHCYL2,2.1753008727542,chr7-129188255-129188855,0.0,-36518.0
E2F4,8,pos,CLEC2L,1.71803487659667,chr7-139359483-139360083,0.0,-164123.0
E2F4,8,pos,CLEC2L,0.678779206876797,chr7-139482811-139483411,0.0,-40795.0
E2F4,8,pos,KMT2C,1.34267953901477,chr7-152436441-152437041,0.0,-686.0
E2F4,8,pos,KMT2C,1.65139967441704,chr7-152464235-152464835,0.0,-28480.0
E2F4,8,pos,MTSS1,1.13613087447296,chr8-124728335-124728935,0.0,-156.0
E2F4,8,pos,NRBP2,0.791780265277541,chr8-143707126-143707726,0.0,133598.0
E2F4,8,pos,NRBP2,0.70858030005711,chr8-143976977-143977577,0.0,-136253.0
Pax6,8,pos,IQGAP1,0.812380561111304,chr15-90265339-90265939,0.0,-122629.0
Pax6,8,pos,TNK2,2.58898189133666,chr3-196081872-196082472,0.0,-170177.0
Pax6,8,pos,TRIM75P,1.83281281944597,chr4-164902409-164903009,0.882936507936508,-156489.0
Pax6,8,pos,KLRG2,0.739232698948227,chr7-139503295-139503895,0.0,-19833.0
Pax6,8,pos,KLRG2,0.792888257313493,chr7-139623465-139624065,0.0,-140003.0
Pax6,8,pos,CLEC2L,0.691643911390173,chr7-139623465-139624065,0.0,99859.0
Pax6,8,pos,TMEM64,1.22101571117008,chr8-90685530-90686130,0.0,105852.0
MYB,8,pos,ACTA1,1.14493004694314,chr1-229334646-229335246,10.5202821869489,99202.0
MYB,8,pos,ACOX1,0.927660365474339,chr17-76147624-76148224,0.476190476190476,-168511.0
MYB,8,pos,TBC1D17,1.22897427603408,chr19-49929194-49929794,0.0,52019.0
MYB,8,pos,ZNF83,0.839862398660315,chr19-52695890-52696490,0.0,-5644.0
MYB,8,pos,GTDC1,1.06789671616891,chr2-144267842-144268442,0.0,64476.0
MYB,8,pos,STOX2,0.960270300086254,chr4-183610505-183611105,7.60251322751323,-186937.0
MYB,8,pos,KLRG2,0.792888257313493,chr7-139623465-139624065,0.0,-140003.0
MYB,8,pos,CLEC2L,0.691643911390173,chr7-139623465-139624065,0.0,99859.0
MYB,8,pos,MTSS1,2.18266673907099,chr8-124888597-124889197,0.238095238095238,-160418.0
PRDM1,8,pos,ACTA1,1.14493004694314,chr1-229334646-229335246,10.5202821869489,99202.0
PRDM1,8,pos,ZNF695,0.959162991657674,chr1-247055296-247055896,2.75132275132275,-47453.0
PRDM1,8,pos,COTL1,1.87302957850905,chr16-84532199-84532799,0.0,85628.0
PRDM1,8,pos,TP53,0.757083680628488,chr17-7561583-7562183,0.0,125717.0
PRDM1,8,pos,FBXO27,0.813251662051367,chr19-39125410-39126010,0.0,-92875.0
PRDM1,8,pos,TBC1D17,1.15396315916068,chr19-50036835-50037435,1.34259259259259,159660.0
PRDM1,8,pos,TNK2,1.08680340154301,chr3-195862961-195863561,0.0694444444444444,48734.0
PRDM1,8,pos,TRIM75P,0.377090793524623,chr4-164913419-164914019,0.347222222222222,-145479.0
PRDM1,8,pos,TRIM75P,1.13894028539569,chr4-165131147-165131747,1.24007936507936,72249.0
PRDM1,8,pos,STC2,2.0109617216633,chr5-173144670-173145270,0.0,184583.0
PRDM1,8,pos,KLRG2,0.739232698948227,chr7-139503295-139503895,0.0,-19833.0
PRDM1,8,pos,CLEC2L,1.44746060895841,chr7-139620731-139621331,0.0,97125.0
PRDM1,8,pos,KMT2C,1.65139967441704,chr7-152464235-152464835,0.0,-28480.0
ERG,8,pos,ZIC2,1.2661835455918,chr13-99981936-99982536,1.01521164021164,414.0
ERG,8,pos,IQGAP1,0.812380561111304,chr15-90265339-90265939,0.0,-122629.0
ERG,8,pos,TBCD,1.03623372188598,chr17-82917569-82918169,0.148809523809524,165755.0
ERG,8,pos,FN3K,1.50896699688457,chr17-82917569-82918169,0.0,182244.0
ERG,8,pos,MEIS3,0.708365561253988,chr19-47348860-47349460,0.0,70413.0
ERG,8,pos,ZNF83,0.839862398660315,chr19-52695890-52696490,0.0,-5644.0
ERG,8,pos,ZNF83,0.906634008703232,chr19-52734821-52735421,0.0,-44575.0
ERG,8,pos,KHDC1L,0.160976739130939,chr6-73262959-73263559,0.0,-37439.0
ERG,8,pos,KLRG2,0.792888257313493,chr7-139623465-139624065,0.0,-140003.0
ERG,8,pos,CLEC2L,0.691643911390173,chr7-139623465-139624065,0.0,99859.0
ERG,8,pos,DEPTOR,1.44117956498245,chr8-119842924-119843524,0.0,-30543.0
FLI1,8,pos,ZIC2,1.2661835455918,chr13-99981936-99982536,1.01521164021164,414.0
FLI1,8,pos,IQGAP1,0.812380561111304,chr15-90265339-90265939,0.0,-122629.0
FLI1,8,pos,TBCD,1.03623372188598,chr17-82917569-82918169,0.148809523809524,165755.0
FLI1,8,pos,FN3K,1.50896699688457,chr17-82917569-82918169,0.0,182244.0
FLI1,8,pos,MEIS3,0.708365561253988,chr19-47348860-47349460,0.0,70413.0
FLI1,8,pos,ZNF83,0.839862398660315,chr19-52695890-52696490,0.0,-5644.0
FLI1,8,pos,ZNF83,0.906634008703232,chr19-52734821-52735421,0.0,-44575.0
FLI1,8,pos,KHDC1L,0.160976739130939,chr6-73262959-73263559,0.0,-37439.0
FLI1,8,pos,KLRG2,0.792888257313493,chr7-139623465-139624065,0.0,-140003.0
FLI1,8,pos,CLEC2L,0.691643911390173,chr7-139623465-139624065,0.0,99859.0
FLI1,8,pos,DEPTOR,1.44117956498245,chr8-119842924-119843524,0.0,-30543.0
ZIC1,8,pos,NES,0.6363594663719,chr1-156858826-156859426,0.0,-181679.0
ZIC1,8,pos,DENND1B,0.826176918625828,chr1-197775200-197775800,0.0,246.0
ZIC1,8,pos,H3F3A,1.43323409726217,chr1-226100348-226100948,0.545634920634921,38747.0
ZIC1,8,pos,WNT9A,2.56051345568276,chr1-228082329-228082929,0.0,-134681.0
ZIC1,8,pos,FOXR1,2.49392175765486,chr11-118897587-118898187,0.0,-73870.0
ZIC1,8,pos,ZIC2,1.2661835455918,chr13-99981936-99982536,1.01521164021164,414.0
ZIC1,8,pos,IQGAP1,0.812380561111304,chr15-90265339-90265939,0.0,-122629.0
ZIC1,8,pos,FAM174B,0.987895048454548,chr15-92655370-92655970,0.0,154264.0
ZIC1,8,pos,SLC7A6,0.911495579398022,chr16-68328492-68329092,0.0,64226.0
ZIC1,8,pos,COTL1,1.87302957850905,chr16-84532199-84532799,0.0,85628.0
ZIC1,8,pos,TP53,0.757083680628488,chr17-7561583-7562183,0.0,125717.0
ZIC1,8,pos,NPLOC4,0.825655082101072,chr17-81481248-81481848,0.0,166967.0
ZIC1,8,pos,NPLOC4,2.67354570733581,chr17-81523055-81523655,0.0,125160.0
ZIC1,8,pos,TBCD,0.989034981475094,chr17-82697741-82698341,0.0,-54073.0
ZIC1,8,pos,FN3K,1.14137525568724,chr17-82697741-82698341,0.277777777777778,-37584.0
ZIC1,8,pos,TBCD,1.02367544534195,chr17-82698520-82699120,0.0,-53294.0
ZIC1,8,pos,TBCD,0.465716893608041,chr17-82881742-82882342,0.0694444444444444,129928.0
ZIC1,8,pos,FN3K,1.10969228052426,chr17-82881742-82882342,0.60515873015873,146417.0
ZIC1,8,pos,ERCC1,1.03348295220017,chr19-45641971-45642571,0.0,-163393.0
ZIC1,8,pos,CFLAR,3.84760774872413,chr2-200963418-200964018,0.0,-152436.0
ZIC1,8,pos,TRIOBP,0.640303805273643,chr22-37751625-37752225,0.0,54871.0
ZIC1,8,pos,TNK2,1.08680340154301,chr3-195862961-195863561,0.0694444444444444,48734.0
ZIC1,8,pos,TNK2,2.96298949367878,chr3-195894843-195895443,0.0,16852.0
ZIC1,8,pos,TNK2,2.58898189133666,chr3-196081872-196082472,0.0,-170177.0
ZIC1,8,pos,ANAPC10,1.73493750489423,chr4-145180379-145180979,0.0,-82088.0
ZIC1,8,pos,TRIM75P,1.83281281944597,chr4-164902409-164903009,0.882936507936508,-156489.0
ZIC1,8,pos,TRIM75P,1.13894028539569,chr4-165131147-165131747,1.24007936507936,72249.0
ZIC1,8,pos,STC2,2.0109617216633,chr5-173144670-173145270,0.0,184583.0
ZIC1,8,pos,AFG1L,1.43871201898879,chr6-108133764-108134364,0.0,-160880.0
ZIC1,8,pos,AFG1L,2.39033647460866,chr6-108157522-108158122,0.185185185185185,-137122.0
ZIC1,8,pos,KHDC1L,0.160976739130939,chr6-73262959-73263559,0.0,-37439.0
ZIC1,8,pos,CLEC2L,0.807445893367609,chr7-139340993-139341593,0.0,-182613.0
ZIC1,8,pos,CLEC2L,0.678779206876797,chr7-139482811-139483411,0.0,-40795.0
ZIC1,8,pos,ATG9B,0.576205986176088,chr7-151050974-151051574,0.0,-26725.0
ZIC1,8,pos,KMT2C,1.18995948229919,chr7-152342681-152343281,3.75330687830688,93074.0
ZIC1,8,pos,KMT2C,1.34267953901477,chr7-152436441-152437041,0.0,-686.0
ZIC1,8,pos,KMT2C,1.65139967441704,chr7-152464235-152464835,0.0,-28480.0
ZIC1,8,pos,NRBP2,0.791780265277541,chr8-143707126-143707726,0.0,133598.0
ZIC1,8,pos,NRBP2,0.70858030005711,chr8-143976977-143977577,0.0,-136253.0
ZIC1,8,pos,VAV2,2.18175334303829,chr9-134136684-134137284,0.0,-144330.0
ETV1,8,pos,IQGAP1,0.812380561111304,chr15-90265339-90265939,0.0,-122629.0
ETV1,8,pos,TBCD,1.03623372188598,chr17-82917569-82918169,0.148809523809524,165755.0
ETV1,8,pos,FN3K,1.50896699688457,chr17-82917569-82918169,0.0,182244.0
ETV1,8,pos,MEIS3,0.708365561253988,chr19-47348860-47349460,0.0,70413.0
ETV1,8,pos,ZNF83,0.906634008703232,chr19-52734821-52735421,0.0,-44575.0
ETV1,8,pos,AFG1L,2.39033647460866,chr6-108157522-108158122,0.185185185185185,-137122.0
ETV1,8,pos,KHDC1L,0.160976739130939,chr6-73262959-73263559,0.0,-37439.0
ETV1,8,pos,KLRG2,0.792888257313493,chr7-139623465-139624065,0.0,-140003.0
ETV1,8,pos,CLEC2L,0.691643911390173,chr7-139623465-139624065,0.0,99859.0
ETV1,8,pos,DEPTOR,1.44117956498245,chr8-119842924-119843524,0.0,-30543.0
FEV,8,pos,IQGAP1,0.812380561111304,chr15-90265339-90265939,0.0,-122629.0
FEV,8,pos,TBCD,1.03623372188598,chr17-82917569-82918169,0.148809523809524,165755.0
FEV,8,pos,FN3K,1.50896699688457,chr17-82917569-82918169,0.0,182244.0
FEV,8,pos,MEIS3,0.708365561253988,chr19-47348860-47349460,0.0,70413.0
FEV,8,pos,ZNF83,0.906634008703232,chr19-52734821-52735421,0.0,-44575.0
FEV,8,pos,AFG1L,2.39033647460866,chr6-108157522-108158122,0.185185185185185,-137122.0
FEV,8,pos,KHDC1L,0.160976739130939,chr6-73262959-73263559,0.0,-37439.0
FEV,8,pos,KLRG2,0.792888257313493,chr7-139623465-139624065,0.0,-140003.0
FEV,8,pos,CLEC2L,0.691643911390173,chr7-139623465-139624065,0.0,99859.0
FEV,8,pos,DEPTOR,1.44117956498245,chr8-119842924-119843524,0.0,-30543.0
ZEB1,8,pos,DENND1B,0.826176918625828,chr1-197775200-197775800,0.0,246.0
ZEB1,8,pos,H3F3A,1.43323409726217,chr1-226100348-226100948,0.545634920634921,38747.0
ZEB1,8,pos,WNT9A,2.41249730778139,chr1-228109073-228109673,0.0,-161425.0
ZEB1,8,pos,WNT9A,3.29929908628785,chr1-228139800-228140400,0.0,-192152.0
ZEB1,8,pos,ACTA1,1.14493004694314,chr1-229334646-229335246,10.5202821869489,99202.0
ZEB1,8,pos,ZNF695,0.327399464973569,chr1-247078548-247079148,0.0,-70705.0
ZEB1,8,pos,GBF1,0.976181960700608,chr10-102241356-102241956,0.0,-3926.0
ZEB1,8,pos,ARHGAP42,2.85461317198652,chr11-100828238-100828838,0.0,140835.0
ZEB1,8,pos,CADM1,1.0757543917354,chr11-115504235-115504835,0.0,472.0
ZEB1,8,pos,DSCAML1,1.61786644151102,chr11-117796222-117796822,0.0,21053.0
ZEB1,8,pos,FOXR1,2.49392175765486,chr11-118897587-118898187,0.0,-73870.0
ZEB1,8,pos,SPTLC2,0.605129837295616,chr14-77718515-77719115,0.0,-101992.0
ZEB1,8,pos,IVD,1.19154678865957,chr15-40530535-40531135,0.0,124990.0
ZEB1,8,pos,ACOX1,0.927660365474339,chr17-76147624-76148224,0.476190476190476,-168511.0
ZEB1,8,pos,NPLOC4,2.67354570733581,chr17-81523055-81523655,0.0,125160.0
ZEB1,8,pos,FN3K,3.33568946862665,chr17-82615577-82616177,1.9047619047619,-119748.0
ZEB1,8,pos,TBCD,0.989034981475094,chr17-82697741-82698341,0.0,-54073.0
ZEB1,8,pos,FN3K,1.14137525568724,chr17-82697741-82698341,0.277777777777778,-37584.0
ZEB1,8,pos,TBCD,1.02367544534195,chr17-82698520-82699120,0.0,-53294.0
ZEB1,8,pos,BCAT2,0.618952848750648,chr19-48890457-48891057,0.0,-79678.0
ZEB1,8,pos,TNNI3,1.60297137865829,chr19-55083506-55084106,0.0,74017.0
ZEB1,8,pos,GTDC1,1.06789671616891,chr2-144267842-144268442,0.0,64476.0
ZEB1,8,pos,CFLAR,2.32241965162779,chr2-201119919-201120519,4.71009700176367,4065.0
ZEB1,8,pos,CFLAR,0.855241055907737,chr2-201238385-201238985,3.1547619047619,122531.0
ZEB1,8,pos,BIRC6,0.652049564166953,chr2-32380371-32380971,0.0,23593.0
ZEB1,8,pos,TRIOBP,0.640303805273643,chr22-37751625-37752225,0.0,54871.0
ZEB1,8,pos,AMOTL2,1.3784670047649,chr3-134350911-134351511,1.07142857142857,24318.0
ZEB1,8,pos,TNK2,2.83713791046116,chr3-195821226-195821826,0.0,90469.0
ZEB1,8,pos,ANAPC10,1.73493750489423,chr4-145180379-145180979,0.0,-82088.0
ZEB1,8,pos,TRIM75P,1.83281281944597,chr4-164902409-164903009,0.882936507936508,-156489.0
ZEB1,8,pos,TRIM75P,0.312934301567732,chr4-165032795-165033395,2.00396825396825,-26103.0
ZEB1,8,pos,TRIM75P,1.20607176187781,chr4-165063808-165064408,1.76587301587302,4910.0
ZEB1,8,pos,CCNG1,1.80439934675972,chr5-163461416-163462016,0.0,24097.0
ZEB1,8,pos,STC2,2.0109617216633,chr5-173144670-173145270,0.0,184583.0
ZEB1,8,pos,AFG1L,2.60974581273386,chr6-108117857-108118457,0.0,-176787.0
ZEB1,8,pos,AFG1L,2.39033647460866,chr6-108157522-108158122,0.185185185185185,-137122.0
ZEB1,8,pos,CLEC2L,0.990763717329637,chr7-139427124-139427724,0.0,-96482.0
ZEB1,8,pos,CLEC2L,0.678779206876797,chr7-139482811-139483411,0.0,-40795.0
ZEB1,8,pos,CLEC2L,0.594302615627846,chr7-139588536-139589136,0.0,64930.0
ZEB1,8,pos,CLEC2L,1.44746060895841,chr7-139620731-139621331,0.0,97125.0
ZEB1,8,pos,DEPTOR,1.44117956498245,chr8-119842924-119843524,0.0,-30543.0
ZEB1,8,pos,NRBP2,0.791780265277541,chr8-143707126-143707726,0.0,133598.0
ZEB1,8,pos,NRBP2,0.70858030005711,chr8-143976977-143977577,0.0,-136253.0
ZEB1,8,pos,TMEM64,1.22101571117008,chr8-90685530-90686130,0.0,105852.0
ZEB1,8,pos,VAV2,2.18175334303829,chr9-134136684-134137284,0.0,-144330.0
NRF1,8,pos,H3F3A,1.43323409726217,chr1-226100348-226100948,0.545634920634921,38747.0
NRF1,8,pos,WNT9A,2.56051345568276,chr1-228082329-228082929,0.0,-134681.0
NRF1,8,pos,WNT9A,5.57233480555176,chr1-228103046-228103646,0.0,-155398.0
NRF1,8,pos,WNT9A,2.41249730778139,chr1-228109073-228109673,0.0,-161425.0
NRF1,8,pos,WNT9A,3.29929908628785,chr1-228139800-228140400,0.0,-192152.0
NRF1,8,pos,ZNF695,1.15920046052582,chr1-246931678-246932278,0.0,76165.0
NRF1,8,pos,GBF1,0.59533733319042,chr10-102408716-102409316,0.0,163434.0
NRF1,8,pos,CADM1,1.0757543917354,chr11-115504235-115504835,0.0,472.0
NRF1,8,pos,FOXR1,2.49392175765486,chr11-118897587-118898187,0.0,-73870.0
NRF1,8,pos,FOXR1,1.44887128351664,chr11-118925730-118926330,0.0,-45727.0
NRF1,8,pos,FOXR1,0.805217722304366,chr11-119168416-119169016,0.0,196959.0
NRF1,8,pos,ZIC2,1.2661835455918,chr13-99981936-99982536,1.01521164021164,414.0
NRF1,8,pos,AL627171.2,1.12333591760487,chr14-49767794-49768394,0.0,96282.0
NRF1,8,pos,IQGAP1,0.812380561111304,chr15-90265339-90265939,0.0,-122629.0
NRF1,8,pos,FAM174B,0.987895048454548,chr15-92655370-92655970,0.0,154264.0
NRF1,8,pos,TP53,0.757083680628488,chr17-7561583-7562183,0.0,125717.0
NRF1,8,pos,NPLOC4,0.825655082101072,chr17-81481248-81481848,0.0,166967.0
NRF1,8,pos,TBCD,0.989034981475094,chr17-82697741-82698341,0.0,-54073.0
NRF1,8,pos,FN3K,1.14137525568724,chr17-82697741-82698341,0.277777777777778,-37584.0
NRF1,8,pos,MEIS3,0.708365561253988,chr19-47348860-47349460,0.0,70413.0
NRF1,8,pos,TBC1D17,1.22897427603408,chr19-49929194-49929794,0.0,52019.0
NRF1,8,pos,ZNF83,1.37853306778623,chr19-52600925-52601525,0.0,89321.0
NRF1,8,pos,IRS1,0.889495600497612,chr2-226798752-226799352,2.26521164021164,757.0
NRF1,8,pos,TRIOBP,0.796805988339846,chr22-37560170-37560770,0.0,-136584.0
NRF1,8,pos,TRIOBP,0.640303805273643,chr22-37751625-37752225,0.0,54871.0
NRF1,8,pos,TNK2,1.08680340154301,chr3-195862961-195863561,0.0694444444444444,48734.0
NRF1,8,pos,ANAPC10,1.73493750489423,chr4-145180379-145180979,0.0,-82088.0
NRF1,8,pos,AFG1L,2.60974581273386,chr6-108117857-108118457,0.0,-176787.0
NRF1,8,pos,AFG1L,2.39033647460866,chr6-108157522-108158122,0.185185185185185,-137122.0
NRF1,8,pos,AFG1L,0.806165816786804,chr6-108167345-108167945,0.0,-127299.0
NRF1,8,pos,KHDC1L,0.160976739130939,chr6-73262959-73263559,0.0,-37439.0
NRF1,8,pos,AHCYL2,0.877319946074332,chr7-129169000-129169600,0.0,-55773.0
NRF1,8,pos,CLEC2L,1.71803487659667,chr7-139359483-139360083,0.0,-164123.0
NRF1,8,pos,CLEC2L,0.678779206876797,chr7-139482811-139483411,0.0,-40795.0
NRF1,8,pos,CLEC2L,1.44746060895841,chr7-139620731-139621331,0.0,97125.0
NRF1,8,pos,ATG9B,0.576205986176088,chr7-151050974-151051574,0.0,-26725.0
NRF1,8,pos,KMT2C,1.34267953901477,chr7-152436441-152437041,0.0,-686.0
NRF1,8,pos,KMT2C,1.65139967441704,chr7-152464235-152464835,0.0,-28480.0
NRF1,8,pos,MTSS1,1.13613087447296,chr8-124728335-124728935,0.0,-156.0
NRF1,8,pos,NRBP2,0.791780265277541,chr8-143707126-143707726,0.0,133598.0
NRF1,8,pos,NRBP2,0.70858030005711,chr8-143976977-143977577,0.0,-136253.0
NRF1,8,pos,VAV2,2.18175334303829,chr9-134136684-134137284,0.0,-144330.0
PBX3,8,pos,TXNIP,0.836484870780418,chr1-146051257-146051857,0.0,-54907.0
PBX3,8,pos,NES,0.6363594663719,chr1-156858826-156859426,0.0,-181679.0
PBX3,8,pos,WNT9A,3.29929908628785,chr1-228139800-228140400,0.0,-192152.0
PBX3,8,pos,ZNF695,0.327399464973569,chr1-247078548-247079148,0.0,-70705.0
PBX3,8,pos,GBF1,0.976181960700608,chr10-102241356-102241956,0.0,-3926.0
PBX3,8,pos,LCOR,1.10055623993387,chr10-96840798-96841398,0.0,8766.0
PBX3,8,pos,UBAC2,1.20626974033564,chr13-99223921-99224521,5.43650793650794,23397.0
PBX3,8,pos,IVD,1.19154678865957,chr15-40530535-40531135,0.0,124990.0
PBX3,8,pos,NPLOC4,2.67354570733581,chr17-81523055-81523655,0.0,125160.0
PBX3,8,pos,ZNF83,0.839862398660315,chr19-52695890-52696490,0.0,-5644.0
PBX3,8,pos,CFLAR,0.855241055907737,chr2-201238385-201238985,3.1547619047619,122531.0
PBX3,8,pos,TNK2,1.08680340154301,chr3-195862961-195863561,0.0694444444444444,48734.0
PBX3,8,pos,AFG1L,1.43871201898879,chr6-108133764-108134364,0.0,-160880.0
PBX3,8,pos,AHCYL2,0.799868239710247,chr7-129067388-129067988,0.0,-157385.0
PBX3,8,pos,CLEC2L,0.990763717329637,chr7-139427124-139427724,0.0,-96482.0
PBX3,8,pos,KMT2C,1.34267953901477,chr7-152436441-152437041,0.0,-686.0
PBX3,8,pos,NPDC1,1.19802837837721,chr9-136961236-136961836,0.0,84717.0
SIX2,8,pos,ZNF695,0.327399464973569,chr1-247078548-247079148,0.0,-70705.0
SIX2,8,pos,SLC7A6,0.911495579398022,chr16-68328492-68329092,0.0,64226.0
SIX2,8,pos,ZNF83,0.906634008703232,chr19-52734821-52735421,0.0,-44575.0
SIX2,8,pos,GTDC1,1.06789671616891,chr2-144267842-144268442,0.0,64476.0
SIX2,8,pos,GTDC1,1.98828622982658,chr2-144461327-144461927,0.0,-129009.0
SIX2,8,pos,TNK2,2.83713791046116,chr3-195821226-195821826,0.0,90469.0
SIX2,8,pos,STOX2,0.960270300086254,chr4-183610505-183611105,7.60251322751323,-186937.0
SIX2,8,pos,MFSD4B,0.343188502125474,chr6-111089203-111089803,0.208333333333333,-169895.0
SIX2,8,pos,AHCYL2,0.799868239710247,chr7-129067388-129067988,0.0,-157385.0
HIC2,9,pos,NES,0.418965136330725,chr1-156751565-156752165,0.0,-74418.0
HIC2,9,pos,VANGL2,0.818027657890594,chr1-160416311-160416911,4.71230158730159,15975.0
HIC2,9,pos,HNRNPU,2.29803894312659,chr1-244760262-244760862,6.79563492063492,104048.0
HIC2,9,pos,HNRNPU,0.67060265141642,chr1-244891945-244892545,11.2257495590829,-27635.0
HIC2,9,pos,HNRNPU,0.957359728982339,chr1-245042572-245043172,0.0,-178262.0
HIC2,9,pos,TAOK3,0.549615915234229,chr12-118339351-118339951,0.0,33344.0
HIC2,9,pos,CDK2AP1,0.711543610305342,chr12-123388581-123389181,0.0,-116497.0
HIC2,9,pos,LTA4H,0.8794125325108,chr12-96194881-96195481,0.892857142857143,-151611.0
HIC2,9,pos,MEF2A,0.740233547080665,chr15-99588374-99588974,1.38888888888889,23207.0
HIC2,9,pos,ERCC1,1.31862252991931,chr19-45670764-45671364,0.0,-192186.0
HIC2,9,pos,BCAT2,0.917376925039864,chr19-48983358-48983958,0.0,-172579.0
HIC2,9,pos,IRF3,0.873545584575757,chr19-49589909-49590509,0.0,75716.0
HIC2,9,pos,IRF3,1.7922190493518,chr19-49728197-49728797,1.55753968253968,-62572.0
HIC2,9,pos,TNNI3,1.69687282543809,chr19-55004839-55005439,14.8258377425044,152684.0
HIC2,9,pos,TNNI3,1.03452608830172,chr19-55062930-55063530,0.0,94593.0
HIC2,9,pos,TNNI3,1.54790462214121,chr19-55068188-55068788,14.5006613756614,89335.0
HIC2,9,pos,PSMD2,0.779399503911198,chr3-184336194-184336794,0.0,37735.0
HIC2,9,pos,COL7A1,0.666802420587456,chr3-48556797-48557397,0.0,38220.0
HIC2,9,pos,PRDM5,0.734146339319369,chr4-120741594-120742194,2.11309523809524,181026.0
HIC2,9,pos,CD24,1.27452471869937,chr6-106979273-106979873,0.0,-3896.0
HIC2,9,pos,DDX43,0.986772824377742,chr6-73389712-73390312,0.0,-4786.0
HIC2,9,pos,KHDC1L,0.690042998874869,chr6-73389712-73390312,0.0,-164192.0
HIC2,9,pos,TNRC18,1.02308194658803,chr7-5571620-5572220,0.0,-146456.0
RORA,9,pos,H3F3A,0.62592817295446,chr1-226113734-226114334,12.8031305114638,52133.0
RORA,9,pos,HNRNPU,0.67060265141642,chr1-244891945-244892545,11.2257495590829,-27635.0
RORA,9,pos,SLC2A3,1.10384099922775,chr12-7884535-7885135,0.0,51490.0
RORA,9,pos,HSBP1L1,1.15372018735622,chr18-80109428-80110028,0.717592592592593,145117.0
RORA,9,pos,BCAT2,0.917376925039864,chr19-48983358-48983958,0.0,-172579.0
RORA,9,pos,TBC1D17,0.509450213974771,chr19-49677800-49678400,0.555555555555556,-199375.0
RORA,9,pos,IRF3,2.74282070257285,chr19-49677800-49678400,0.0,-12175.0
RORA,9,pos,PSMD2,1.37053701830903,chr3-184466481-184467081,18.2043650793651,168022.0
RORA,9,pos,STOX2,1.63959625685561,chr4-183797302-183797902,0.0,-140.0
RORA,9,pos,TMEM150C,0.724997573964068,chr4-82566317-82566917,2.58928571428571,-4210.0
RORA,9,pos,CD24,1.06215812535948,chr6-106997532-106998132,6.03946208112875,-22155.0
RORA,9,pos,CD24,0.612336638481935,chr6-107154406-107155006,0.0,-179029.0
KLF13,9,pos,HNRNPU,2.29803894312659,chr1-244760262-244760862,6.79563492063492,104048.0
KLF13,9,pos,HNRNPU,0.957359728982339,chr1-245042572-245043172,0.0,-178262.0
KLF13,9,pos,SMC3,1.06367691828497,chr10-110497518-110498118,0.0,-69923.0
KLF13,9,pos,SLC8B1,0.804197877512871,chr12-113161434-113162034,0.0,197809.0
KLF13,9,pos,KREMEN2,1.1358401739598,chr16-2968914-2969514,0.0,5220.0
KLF13,9,pos,ERCC1,1.30717078956491,chr19-45340452-45341052,0.0,138126.0
KLF13,9,pos,ERCC1,0.69159726781229,chr19-45639924-45640524,0.0,-161346.0
KLF13,9,pos,IRF3,0.873545584575757,chr19-49589909-49590509,0.0,75716.0
KLF13,9,pos,TBC1D17,0.509450213974771,chr19-49677800-49678400,0.555555555555556,-199375.0
KLF13,9,pos,IRF3,2.74282070257285,chr19-49677800-49678400,0.0,-12175.0
KLF13,9,pos,TNNI3,1.03452608830172,chr19-55062930-55063530,0.0,94593.0
KLF13,9,pos,TNNI3,1.52368724914502,chr19-55086854-55087454,0.0,70669.0
KLF13,9,pos,SF3B1,2.0067749820493,chr2-197310573-197311173,0.0,124268.0
KLF13,9,pos,PSMD2,1.37053701830903,chr3-184466481-184467081,18.2043650793651,168022.0
KLF13,9,pos,COL7A1,0.666802420587456,chr3-48556797-48557397,0.0,38220.0
KLF13,9,pos,CDK14,0.834000923419085,chr7-90595994-90596594,0.0,129820.0
KLF13,9,pos,GSN,1.0151260167463,chr9-121370060-121370660,0.0,162516.0
KLF13,9,pos,NRARP,0.546042349587495,chr9-137302087-137302687,0.0,-86.0
KLF13,9,pos,NRARP,0.859312025573233,chr9-137436008-137436608,0.793650793650794,-134007.0
EGR2,9,pos,NES,0.326707630624174,chr1-156641769-156642369,0.0,35378.0
EGR2,9,pos,NES,1.3402670510801,chr1-156659905-156660505,0.0,17242.0
EGR2,9,pos,HNRNPU,3.09157169841729,chr1-244730258-244730858,2.68518518518519,134052.0
EGR2,9,pos,SMC3,1.06367691828497,chr10-110497518-110498118,0.0,-69923.0
EGR2,9,pos,SLC8B1,0.804197877512871,chr12-113161434-113162034,0.0,197809.0
EGR2,9,pos,CDK2AP1,0.711543610305342,chr12-123388581-123389181,0.0,-116497.0
EGR2,9,pos,CDK2AP1,1.0820417839092,chr12-123436485-123437085,0.0,-164401.0
EGR2,9,pos,DYNC1H1,2.47644693566111,chr14-101964170-101964770,0.0,-108.0
EGR2,9,pos,IQGAP1,0.981013554021916,chr15-90387885-90388485,0.396825396825397,-83.0
EGR2,9,pos,KREMEN2,1.1358401739598,chr16-2968914-2969514,0.0,5220.0
EGR2,9,pos,HAS3,0.711199033757425,chr16-69131969-69132569,0.0,26655.0
EGR2,9,pos,HSBP1L1,1.09342412353592,chr18-79898937-79899537,0.740740740740741,-65374.0
EGR2,9,pos,HSBP1L1,1.15372018735622,chr18-80109428-80110028,0.717592592592593,145117.0
EGR2,9,pos,ERCC1,1.30717078956491,chr19-45340452-45341052,0.0,138126.0
EGR2,9,pos,ERCC1,1.31862252991931,chr19-45670764-45671364,0.0,-192186.0
EGR2,9,pos,IRF3,0.873545584575757,chr19-49589909-49590509,0.0,75716.0
EGR2,9,pos,PSMD2,0.779399503911198,chr3-184336194-184336794,0.0,37735.0
EGR2,9,pos,PSMD2,1.37053701830903,chr3-184466481-184467081,18.2043650793651,168022.0
EGR2,9,pos,COL7A1,0.666802420587456,chr3-48556797-48557397,0.0,38220.0
EGR2,9,pos,STOX2,1.63959625685561,chr4-183797302-183797902,0.0,-140.0
EGR2,9,pos,CD24,1.27452471869937,chr6-106979273-106979873,0.0,-3896.0
EGR2,9,pos,TSPAN13,0.904968040823051,chr7-16645509-16646109,1.91137566137566,-107776.0
EGR2,9,pos,CDK14,0.834000923419085,chr7-90595994-90596594,0.0,129820.0
EGR2,9,pos,NRARP,0.771885875129346,chr9-137138954-137139554,0.0,163047.0
EGR2,9,pos,NRARP,0.639660749754702,chr9-137156828-137157428,0.0,145173.0
EGR2,9,pos,NRARP,0.546042349587495,chr9-137302087-137302687,0.0,-86.0
EGR2,9,pos,NRARP,0.475628418279286,chr9-137315907-137316507,0.238095238095238,-13906.0
EGR2,9,pos,NRARP,0.890037057423189,chr9-137417472-137418072,0.123456790123457,-115471.0
EGR2,9,pos,NRARP,0.859312025573233,chr9-137436008-137436608,0.793650793650794,-134007.0
EGR1,9,pos,GPR89A,0.900410478892,chr1-145764436-145765036,1.88822751322751,156696.0
EGR1,9,pos,NES,0.326707630624174,chr1-156641769-156642369,0.0,35378.0
EGR1,9,pos,NES,0.418965136330725,chr1-156751565-156752165,0.0,-74418.0
EGR1,9,pos,HNRNPU,3.09157169841729,chr1-244730258-244730858,2.68518518518519,134052.0
EGR1,9,pos,HNRNPU,1.31845164436519,chr1-244829079-244829679,25.4552469135802,35231.0
EGR1,9,pos,SMC3,1.06367691828497,chr10-110497518-110498118,0.0,-69923.0
EGR1,9,pos,GNPTAB,0.598291935046664,chr12-101739220-101739820,0.753968253968254,91468.0
EGR1,9,pos,SLC8B1,0.804197877512871,chr12-113161434-113162034,0.0,197809.0
EGR1,9,pos,CDK2AP1,1.01366887432504,chr12-123271585-123272185,0.0,499.0
EGR1,9,pos,DYNC1H1,2.47644693566111,chr14-101964170-101964770,0.0,-108.0
EGR1,9,pos,IQGAP1,0.981013554021916,chr15-90387885-90388485,0.396825396825397,-83.0
EGR1,9,pos,KREMEN2,1.1358401739598,chr16-2968914-2969514,0.0,5220.0
EGR1,9,pos,HAS3,0.711199033757425,chr16-69131969-69132569,0.0,26655.0
EGR1,9,pos,HSBP1L1,1.15372018735622,chr18-80109428-80110028,0.717592592592593,145117.0
EGR1,9,pos,ERCC1,1.30717078956491,chr19-45340452-45341052,0.0,138126.0
EGR1,9,pos,IRF3,0.873545584575757,chr19-49589909-49590509,0.0,75716.0
EGR1,9,pos,TNNI3,1.03452608830172,chr19-55062930-55063530,0.0,94593.0
EGR1,9,pos,KIF1A,0.816056323829772,chr2-240914234-240914834,7.92328042328042,-94176.0
EGR1,9,pos,EFR3B,1.0112461059726,chr2-24919744-24920344,0.0,-122136.0
EGR1,9,pos,PSMD2,1.37053701830903,chr3-184466481-184467081,18.2043650793651,168022.0
EGR1,9,pos,COL7A1,0.666802420587456,chr3-48556797-48557397,0.0,38220.0
EGR1,9,pos,STOX2,1.63959625685561,chr4-183797302-183797902,0.0,-140.0
EGR1,9,pos,STOX2,0.76955028894555,chr4-183905426-183906026,0.0,107984.0
EGR1,9,pos,NRN1,1.48237349172005,chr6-5999313-5999913,0.0,8042.0
EGR1,9,pos,TSPAN13,0.904968040823051,chr7-16645509-16646109,1.91137566137566,-107776.0
EGR1,9,pos,CDK14,0.834000923419085,chr7-90595994-90596594,0.0,129820.0
EGR1,9,pos,NRARP,0.771885875129346,chr9-137138954-137139554,0.0,163047.0
EGR1,9,pos,NRARP,0.65963664862451,chr9-137295208-137295808,0.0,6793.0
EGR1,9,pos,NRARP,0.546042349587495,chr9-137302087-137302687,0.0,-86.0
EGR1,9,pos,NRARP,0.475628418279286,chr9-137315907-137316507,0.238095238095238,-13906.0
EGR1,9,pos,NRARP,0.859312025573233,chr9-137436008-137436608,0.793650793650794,-134007.0
ALX3,9,pos,H3F3A,0.62592817295446,chr1-226113734-226114334,12.8031305114638,52133.0
ALX3,9,pos,IRF3,1.7922190493518,chr19-49728197-49728797,1.55753968253968,-62572.0
ALX3,9,pos,AC068282.1,1.35657347642681,chr2-127196804-127197404,0.0,-192076.0
ALX3,9,pos,AMOTL2,1.66993719423831,chr3-134350911-134351511,0.447530864197531,24318.0
ALX3,9,pos,PSMD2,0.953753667899827,chr3-184183938-184184538,2.94642857142857,-114521.0
ALX3,9,pos,DDX43,0.986772824377742,chr6-73389712-73390312,0.0,-4786.0
ALX3,9,pos,KHDC1L,0.690042998874869,chr6-73389712-73390312,0.0,-164192.0
BARHL2,9,pos,H3F3A,0.62592817295446,chr1-226113734-226114334,12.8031305114638,52133.0
BARHL2,9,pos,HNRNPU,0.957359728982339,chr1-245042572-245043172,0.0,-178262.0
BARHL2,9,pos,AC068282.1,1.35657347642681,chr2-127196804-127197404,0.0,-192076.0
BARHL2,9,pos,SPP1,0.816422217799716,chr4-87973213-87973813,0.0,-2187.0
BARHL2,9,pos,SP8,0.766139008942337,chr7-20816494-20817094,0.0,-29858.0
EGR3,9,pos,FBXO2,0.86280357013526,chr1-11690591-11691191,0.0,-35056.0
EGR3,9,pos,NES,0.650947174751882,chr1-156591467-156592067,0.0,85680.0
EGR3,9,pos,NES,0.326707630624174,chr1-156641769-156642369,0.0,35378.0
EGR3,9,pos,NES,1.3402670510801,chr1-156659905-156660505,0.0,17242.0
EGR3,9,pos,NES,0.418965136330725,chr1-156751565-156752165,0.0,-74418.0
EGR3,9,pos,HNRNPU,3.09157169841729,chr1-244730258-244730858,2.68518518518519,134052.0
EGR3,9,pos,HNRNPU,1.31845164436519,chr1-244829079-244829679,25.4552469135802,35231.0
EGR3,9,pos,SMC3,1.06367691828497,chr10-110497518-110498118,0.0,-69923.0
EGR3,9,pos,SMC3,0.947309799783719,chr10-110501160-110501760,0.238095238095238,-66281.0
EGR3,9,pos,SMC3,1.00560409605513,chr10-110567853-110568453,0.0,412.0
EGR3,9,pos,GNPTAB,0.598291935046664,chr12-101739220-101739820,0.753968253968254,91468.0
EGR3,9,pos,SLC8B1,0.804197877512871,chr12-113161434-113162034,0.0,197809.0
EGR3,9,pos,CDK2AP1,1.01366887432504,chr12-123271585-123272185,0.0,499.0
EGR3,9,pos,CDK2AP1,1.0820417839092,chr12-123436485-123437085,0.0,-164401.0
EGR3,9,pos,IQGAP1,0.981013554021916,chr15-90387885-90388485,0.396825396825397,-83.0
EGR3,9,pos,KREMEN2,1.1358401739598,chr16-2968914-2969514,0.0,5220.0
EGR3,9,pos,HAS3,0.711199033757425,chr16-69131969-69132569,0.0,26655.0
EGR3,9,pos,HSBP1L1,1.15372018735622,chr18-80109428-80110028,0.717592592592593,145117.0
EGR3,9,pos,ERCC1,1.30717078956491,chr19-45340452-45341052,0.0,138126.0
EGR3,9,pos,ERCC1,1.31862252991931,chr19-45670764-45671364,0.0,-192186.0
EGR3,9,pos,BCAT2,1.11504093900696,chr19-48962995-48963595,0.0,-152216.0
EGR3,9,pos,IRF3,1.65378679211846,chr19-49555814-49556414,0.0,109811.0
EGR3,9,pos,IRF3,0.873545584575757,chr19-49589909-49590509,0.0,75716.0
EGR3,9,pos,TBC1D17,0.509450213974771,chr19-49677800-49678400,0.555555555555556,-199375.0
EGR3,9,pos,IRF3,2.74282070257285,chr19-49677800-49678400,0.0,-12175.0
EGR3,9,pos,TNNI3,1.03452608830172,chr19-55062930-55063530,0.0,94593.0
EGR3,9,pos,TNNI3,1.52368724914502,chr19-55086854-55087454,0.0,70669.0
EGR3,9,pos,SF3B1,2.0067749820493,chr2-197310573-197311173,0.0,124268.0
EGR3,9,pos,KIF1A,1.03350960418486,chr2-240819954-240820554,23.7996031746032,104.0
EGR3,9,pos,KIF1A,0.816056323829772,chr2-240914234-240914834,7.92328042328042,-94176.0
EGR3,9,pos,PSMD2,0.779399503911198,chr3-184336194-184336794,0.0,37735.0
EGR3,9,pos,PSMD2,1.37053701830903,chr3-184466481-184467081,18.2043650793651,168022.0
EGR3,9,pos,COL7A1,0.666802420587456,chr3-48556797-48557397,0.0,38220.0
EGR3,9,pos,PRDM5,0.734146339319369,chr4-120741594-120742194,2.11309523809524,181026.0
EGR3,9,pos,STOX2,1.63959625685561,chr4-183797302-183797902,0.0,-140.0
EGR3,9,pos,NRN1,1.48237349172005,chr6-5999313-5999913,0.0,8042.0
EGR3,9,pos,TSPAN13,0.904968040823051,chr7-16645509-16646109,1.91137566137566,-107776.0
EGR3,9,pos,CDK14,0.834000923419085,chr7-90595994-90596594,0.0,129820.0
EGR3,9,pos,NRARP,0.771885875129346,chr9-137138954-137139554,0.0,163047.0
EGR3,9,pos,NRARP,0.546042349587495,chr9-137302087-137302687,0.0,-86.0
EGR3,9,pos,NRARP,0.475628418279286,chr9-137315907-137316507,0.238095238095238,-13906.0
EGR3,9,pos,NRARP,0.890037057423189,chr9-137417472-137418072,0.123456790123457,-115471.0
EGR3,9,pos,NRARP,0.859312025573233,chr9-137436008-137436608,0.793650793650794,-134007.0
KLF14,9,pos,FBXO2,0.86280357013526,chr1-11690591-11691191,0.0,-35056.0
KLF14,9,pos,NES,0.650947174751882,chr1-156591467-156592067,0.0,85680.0
KLF14,9,pos,NES,0.326707630624174,chr1-156641769-156642369,0.0,35378.0
KLF14,9,pos,NES,1.3402670510801,chr1-156659905-156660505,0.0,17242.0
KLF14,9,pos,NES,0.193492354495305,chr1-156695088-156695688,0.0,-17941.0
KLF14,9,pos,H3F3A,1.37371143855409,chr1-225945396-225945996,0.476190476190476,-116205.0
KLF14,9,pos,HNRNPU,2.29803894312659,chr1-244760262-244760862,6.79563492063492,104048.0
KLF14,9,pos,HNRNPU,1.31845164436519,chr1-244829079-244829679,25.4552469135802,35231.0
KLF14,9,pos,HNRNPU,0.67060265141642,chr1-244891945-244892545,11.2257495590829,-27635.0
KLF14,9,pos,HNRNPU,0.957359728982339,chr1-245042572-245043172,0.0,-178262.0
KLF14,9,pos,MARCKSL1,0.46804286541625,chr1-32201334-32201934,0.0,134795.0
KLF14,9,pos,SMC3,1.06367691828497,chr10-110497518-110498118,0.0,-69923.0
KLF14,9,pos,SMC3,0.947309799783719,chr10-110501160-110501760,0.238095238095238,-66281.0
KLF14,9,pos,GNPTAB,0.598291935046664,chr12-101739220-101739820,0.753968253968254,91468.0
KLF14,9,pos,SLC8B1,0.804197877512871,chr12-113161434-113162034,0.0,197809.0
KLF14,9,pos,CDK2AP1,0.711543610305342,chr12-123388581-123389181,0.0,-116497.0
KLF14,9,pos,ALKBH1,1.30832307675461,chr14-77814746-77815346,0.0,-106976.0
KLF14,9,pos,IQGAP1,0.981013554021916,chr15-90387885-90388485,0.396825396825397,-83.0
KLF14,9,pos,KREMEN2,1.1358401739598,chr16-2968914-2969514,0.0,5220.0
KLF14,9,pos,HSBP1L1,1.15372018735622,chr18-80109428-80110028,0.717592592592593,145117.0
KLF14,9,pos,ERCC1,1.30717078956491,chr19-45340452-45341052,0.0,138126.0
KLF14,9,pos,ERCC1,0.69159726781229,chr19-45639924-45640524,0.0,-161346.0
KLF14,9,pos,ERCC1,1.31862252991931,chr19-45670764-45671364,0.0,-192186.0
KLF14,9,pos,BCAT2,1.11504093900696,chr19-48962995-48963595,0.0,-152216.0
KLF14,9,pos,IRF3,2.34874880450439,chr19-49527630-49528230,0.0,137995.0
KLF14,9,pos,IRF3,1.65378679211846,chr19-49555814-49556414,0.0,109811.0
KLF14,9,pos,IRF3,0.873545584575757,chr19-49589909-49590509,0.0,75716.0
KLF14,9,pos,TBC1D17,0.509450213974771,chr19-49677800-49678400,0.555555555555556,-199375.0
KLF14,9,pos,IRF3,2.74282070257285,chr19-49677800-49678400,0.0,-12175.0
KLF14,9,pos,TNNI3,1.03452608830172,chr19-55062930-55063530,0.0,94593.0
KLF14,9,pos,TNNI3,1.52368724914502,chr19-55086854-55087454,0.0,70669.0
KLF14,9,pos,SF3B1,2.0067749820493,chr2-197310573-197311173,0.0,124268.0
KLF14,9,pos,RIN2,0.641758199881773,chr20-19697328-19697928,0.37037037037037,-188943.0
KLF14,9,pos,PSMD2,1.37053701830903,chr3-184466481-184467081,18.2043650793651,168022.0
KLF14,9,pos,COL7A1,0.666802420587456,chr3-48556797-48557397,0.0,38220.0
KLF14,9,pos,PRDM5,0.734146339319369,chr4-120741594-120742194,2.11309523809524,181026.0
KLF14,9,pos,SMARCAD1,0.840871313643006,chr4-94166950-94167550,0.0,-40411.0
KLF14,9,pos,TRIP6,2.11672872911376,chr7-100866963-100867563,0.0,75.0
KLF14,9,pos,CDK14,0.834000923419085,chr7-90595994-90596594,0.0,129820.0
KLF14,9,pos,GSN,1.0151260167463,chr9-121370060-121370660,0.0,162516.0
KLF14,9,pos,NRARP,0.639660749754702,chr9-137156828-137157428,0.0,145173.0
KLF14,9,pos,NRARP,0.65963664862451,chr9-137295208-137295808,0.0,6793.0
KLF14,9,pos,NRARP,0.546042349587495,chr9-137302087-137302687,0.0,-86.0
KLF14,9,pos,NRARP,0.475628418279286,chr9-137315907-137316507,0.238095238095238,-13906.0
KLF14,9,pos,NRARP,0.890037057423189,chr9-137417472-137418072,0.123456790123457,-115471.0
KLF14,9,pos,NRARP,0.859312025573233,chr9-137436008-137436608,0.793650793650794,-134007.0
REL,9,pos,MARCKSL1,0.46804286541625,chr1-32201334-32201934,0.0,134795.0
REL,9,pos,SMC3,1.06367691828497,chr10-110497518-110498118,0.0,-69923.0
REL,9,pos,CDK2AP1,2.22875715108024,chr12-123130150-123130750,21.3536155202822,141934.0
REL,9,pos,CDK2AP1,1.0820417839092,chr12-123436485-123437085,0.0,-164401.0
REL,9,pos,DYNC1H1,0.473857369685287,chr14-102096434-102097034,0.0,132156.0
REL,9,pos,IQGAP1,0.981013554021916,chr15-90387885-90388485,0.396825396825397,-83.0
REL,9,pos,KREMEN2,1.1358401739598,chr16-2968914-2969514,0.0,5220.0
REL,9,pos,PLLP,0.78965231589875,chr16-57204566-57205166,0.871913580246914,79871.0
REL,9,pos,IRF3,1.65378679211846,chr19-49555814-49556414,0.0,109811.0
REL,9,pos,TNNI3,1.52368724914502,chr19-55086854-55087454,0.0,70669.0
REL,9,pos,PITPNB,1.03457118107346,chr22-27726285-27726885,0.0,193599.0
REL,9,pos,GAP43,1.08234444097351,chr3-115814640-115815240,0.0,191566.0
REL,9,pos,PSMD2,1.37053701830903,chr3-184466481-184467081,18.2043650793651,168022.0
REL,9,pos,TMEM150C,0.724997573964068,chr4-82566317-82566917,2.58928571428571,-4210.0
REL,9,pos,CITED2,1.29400576616069,chr6-139367670-139368270,19.9470899470899,6700.0
REL,9,pos,DDX43,0.986772824377742,chr6-73389712-73390312,0.0,-4786.0
REL,9,pos,KHDC1L,0.690042998874869,chr6-73389712-73390312,0.0,-164192.0
REL,9,pos,NRARP,0.546042349587495,chr9-137302087-137302687,0.0,-86.0
HSF2,0,neg,GNPTAB,-1.31794391441397,chr12-101698130-101698730,31.2885802469136,132558.0
HSF2,0,neg,CLIP1,-1.17433600884131,chr12-122399377-122399977,13.8844797178131,23005.0
HSF2,0,neg,KIF21A,-0.721218023583357,chr12-39442379-39442979,33.1834215167549,761.0
HSF2,0,neg,MFGE8,-0.965201473270624,chr15-89057384-89057984,5.625,-144223.0
HSF2,0,neg,MLKL,-0.869166499120578,chr16-74701857-74702457,30.6117724867725,-1147.0
HSF2,0,neg,RAB31,-1.06452465952984,chr18-9868942-9869542,20.951278659612,161027.0
HSF2,0,neg,SALL4,-0.85267076474017,chr20-51966202-51966802,7.336860670194,-163932.0
HSF2,0,neg,STOX2,-1.86838455694756,chr4-183604973-183605573,30.8675044091711,-192469.0
HSF2,0,neg,GJA1,-0.758350301382498,chr6-121618903-121619503,3.01587301587302,183461.0
HSF2,0,neg,NR6A1,-1.19732602617205,chr9-124590826-124591426,31.3205467372134,180234.0
GLI2,0,neg,ESRRA,-1.55204074491954,chr11-64276603-64277203,32.5396825396825,-28719.0
GLI2,0,neg,GNPTAB,-1.71947121081349,chr12-101822482-101823082,43.0467372134039,8206.0
GLI2,0,neg,CLIP1,-1.17433600884131,chr12-122399377-122399977,13.8844797178131,23005.0
GLI2,0,neg,CA4,-1.18748321642946,chr17-60151250-60151850,12.8593474426808,1564.0
GLI2,0,neg,SF3B1,-0.760690945606784,chr2-197591768-197592368,8.75110229276896,-156927.0
GLI2,0,neg,KIF1A,-1.33903235332402,chr2-240672570-240673170,21.8827160493827,147488.0
GLI2,0,neg,NCOA1,-1.59243922654996,chr2-24342220-24342820,31.5321869488536,-149444.0
GLI2,0,neg,ANAPC10,-1.02423248095073,chr4-145196320-145196920,44.0299823633157,-98029.0
GLI2,0,neg,STOX2,-1.86838455694756,chr4-183604973-183605573,30.8675044091711,-192469.0
GLI2,0,neg,GJA1,-0.786988700281734,chr6-121547137-121547737,1.42857142857143,111695.0
GLI2,0,neg,GJA1,-0.758350301382498,chr6-121618903-121619503,3.01587301587302,183461.0
GLI2,0,neg,DDX43,-1.82189572491197,chr6-73225228-73225828,25.8267195767196,-169270.0
GLI2,0,neg,KHDC1L,-2.1676909402251,chr6-73225228-73225828,21.2962962962963,292.0
EVX1,0,neg,SPECC1L,-0.723776290429081,chr22-24315611-24316211,24.3716931216931,45044.0
EVX1,0,neg,GJA1,-0.887716166580583,chr6-121438214-121438814,1.97751322751323,2772.0
EVX1,0,neg,DDX43,-1.82189572491197,chr6-73225228-73225828,25.8267195767196,-169270.0
EVX1,0,neg,KHDC1L,-2.1676909402251,chr6-73225228-73225828,21.2962962962963,292.0
EVX1,0,neg,NR6A1,-1.19732602617205,chr9-124590826-124591426,31.3205467372134,180234.0
NKX2-8,0,neg,NAA25,-0.748220436517313,chr12-112025859-112026459,30.8730158730159,82913.0
NKX2-8,0,neg,NAA25,-0.949947780648546,chr12-112137035-112137635,29.3816137566138,-28263.0
NKX2-8,0,neg,CLIP1,-0.885025028077687,chr12-122421884-122422484,13.3134920634921,498.0
NKX2-8,0,neg,SF3B1,-0.760690945606784,chr2-197591768-197592368,8.75110229276896,-156927.0
NKX2-8,0,neg,KIF1A,-1.33903235332402,chr2-240672570-240673170,21.8827160493827,147488.0
NKX2-8,0,neg,KIF1A,-1.28509267032224,chr2-240701069-240701669,32.0987654320988,118989.0
NKX2-8,0,neg,NCOA1,-1.59243922654996,chr2-24342220-24342820,31.5321869488536,-149444.0
NKX2-8,0,neg,NCOA1,-1.55257707080314,chr2-24402584-24403184,44.2096560846561,-89080.0
NKX2-8,0,neg,GJA1,-0.884049824642293,chr6-121479962-121480562,11.3392857142857,44520.0
NKX2-3,0,neg,NAA25,-0.748220436517313,chr12-112025859-112026459,30.8730158730159,82913.0
NKX2-3,0,neg,NAA25,-0.949947780648546,chr12-112137035-112137635,29.3816137566138,-28263.0
NKX2-3,0,neg,CLIP1,-0.885025028077687,chr12-122421884-122422484,13.3134920634921,498.0
NKX2-3,0,neg,CCDC77,-0.888041340169512,chr12-453683-454283,19.2294973544974,64660.0
NKX2-3,0,neg,KIF1A,-1.33903235332402,chr2-240672570-240673170,21.8827160493827,147488.0
NKX2-3,0,neg,NCOA1,-1.55257707080314,chr2-24402584-24403184,44.2096560846561,-89080.0
NKX2-3,0,neg,SALL4,-0.85267076474017,chr20-51966202-51966802,7.336860670194,-163932.0
NKX2-3,0,neg,GJA1,-0.884049824642293,chr6-121479962-121480562,11.3392857142857,44520.0
E2F7,0,neg,NAA25,-0.748220436517313,chr12-112025859-112026459,30.8730158730159,82913.0
E2F7,0,neg,GRHL1,-0.72336944660423,chr2-10043707-10044307,3.67283950617284,92264.0
E2F7,0,neg,KIF1A,-0.922821578337756,chr2-240819954-240820554,22.4647266313933,104.0
E2F7,0,neg,ANAPC10,-1.02423248095073,chr4-145196320-145196920,44.0299823633157,-98029.0
E2F7,0,neg,GJA1,-0.786988700281734,chr6-121547137-121547737,1.42857142857143,111695.0
E2F7,0,neg,AHCYL2,-1.20926924873797,chr7-129266079-129266679,34.2989417989418,41306.0
E2F7,0,neg,CHCHD3,-0.919202325984988,chr7-133181609-133182209,39.8335537918871,-99771.0
E2F7,0,neg,ZYX,-0.749847521218689,chr7-143490607-143491207,1.57407407407407,109777.0
JUNB(var.2),0,neg,TBCD,-0.781044105370425,chr17-82716369-82716969,6.56415343915344,-35445.0
JUNB(var.2),0,neg,GRHL1,-0.72336944660423,chr2-10043707-10044307,3.67283950617284,92264.0
JUNB(var.2),0,neg,KIF1A,-0.922821578337756,chr2-240819954-240820554,22.4647266313933,104.0
JUNB(var.2),0,neg,SALL4,-0.85267076474017,chr20-51966202-51966802,7.336860670194,-163932.0
FOSL2::JUN(var.2),0,neg,VANGL2,-0.942002093595113,chr1-160416311-160416911,14.076278659612,15975.0
FOSL2::JUN(var.2),0,neg,TBCD,-0.781044105370425,chr17-82716369-82716969,6.56415343915344,-35445.0
FOSL2::JUN(var.2),0,neg,GRHL1,-0.72336944660423,chr2-10043707-10044307,3.67283950617284,92264.0
FOSL2::JUN(var.2),0,neg,KIF1A,-0.922821578337756,chr2-240819954-240820554,22.4647266313933,104.0
FOSL2::JUN(var.2),0,neg,SALL4,-0.85267076474017,chr20-51966202-51966802,7.336860670194,-163932.0
FOSL2::JUN(var.2),0,neg,SPECC1L,-0.723776290429081,chr22-24315611-24316211,24.3716931216931,45044.0
MEOX1,0,neg,SPECC1L,-0.723776290429081,chr22-24315611-24316211,24.3716931216931,45044.0
MEOX1,0,neg,GJA1,-0.887716166580583,chr6-121438214-121438814,1.97751322751323,2772.0
MEOX1,0,neg,DDX43,-1.82189572491197,chr6-73225228-73225828,25.8267195767196,-169270.0
MEOX1,0,neg,KHDC1L,-2.1676909402251,chr6-73225228-73225828,21.2962962962963,292.0
MEOX1,0,neg,NR6A1,-1.19732602617205,chr9-124590826-124591426,31.3205467372134,180234.0
FOSB::JUNB(var.2),0,neg,TBCD,-0.781044105370425,chr17-82716369-82716969,6.56415343915344,-35445.0
FOSB::JUNB(var.2),0,neg,GRHL1,-0.72336944660423,chr2-10043707-10044307,3.67283950617284,92264.0
FOSB::JUNB(var.2),0,neg,KIF1A,-0.922821578337756,chr2-240819954-240820554,22.4647266313933,104.0
FOSB::JUNB(var.2),0,neg,SALL4,-0.85267076474017,chr20-51966202-51966802,7.336860670194,-163932.0
FOSB::JUNB(var.2),0,neg,SPECC1L,-0.723776290429081,chr22-24315611-24316211,24.3716931216931,45044.0
GCM1,0,neg,KIF21A,-0.721218023583357,chr12-39442379-39442979,33.1834215167549,761.0
GCM1,0,neg,NMB,-0.850252005770278,chr15-84658067-84658667,6.12985008818342,246.0
GCM1,0,neg,SF3B1,-0.816033898935902,chr2-197498513-197499113,9.09722222222222,-63672.0
GCM1,0,neg,NCOA1,-1.55257707080314,chr2-24402584-24403184,44.2096560846561,-89080.0
GCM1,0,neg,SPECC1L,-0.723776290429081,chr22-24315611-24316211,24.3716931216931,45044.0
GCM1,0,neg,GJA1,-0.887716166580583,chr6-121438214-121438814,1.97751322751323,2772.0
GCM1,0,neg,NRBP2,-0.717670912884458,chr8-143733540-143734140,7.91887125220459,107184.0
HNF4G,0,neg,SOAT1,-1.08277610626152,chr1-179366328-179366928,12.0943562610229,72864.0
HNF4G,0,neg,NAA25,-0.748220436517313,chr12-112025859-112026459,30.8730158730159,82913.0
HNF4G,0,neg,CLIP1,-1.17433600884131,chr12-122399377-122399977,13.8844797178131,23005.0
HNF4G,0,neg,FAM174B,-1.16670491953186,chr15-92876913-92877513,26.2742504409171,-67279.0
HNF4G,0,neg,KREMEN2,-0.822901065055802,chr16-2881986-2882586,16.031746031746,-81708.0
HNF4G,0,neg,KREMEN2,-1.83005980508515,chr16-2968174-2968774,27.0138888888889,4480.0
HNF4G,0,neg,RAB31,-1.06452465952984,chr18-9868942-9869542,20.951278659612,161027.0
HNF4G,0,neg,NCOA1,-1.59243922654996,chr2-24342220-24342820,31.5321869488536,-149444.0
HNF4G,0,neg,STOX2,-1.37428061838511,chr4-183635268-183635868,19.2195767195767,-162174.0
HNF4G,0,neg,DDX43,-1.82189572491197,chr6-73225228-73225828,25.8267195767196,-169270.0
HNF4G,0,neg,KHDC1L,-2.1676909402251,chr6-73225228-73225828,21.2962962962963,292.0
HNF4G,0,neg,ZYX,-0.749847521218689,chr7-143490607-143491207,1.57407407407407,109777.0
HNF4G,0,neg,NRBP2,-0.717670912884458,chr8-143733540-143734140,7.91887125220459,107184.0
IRF7,0,neg,NAA25,-0.748220436517313,chr12-112025859-112026459,30.8730158730159,82913.0
IRF7,0,neg,CLIP1,-1.17433600884131,chr12-122399377-122399977,13.8844797178131,23005.0
IRF7,0,neg,MFGE8,-0.965201473270624,chr15-89057384-89057984,5.625,-144223.0
IRF7,0,neg,KREMEN2,-0.981551163137191,chr16-3158409-3159009,2.23324514991182,194715.0
IRF7,0,neg,CA4,-1.18748321642946,chr17-60151250-60151850,12.8593474426808,1564.0
IRF7,0,neg,SF3B1,-0.816033898935902,chr2-197498513-197499113,9.09722222222222,-63672.0
IRF7,0,neg,STOX2,-1.86838455694756,chr4-183604973-183605573,30.8675044091711,-192469.0
IRF7,0,neg,GJA1,-0.884049824642293,chr6-121479962-121480562,11.3392857142857,44520.0
IRF7,0,neg,NFX1,-1.39192177559658,chr9-33374787-33375387,32.7281746031746,84526.0
FOSL1::JUN(var.2),0,neg,TBCD,-0.781044105370425,chr17-82716369-82716969,6.56415343915344,-35445.0
FOSL1::JUN(var.2),0,neg,GRHL1,-0.72336944660423,chr2-10043707-10044307,3.67283950617284,92264.0
FOSL1::JUN(var.2),0,neg,KIF1A,-0.922821578337756,chr2-240819954-240820554,22.4647266313933,104.0
FOSL1::JUN(var.2),0,neg,SALL4,-0.85267076474017,chr20-51966202-51966802,7.336860670194,-163932.0
SPIB,0,neg,SOAT1,-1.08277610626152,chr1-179366328-179366928,12.0943562610229,72864.0
SPIB,0,neg,MRPL48,-0.838831723465399,chr11-73671705-73672305,12.9949294532628,-115361.0
SPIB,0,neg,GNPTAB,-1.31794391441397,chr12-101698130-101698730,31.2885802469136,132558.0
SPIB,0,neg,HRK,-2.11177554964718,chr12-116855622-116856222,15.8057760141093,25569.0
SPIB,0,neg,CLIP1,-0.885025028077687,chr12-122421884-122422484,13.3134920634921,498.0
SPIB,0,neg,NMB,-0.674042379359056,chr15-84587882-84588482,3.77755731922399,70431.0
SPIB,0,neg,MFGE8,-0.658246202370028,chr15-88769563-88770163,2.50661375661376,143598.0
SPIB,0,neg,FAM174B,-1.16670491953186,chr15-92876913-92877513,26.2742504409171,-67279.0
SPIB,0,neg,KREMEN2,-0.822901065055802,chr16-2881986-2882586,16.031746031746,-81708.0
SPIB,0,neg,KREMEN2,-0.862538853710674,chr16-3149466-3150066,16.0978835978836,185772.0
SPIB,0,neg,MLKL,-0.869166499120578,chr16-74701857-74702457,30.6117724867725,-1147.0
SPIB,0,neg,TNK2,-0.866971624930159,chr3-195756819-195757419,20.5853174603175,154876.0
SPIB,0,neg,STOX2,-1.37428061838511,chr4-183635268-183635868,19.2195767195767,-162174.0
SPIB,0,neg,STOX2,-1.71520529947679,chr4-183950954-183951554,22.6851851851852,153512.0
SPIB,0,neg,GJA1,-0.884049824642293,chr6-121479962-121480562,11.3392857142857,44520.0
SPIB,0,neg,GJA1,-0.786988700281734,chr6-121547137-121547737,1.42857142857143,111695.0
SPIB,0,neg,CNTRL,-0.819539856559851,chr9-121267800-121268400,4.07627865961199,193187.0
SPIB,0,neg,NFX1,-1.39192177559658,chr9-33374787-33375387,32.7281746031746,84526.0
FOSL2::JUNB(var.2),0,neg,TBCD,-0.781044105370425,chr17-82716369-82716969,6.56415343915344,-35445.0
FOSL2::JUNB(var.2),0,neg,GRHL1,-0.72336944660423,chr2-10043707-10044307,3.67283950617284,92264.0
FOSL2::JUNB(var.2),0,neg,KIF1A,-0.922821578337756,chr2-240819954-240820554,22.4647266313933,104.0
FOSL2::JUNB(var.2),0,neg,SPECC1L,-0.723776290429081,chr22-24315611-24316211,24.3716931216931,45044.0
MEOX2,0,neg,SPECC1L,-0.723776290429081,chr22-24315611-24316211,24.3716931216931,45044.0
MEOX2,0,neg,GJA1,-0.887716166580583,chr6-121438214-121438814,1.97751322751323,2772.0
MEOX2,0,neg,DDX43,-1.82189572491197,chr6-73225228-73225828,25.8267195767196,-169270.0
MEOX2,0,neg,KHDC1L,-2.1676909402251,chr6-73225228-73225828,21.2962962962963,292.0
MTF1,0,neg,ATF3,-0.716980020248235,chr1-212699089-212699689,7.07782186948854,134005.0
MTF1,0,neg,KIF1A,-1.28509267032224,chr2-240701069-240701669,32.0987654320988,118989.0
MTF1,0,neg,NCOA1,-2.04105087509343,chr2-24483380-24483980,41.4451058201058,-8284.0
MTF1,0,neg,STOX2,-1.86838455694756,chr4-183604973-183605573,30.8675044091711,-192469.0
MTF1,0,neg,STOX2,-0.989256956086171,chr4-183906077-183906677,23.2087742504409,108635.0
MTF1,0,neg,DDX43,-1.82189572491197,chr6-73225228-73225828,25.8267195767196,-169270.0
MTF1,0,neg,KHDC1L,-2.1676909402251,chr6-73225228-73225828,21.2962962962963,292.0
MTF1,0,neg,NFX1,-1.39192177559658,chr9-33374787-33375387,32.7281746031746,84526.0
BATF3,0,neg,NAA25,-0.748220436517313,chr12-112025859-112026459,30.8730158730159,82913.0
BATF3,0,neg,TBCD,-0.781044105370425,chr17-82716369-82716969,6.56415343915344,-35445.0
BATF3,0,neg,GRHL1,-0.72336944660423,chr2-10043707-10044307,3.67283950617284,92264.0
BATF3,0,neg,KIF1A,-0.922821578337756,chr2-240819954-240820554,22.4647266313933,104.0
BATF3,0,neg,SPECC1L,-0.723776290429081,chr22-24315611-24316211,24.3716931216931,45044.0
ATF7,0,neg,TBCD,-0.781044105370425,chr17-82716369-82716969,6.56415343915344,-35445.0
ATF7,0,neg,GRHL1,-0.72336944660423,chr2-10043707-10044307,3.67283950617284,92264.0
ATF7,0,neg,KIF1A,-0.922821578337756,chr2-240819954-240820554,22.4647266313933,104.0
ATF7,0,neg,SPECC1L,-0.723776290429081,chr22-24315611-24316211,24.3716931216931,45044.0
HSF1,0,neg,MFGE8,-0.965201473270624,chr15-89057384-89057984,5.625,-144223.0
HSF1,0,neg,MLKL,-0.869166499120578,chr16-74701857-74702457,30.6117724867725,-1147.0
HSF1,0,neg,RAB31,-1.06452465952984,chr18-9868942-9869542,20.951278659612,161027.0
HSF1,0,neg,SALL4,-0.85267076474017,chr20-51966202-51966802,7.336860670194,-163932.0
HSF1,0,neg,STOX2,-1.86838455694756,chr4-183604973-183605573,30.8675044091711,-192469.0
HSF1,0,neg,GJA1,-0.758350301382498,chr6-121618903-121619503,3.01587301587302,183461.0
HSF1,0,neg,NR6A1,-1.19732602617205,chr9-124590826-124591426,31.3205467372134,180234.0
KLF14,0,neg,IL6R,-1.11546667303754,chr1-154430770-154431370,24.1765873015873,25827.0
KLF14,0,neg,ATF3,-0.716980020248235,chr1-212699089-212699689,7.07782186948854,134005.0
KLF14,0,neg,ESRRA,-1.55204074491954,chr11-64276603-64277203,32.5396825396825,-28719.0
KLF14,0,neg,GNPTAB,-1.31794391441397,chr12-101698130-101698730,31.2885802469136,132558.0
KLF14,0,neg,NAA25,-0.949947780648546,chr12-112137035-112137635,29.3816137566138,-28263.0
KLF14,0,neg,CCDC77,-0.888041340169512,chr12-453683-454283,19.2294973544974,64660.0
KLF14,0,neg,NMB,-0.850252005770278,chr15-84658067-84658667,6.12985008818342,246.0
KLF14,0,neg,MFGE8,-0.965201473270624,chr15-89057384-89057984,5.625,-144223.0
KLF14,0,neg,FAM174B,-1.16670491953186,chr15-92876913-92877513,26.2742504409171,-67279.0
KLF14,0,neg,KREMEN2,-0.822901065055802,chr16-2881986-2882586,16.031746031746,-81708.0
KLF14,0,neg,KREMEN2,-1.83005980508515,chr16-2968174-2968774,27.0138888888889,4480.0
KLF14,0,neg,TBCD,-0.781044105370425,chr17-82716369-82716969,6.56415343915344,-35445.0
KLF14,0,neg,GRHL1,-0.72336944660423,chr2-10043707-10044307,3.67283950617284,92264.0
KLF14,0,neg,SF3B1,-0.816033898935902,chr2-197498513-197499113,9.09722222222222,-63672.0
KLF14,0,neg,SF3B1,-0.760690945606784,chr2-197591768-197592368,8.75110229276896,-156927.0
KLF14,0,neg,KIF1A,-1.33903235332402,chr2-240672570-240673170,21.8827160493827,147488.0
KLF14,0,neg,KIF1A,-1.28509267032224,chr2-240701069-240701669,32.0987654320988,118989.0
KLF14,0,neg,PNPT1,-1.5278455151986,chr2-55655120-55655720,36.0890652557319,38540.0
KLF14,0,neg,HES1,-1.02598833712457,chr3-194134605-194135205,16.3227513227513,-1290.0
KLF14,0,neg,TNK2,-0.866971624930159,chr3-195756819-195757419,20.5853174603175,154876.0
KLF14,0,neg,STOX2,-0.989256956086171,chr4-183906077-183906677,23.2087742504409,108635.0
KLF14,0,neg,GJA1,-0.884049824642293,chr6-121479962-121480562,11.3392857142857,44520.0
KLF14,0,neg,GJA1,-0.786988700281734,chr6-121547137-121547737,1.42857142857143,111695.0
KLF14,0,neg,DDX43,-1.82189572491197,chr6-73225228-73225828,25.8267195767196,-169270.0
KLF14,0,neg,KHDC1L,-2.1676909402251,chr6-73225228-73225828,21.2962962962963,292.0
KLF14,0,neg,ABCB8,-0.730115800657569,chr7-150976413-150977013,12.1836419753086,-51759.0
KLF14,0,neg,NRBP2,-0.717670912884458,chr8-143733540-143734140,7.91887125220459,107184.0
MYF6,0,neg,NAA25,-0.949947780648546,chr12-112137035-112137635,29.3816137566138,-28263.0
MYF6,0,neg,CA4,-1.18748321642946,chr17-60151250-60151850,12.8593474426808,1564.0
MYF6,0,neg,NCOA1,-1.59243922654996,chr2-24342220-24342820,31.5321869488536,-149444.0
MYF6,0,neg,SALL4,-0.85267076474017,chr20-51966202-51966802,7.336860670194,-163932.0
MYF6,0,neg,ZYX,-0.749847521218689,chr7-143490607-143491207,1.57407407407407,109777.0
TP73,0,neg,MRPL48,-0.838831723465399,chr11-73671705-73672305,12.9949294532628,-115361.0
TP73,0,neg,AIRE,-1.35656785325356,chr21-44471219-44471819,36.5068342151676,185631.0
TP73,0,neg,GJA1,-0.786988700281734,chr6-121547137-121547737,1.42857142857143,111695.0
TP73,0,neg,ZYX,-0.749847521218689,chr7-143490607-143491207,1.57407407407407,109777.0
TP73,0,neg,NFX1,-1.39192177559658,chr9-33374787-33375387,32.7281746031746,84526.0
KLF13,0,neg,IL6R,-1.11546667303754,chr1-154430770-154431370,24.1765873015873,25827.0
KLF13,0,neg,ESRRA,-1.55204074491954,chr11-64276603-64277203,32.5396825396825,-28719.0
KLF13,0,neg,GNPTAB,-1.71947121081349,chr12-101822482-101823082,43.0467372134039,8206.0
KLF13,0,neg,CCDC77,-0.888041340169512,chr12-453683-454283,19.2294973544974,64660.0
KLF13,0,neg,NMB,-0.801099272735858,chr15-84816886-84817486,7.39197530864197,-158573.0
KLF13,0,neg,KREMEN2,-1.83005980508515,chr16-2968174-2968774,27.0138888888889,4480.0
KLF13,0,neg,GRHL1,-0.72336944660423,chr2-10043707-10044307,3.67283950617284,92264.0
KLF13,0,neg,SF3B1,-0.816033898935902,chr2-197498513-197499113,9.09722222222222,-63672.0
KLF13,0,neg,KIF1A,-1.33903235332402,chr2-240672570-240673170,21.8827160493827,147488.0
KLF13,0,neg,TNK2,-0.866971624930159,chr3-195756819-195757419,20.5853174603175,154876.0
KLF13,0,neg,GJA1,-0.887716166580583,chr6-121438214-121438814,1.97751322751323,2772.0
SOX21,0,neg,GTDC1,-1.0728820251511,chr2-144288420-144289020,29.0443121693122,43898.0
SOX21,0,neg,GJA1,-0.758350301382498,chr6-121618903-121619503,3.01587301587302,183461.0
SOX21,0,neg,AHCYL2,-1.20926924873797,chr7-129266079-129266679,34.2989417989418,41306.0
SOX21,0,neg,ABCB8,-0.730115800657569,chr7-150976413-150977013,12.1836419753086,-51759.0
SOX21,0,neg,NR6A1,-1.19732602617205,chr9-124590826-124591426,31.3205467372134,180234.0
INSM1,1,neg,S100A10,-0.584111557371933,chr1-151830514-151831114,0.0,163626.0
INSM1,1,neg,SLC25A44,-1.21430907301582,chr1-156160777-156161377,0.0,-32905.0
INSM1,1,neg,NES,-0.73932369319084,chr1-156813855-156814455,0.0,-136708.0
INSM1,1,neg,ZNF281,-2.05220048123409,chr1-200411335-200411935,0.0,-1529.0
INSM1,1,neg,ATF3,-1.35466625972155,chr1-212749763-212750363,1.086860670194,184679.0
INSM1,1,neg,CDK2AP1,-1.92306839521088,chr12-123388581-123389181,0.0,-116497.0
INSM1,1,neg,ALKBH1,-0.645132148954211,chr14-77797779-77798379,0.0,-90009.0
INSM1,1,neg,ALPK3,-2.40166517358738,chr15-84822477-84823077,0.277777777777778,6047.0
INSM1,1,neg,ATP9B,-0.744122775864838,chr18-79005888-79006488,0.0,-63147.0
INSM1,1,neg,ERCC1,-1.99056724226157,chr19-45340452-45341052,0.0,138126.0
INSM1,1,neg,ERCC1,-0.470637712306131,chr19-45523573-45524173,0.138888888888889,-44995.0
INSM1,1,neg,ERCC1,-1.4864016619828,chr19-45670764-45671364,0.0,-192186.0
INSM1,1,neg,MEIS3,-0.679170707705168,chr19-47600233-47600833,0.0,-180960.0
INSM1,1,neg,IRF3,-0.714852453982521,chr19-49513681-49514281,0.416666666666667,151944.0
INSM1,1,neg,IRF3,-1.94986366474488,chr19-49527630-49528230,0.0,137995.0
INSM1,1,neg,IRF3,-1.58449917659485,chr19-49589909-49590509,0.0,75716.0
INSM1,1,neg,OBSL1,-0.662829396804156,chr2-219532077-219532677,0.500440917107584,39532.0
INSM1,1,neg,PNPT1,-1.01302156458911,chr2-55620057-55620657,0.0,73603.0
INSM1,1,neg,PTGIS,-1.82535619908758,chr20-49676794-49677394,0.0,-108898.0
INSM1,1,neg,ERVH48-1,-0.535067078438759,chr21-42923823-42924423,0.0,1573.0
INSM1,1,neg,OSBPL11,-1.00628903163275,chr3-125641541-125642141,0.416666666666667,-46701.0
INSM1,1,neg,SKIL,-0.855932913831663,chr3-170310042-170310642,0.763888888888889,-47386.0
INSM1,1,neg,COL7A1,-0.750803339157821,chr3-48503249-48503849,0.0,91768.0
INSM1,1,neg,PRSS12,-0.60899030451204,chr4-118354798-118355398,0.0,-2045.0
INSM1,1,neg,MARCKS,-1.66103380746876,chr6-114009097-114009697,0.0,151985.0
INSM1,1,neg,SLC2A12,-1.0669975913365,chr6-134229452-134230052,3.23412698412698,-177066.0
INSM1,1,neg,TRIP6,-1.8590620791064,chr7-100854473-100855073,0.0,-12415.0
INSM1,1,neg,TNRC18,-1.71472252619729,chr7-5524508-5525108,0.0,-99344.0
INSM1,1,neg,NPDC1,-2.38473108323783,chr9-136947912-136948512,0.0,98041.0
INSM1,1,neg,NPDC1,-1.0378837616254,chr9-136985425-136986025,0.0,60528.0
INSM1,1,neg,NPDC1,-2.1568241017213,chr9-137095463-137096063,0.0,-49510.0
INSM1,1,neg,NPDC1,-2.75365977375173,chr9-137219873-137220473,0.0,-173920.0
INSM1,1,neg,NRARP,-1.36881009271989,chr9-137219873-137220473,0.694444444444444,82128.0
INSM1,1,neg,NRARP,-1.58371760235337,chr9-137441796-137442396,0.0,-139795.0
SNAI2,1,neg,S100A10,-1.45992704073798,chr1-151996354-151996954,0.0,-2214.0
SNAI2,1,neg,DLAT,-1.08890017364028,chr11-112219615-112220215,0.0,195051.0
SNAI2,1,neg,SLC2A3,-0.647755971682878,chr12-7892692-7893292,0.0,43333.0
SNAI2,1,neg,ALKBH1,-0.645132148954211,chr14-77797779-77798379,0.0,-90009.0
SNAI2,1,neg,ALPK3,-2.40166517358738,chr15-84822477-84823077,0.277777777777778,6047.0
SNAI2,1,neg,ACOX1,-1.67443440315161,chr17-76147624-76148224,0.998677248677249,-168511.0
SNAI2,1,neg,ERCC1,-1.99056724226157,chr19-45340452-45341052,0.0,138126.0
SNAI2,1,neg,IRF3,-1.37332311056556,chr19-49501507-49502107,0.694444444444444,164118.0
SNAI2,1,neg,PLEKHB2,-0.497286160813895,chr2-130964396-130964996,0.416666666666667,-140201.0
SNAI2,1,neg,OBSL1,-0.662829396804156,chr2-219532077-219532677,0.500440917107584,39532.0
SNAI2,1,neg,PRSS12,-0.60899030451204,chr4-118354798-118355398,0.0,-2045.0
SNAI2,1,neg,SLC2A12,-1.8983039702713,chr6-134241222-134241822,2.79651675485009,-188836.0
SNAI2,1,neg,DDX43,-1.76626003032322,chr6-73225228-73225828,0.0,-169270.0
SNAI2,1,neg,WDR86,-0.531972764798931,chr7-151561719-151562319,1.11111111111111,-151242.0
SNAI2,1,neg,DNM1,-1.14408679700525,chr9-128150533-128151133,0.0,-40872.0
SNAI2,1,neg,DNM1,-1.35559588637187,chr9-128177244-128177844,0.0,-14161.0
SNAI2,1,neg,NPDC1,-1.0378837616254,chr9-136985425-136986025,0.0,60528.0
SNAI2,1,neg,NPDC1,-0.473254324747767,chr9-137046423-137047023,0.0,-470.0
SNAI2,1,neg,NPDC1,-2.1568241017213,chr9-137095463-137096063,0.0,-49510.0
SNAI2,1,neg,NPDC1,-0.763260691094293,chr9-137176439-137177039,0.0,-130486.0
SNAI2,1,neg,NPDC1,-2.75365977375173,chr9-137219873-137220473,0.0,-173920.0
SNAI2,1,neg,NRARP,-1.36881009271989,chr9-137219873-137220473,0.694444444444444,82128.0
SNAI2,1,neg,NPDC1,-1.42861253565336,chr9-137227396-137227996,0.0,-181443.0
SNAI2,1,neg,NRARP,-0.92954997825668,chr9-137243698-137244298,0.0,58303.0
SNAI2,1,neg,TBC1D2,-0.990186644498489,chr9-98220774-98221374,0.0,34697.0
ZNF740,1,neg,S100A10,-0.584111557371933,chr1-151830514-151831114,0.0,163626.0
ZNF740,1,neg,H3F3A,-1.36158884723209,chr1-226223115-226223715,0.0,161514.0
ZNF740,1,neg,HNRNPU,-0.813215005028464,chr1-245051260-245051860,0.0,-186950.0
ZNF740,1,neg,DLAT,-1.08890017364028,chr11-112219615-112220215,0.0,195051.0
ZNF740,1,neg,THYN1,-4.68549707621525,chr11-134411942-134412542,0.0,-158822.0
ZNF740,1,neg,ALKBH1,-0.645132148954211,chr14-77797779-77798379,0.0,-90009.0
ZNF740,1,neg,ALPK3,-2.40166517358738,chr15-84822477-84823077,0.277777777777778,6047.0
ZNF740,1,neg,ACOX1,-0.589332247467283,chr17-75997040-75997640,0.138888888888889,-17927.0
ZNF740,1,neg,ATP9B,-0.744122775864838,chr18-79005888-79006488,0.0,-63147.0
ZNF740,1,neg,MEIS3,-0.679170707705168,chr19-47600233-47600833,0.0,-180960.0
ZNF740,1,neg,BCAT2,-1.27240976460667,chr19-48962162-48962762,0.0,-151383.0
ZNF740,1,neg,IRF3,-0.714852453982521,chr19-49513681-49514281,0.416666666666667,151944.0
ZNF740,1,neg,IRF3,-1.58449917659485,chr19-49589909-49590509,0.0,75716.0
ZNF740,1,neg,TBC1D17,-1.23397617269091,chr19-49862815-49863415,0.0,-14360.0
ZNF740,1,neg,HES6,-0.733928543369214,chr2-238287525-238288125,0.416666666666667,-47113.0
ZNF740,1,neg,HES6,-0.646071857053552,chr2-238338601-238339201,1.18055555555556,-98189.0
ZNF740,1,neg,ERVH48-1,-0.535067078438759,chr21-42923823-42924423,0.0,1573.0
ZNF740,1,neg,OSBPL11,-1.00628903163275,chr3-125641541-125642141,0.416666666666667,-46701.0
ZNF740,1,neg,COL7A1,-0.750803339157821,chr3-48503249-48503849,0.0,91768.0
ZNF740,1,neg,PRSS12,-0.60899030451204,chr4-118354798-118355398,0.0,-2045.0
ZNF740,1,neg,TNRC18,-0.715922694856524,chr7-5389021-5389621,0.0,36143.0
ZNF740,1,neg,DNM1,-1.14408679700525,chr9-128150533-128151133,0.0,-40872.0
ZNF740,1,neg,DNM1,-1.35559588637187,chr9-128177244-128177844,0.0,-14161.0
ZNF740,1,neg,NPDC1,-1.0378837616254,chr9-136985425-136986025,0.0,60528.0
ZNF740,1,neg,NPDC1,-0.473254324747767,chr9-137046423-137047023,0.0,-470.0
ZNF740,1,neg,NPDC1,-2.1568241017213,chr9-137095463-137096063,0.0,-49510.0
ZNF740,1,neg,NPDC1,-2.64591046354293,chr9-137156828-137157428,0.347222222222222,-110875.0
ZNF740,1,neg,NPDC1,-0.790998118501205,chr9-137161395-137161995,0.0,-115442.0
ZNF740,1,neg,NPDC1,-2.75365977375173,chr9-137219873-137220473,0.0,-173920.0
ZNF740,1,neg,NRARP,-1.36881009271989,chr9-137219873-137220473,0.694444444444444,82128.0
ZNF740,1,neg,NPDC1,-1.42861253565336,chr9-137227396-137227996,0.0,-181443.0
ZNF740,1,neg,NRARP,-0.92954997825668,chr9-137243698-137244298,0.0,58303.0
ZNF740,1,neg,NRARP,-1.26120628252712,chr9-137441148-137441748,0.0,-139147.0
ZNF740,1,neg,NRARP,-1.58371760235337,chr9-137441796-137442396,0.0,-139795.0
ZNF740,1,neg,NFX1,-0.884036598066694,chr9-33172212-33172812,0.0,-118049.0
GATA3,1,neg,ZNF281,-2.05220048123409,chr1-200411335-200411935,0.0,-1529.0
GATA3,1,neg,IVD,-1.89985888095714,chr15-40589651-40590251,0.0,184106.0
GATA3,1,neg,IRF3,-0.58978394256122,chr19-49772672-49773272,1.60163139329806,-107047.0
GATA3,1,neg,MARCKS,-1.66103380746876,chr6-114009097-114009697,0.0,151985.0
GATA3,1,neg,GJA1,-1.49808491412292,chr6-121430990-121431590,0.277777777777778,-4452.0
GATA3,1,neg,NFX1,-0.884036598066694,chr9-33172212-33172812,0.0,-118049.0
PBX1,1,neg,ZNF281,-2.05220048123409,chr1-200411335-200411935,0.0,-1529.0
PBX1,1,neg,ATF3,-1.35466625972155,chr1-212749763-212750363,1.086860670194,184679.0
PBX1,1,neg,VASH2,-0.760763932196903,chr1-213038326-213038926,0.158730158730159,88056.0
PBX1,1,neg,RGCC,-1.81571835195762,chr13-41405266-41405866,0.416666666666667,-52043.0
PBX1,1,neg,ERCC1,-0.470637712306131,chr19-45523573-45524173,0.138888888888889,-44995.0
PBX1,1,neg,MARCKS,-1.66103380746876,chr6-114009097-114009697,0.0,151985.0
REST,1,neg,S100A10,-1.45992704073798,chr1-151996354-151996954,0.0,-2214.0
REST,1,neg,NES,-0.73932369319084,chr1-156813855-156814455,0.0,-136708.0
REST,1,neg,TRAF5,-1.62197360257476,chr1-211329821-211330421,1.41203703703704,3456.0
REST,1,neg,VASH2,-0.760763932196903,chr1-213038326-213038926,0.158730158730159,88056.0
REST,1,neg,DLAT,-1.08890017364028,chr11-112219615-112220215,0.0,195051.0
REST,1,neg,MEIS3,-0.687475022219541,chr19-47274004-47274604,0.0,145269.0
REST,1,neg,MEIS3,-0.679170707705168,chr19-47600233-47600833,0.0,-180960.0
REST,1,neg,HES6,-0.733928543369214,chr2-238287525-238288125,0.416666666666667,-47113.0
REST,1,neg,OSBPL11,-1.00628903163275,chr3-125641541-125642141,0.416666666666667,-46701.0
REST,1,neg,TRIP6,-1.8590620791064,chr7-100854473-100855073,0.0,-12415.0
REST,1,neg,WDR86,-0.531972764798931,chr7-151561719-151562319,1.11111111111111,-151242.0
REST,1,neg,DNM1,-0.741921725347998,chr9-128055061-128055661,0.277777777777778,-136344.0
REST,1,neg,NPDC1,-2.38473108323783,chr9-136947912-136948512,0.0,98041.0
REST,1,neg,NPDC1,-0.473254324747767,chr9-137046423-137047023,0.0,-470.0
REST,1,neg,NPDC1,-0.890730118558628,chr9-137138954-137139554,0.0,-93001.0
REST,1,neg,NPDC1,-2.64591046354293,chr9-137156828-137157428,0.347222222222222,-110875.0
REST,1,neg,NPDC1,-1.42861253565336,chr9-137227396-137227996,0.0,-181443.0
REST,1,neg,NRARP,-0.92954997825668,chr9-137243698-137244298,0.0,58303.0
REST,1,neg,NPDC1,-0.911015081806501,chr9-137246119-137246719,2.98280423280423,-200166.0
RREB1,1,neg,S100A10,-0.584111557371933,chr1-151830514-151831114,0.0,163626.0
RREB1,1,neg,S100A10,-1.45992704073798,chr1-151996354-151996954,0.0,-2214.0
RREB1,1,neg,SLC25A44,-1.21430907301582,chr1-156160777-156161377,0.0,-32905.0
RREB1,1,neg,ATF3,-1.35466625972155,chr1-212749763-212750363,1.086860670194,184679.0
RREB1,1,neg,HNRNPU,-2.09188353411057,chr1-244862812-244863412,0.0,1498.0
RREB1,1,neg,DLAT,-1.08890017364028,chr11-112219615-112220215,0.0,195051.0
RREB1,1,neg,THYN1,-4.68549707621525,chr11-134411942-134412542,0.0,-158822.0
RREB1,1,neg,IVD,-1.46143363386388,chr15-40568983-40569583,0.0,163438.0
RREB1,1,neg,NMB,-0.87903958710887,chr15-84638079-84638679,0.532407407407407,20234.0
RREB1,1,neg,ALPK3,-2.40166517358738,chr15-84822477-84823077,0.277777777777778,6047.0
RREB1,1,neg,ACOX1,-0.589332247467283,chr17-75997040-75997640,0.138888888888889,-17927.0
RREB1,1,neg,ACOX1,-1.67443440315161,chr17-76147624-76148224,0.998677248677249,-168511.0
RREB1,1,neg,ERCC1,-0.470637712306131,chr19-45523573-45524173,0.138888888888889,-44995.0
RREB1,1,neg,ERCC1,-2.36790922014797,chr19-45601917-45602517,0.0,-123339.0
RREB1,1,neg,MEIS3,-0.679170707705168,chr19-47600233-47600833,0.0,-180960.0
RREB1,1,neg,IRF3,-1.37332311056556,chr19-49501507-49502107,0.694444444444444,164118.0
RREB1,1,neg,IRF3,-1.94986366474488,chr19-49527630-49528230,0.0,137995.0
RREB1,1,neg,IRF3,-1.58449917659485,chr19-49589909-49590509,0.0,75716.0
RREB1,1,neg,OBSL1,-0.662829396804156,chr2-219532077-219532677,0.500440917107584,39532.0
RREB1,1,neg,PNPT1,-1.01302156458911,chr2-55620057-55620657,0.0,73603.0
RREB1,1,neg,PTGIS,-1.82535619908758,chr20-49676794-49677394,0.0,-108898.0
RREB1,1,neg,ERVH48-1,-0.535067078438759,chr21-42923823-42924423,0.0,1573.0
RREB1,1,neg,COL7A1,-0.750803339157821,chr3-48503249-48503849,0.0,91768.0
RREB1,1,neg,MARCKS,-1.66103380746876,chr6-114009097-114009697,0.0,151985.0
RREB1,1,neg,TRIP6,-1.8590620791064,chr7-100854473-100855073,0.0,-12415.0
RREB1,1,neg,TNRC18,-0.715922694856524,chr7-5389021-5389621,0.0,36143.0
RREB1,1,neg,DNM1,-1.35559588637187,chr9-128177244-128177844,0.0,-14161.0
RREB1,1,neg,NPDC1,-2.38473108323783,chr9-136947912-136948512,0.0,98041.0
RREB1,1,neg,NPDC1,-2.64591046354293,chr9-137156828-137157428,0.347222222222222,-110875.0
RREB1,1,neg,NPDC1,-0.790998118501205,chr9-137161395-137161995,0.0,-115442.0
RREB1,1,neg,NPDC1,-0.763260691094293,chr9-137176439-137177039,0.0,-130486.0
RREB1,1,neg,NPDC1,-2.75365977375173,chr9-137219873-137220473,0.0,-173920.0
RREB1,1,neg,NRARP,-1.36881009271989,chr9-137219873-137220473,0.694444444444444,82128.0
RREB1,1,neg,NPDC1,-1.42861253565336,chr9-137227396-137227996,0.0,-181443.0
RREB1,1,neg,NRARP,-1.58371760235337,chr9-137441796-137442396,0.0,-139795.0
SP8,1,neg,S100A10,-0.584111557371933,chr1-151830514-151831114,0.0,163626.0
SP8,1,neg,S100A10,-1.45992704073798,chr1-151996354-151996954,0.0,-2214.0
SP8,1,neg,SLC25A44,-1.21430907301582,chr1-156160777-156161377,0.0,-32905.0
SP8,1,neg,NES,-0.73932369319084,chr1-156813855-156814455,0.0,-136708.0
SP8,1,neg,VASH2,-0.760763932196903,chr1-213038326-213038926,0.158730158730159,88056.0
SP8,1,neg,H3F3A,-1.36158884723209,chr1-226223115-226223715,0.0,161514.0
SP8,1,neg,HNRNPU,-2.09188353411057,chr1-244862812-244863412,0.0,1498.0
SP8,1,neg,DLAT,-1.08890017364028,chr11-112219615-112220215,0.0,195051.0
SP8,1,neg,THYN1,-4.68549707621525,chr11-134411942-134412542,0.0,-158822.0
SP8,1,neg,CDK2AP1,-1.6440143237665,chr12-123417649-123418249,1.00970017636684,-145565.0
SP8,1,neg,SLC2A3,-0.647755971682878,chr12-7892692-7893292,0.0,43333.0
SP8,1,neg,ALKBH1,-0.645132148954211,chr14-77797779-77798379,0.0,-90009.0
SP8,1,neg,NMB,-0.87903958710887,chr15-84638079-84638679,0.532407407407407,20234.0
SP8,1,neg,SNN,-0.520326869803335,chr16-11603307-11603907,0.0,-64857.0
SP8,1,neg,ACOX1,-0.589332247467283,chr17-75997040-75997640,0.138888888888889,-17927.0
SP8,1,neg,ERCC1,-1.99056724226157,chr19-45340452-45341052,0.0,138126.0
SP8,1,neg,ERCC1,-2.36790922014797,chr19-45601917-45602517,0.0,-123339.0
SP8,1,neg,ERCC1,-1.4864016619828,chr19-45670764-45671364,0.0,-192186.0
SP8,1,neg,MEIS3,-0.687475022219541,chr19-47274004-47274604,0.0,145269.0
SP8,1,neg,MEIS3,-0.679170707705168,chr19-47600233-47600833,0.0,-180960.0
SP8,1,neg,BCAT2,-1.27240976460667,chr19-48962162-48962762,0.0,-151383.0
SP8,1,neg,IRF3,-1.37332311056556,chr19-49501507-49502107,0.694444444444444,164118.0
SP8,1,neg,IRF3,-1.94986366474488,chr19-49527630-49528230,0.0,137995.0
SP8,1,neg,IRF3,-1.58449917659485,chr19-49589909-49590509,0.0,75716.0
SP8,1,neg,TBC1D17,-1.23397617269091,chr19-49862815-49863415,0.0,-14360.0
SP8,1,neg,OBSL1,-0.662829396804156,chr2-219532077-219532677,0.500440917107584,39532.0
SP8,1,neg,HES6,-0.733928543369214,chr2-238287525-238288125,0.416666666666667,-47113.0
SP8,1,neg,HES6,-0.646071857053552,chr2-238338601-238339201,1.18055555555556,-98189.0
SP8,1,neg,PNPT1,-1.01302156458911,chr2-55620057-55620657,0.0,73603.0
SP8,1,neg,PTGIS,-1.82535619908758,chr20-49676794-49677394,0.0,-108898.0
SP8,1,neg,COL7A1,-0.750803339157821,chr3-48503249-48503849,0.0,91768.0
SP8,1,neg,PRSS12,-0.60899030451204,chr4-118348758-118349358,0.0,3995.0
SP8,1,neg,DDX43,-1.76626003032322,chr6-73225228-73225828,0.0,-169270.0
SP8,1,neg,TRIP6,-1.8590620791064,chr7-100854473-100855073,0.0,-12415.0
SP8,1,neg,WDR86,-0.531972764798931,chr7-151561719-151562319,1.11111111111111,-151242.0
SP8,1,neg,TNRC18,-0.715922694856524,chr7-5389021-5389621,0.0,36143.0
SP8,1,neg,NPDC1,-2.38473108323783,chr9-136947912-136948512,0.0,98041.0
SP8,1,neg,NPDC1,-1.0378837616254,chr9-136985425-136986025,0.0,60528.0
SP8,1,neg,NPDC1,-2.64591046354293,chr9-137156828-137157428,0.347222222222222,-110875.0
SP8,1,neg,NPDC1,-0.790998118501205,chr9-137161395-137161995,0.0,-115442.0
SP8,1,neg,NPDC1,-1.42861253565336,chr9-137227396-137227996,0.0,-181443.0
SP8,1,neg,NRARP,-0.92954997825668,chr9-137243698-137244298,0.0,58303.0
SP8,1,neg,NRARP,-1.26120628252712,chr9-137441148-137441748,0.0,-139147.0
SP8,1,neg,NRARP,-1.58371760235337,chr9-137441796-137442396,0.0,-139795.0
GATA2,1,neg,ZNF281,-2.05220048123409,chr1-200411335-200411935,0.0,-1529.0
GATA2,1,neg,HNRNPU,-0.813215005028464,chr1-245051260-245051860,0.0,-186950.0
GATA2,1,neg,IVD,-1.89985888095714,chr15-40589651-40590251,0.0,184106.0
GATA2,1,neg,IRF3,-0.58978394256122,chr19-49772672-49773272,1.60163139329806,-107047.0
GATA2,1,neg,MARCKS,-1.66103380746876,chr6-114009097-114009697,0.0,151985.0
GATA2,1,neg,GJA1,-1.49808491412292,chr6-121430990-121431590,0.277777777777778,-4452.0
GATA2,1,neg,NFX1,-0.884036598066694,chr9-33172212-33172812,0.0,-118049.0
PKNOX2,1,neg,S100A10,-0.584111557371933,chr1-151830514-151831114,0.0,163626.0
PKNOX2,1,neg,DLAT,-1.08890017364028,chr11-112219615-112220215,0.0,195051.0
PKNOX2,1,neg,ALKBH1,-0.645132148954211,chr14-77797779-77798379,0.0,-90009.0
PKNOX2,1,neg,ALPK3,-2.40166517358738,chr15-84822477-84823077,0.277777777777778,6047.0
PKNOX2,1,neg,PLEKHB2,-0.497286160813895,chr2-130964396-130964996,0.416666666666667,-140201.0
PKNOX2,1,neg,TRIP6,-1.8590620791064,chr7-100854473-100855073,0.0,-12415.0
PKNOX2,1,neg,TNRC18,-1.71472252619729,chr7-5524508-5525108,0.0,-99344.0
PKNOX2,1,neg,DNM1,-1.14408679700525,chr9-128150533-128151133,0.0,-40872.0
PKNOX2,1,neg,DNM1,-1.35559588637187,chr9-128177244-128177844,0.0,-14161.0
PKNOX2,1,neg,NPDC1,-0.911015081806501,chr9-137246119-137246719,2.98280423280423,-200166.0
E2F8,1,neg,VASH2,-0.760763932196903,chr1-213038326-213038926,0.158730158730159,88056.0
E2F8,1,neg,CDK2AP1,-1.6440143237665,chr12-123417649-123418249,1.00970017636684,-145565.0
E2F8,1,neg,DMKN,-0.496887577654792,chr19-35509118-35509718,0.416666666666667,4290.0
E2F8,1,neg,ERCC1,-0.470637712306131,chr19-45523573-45524173,0.138888888888889,-44995.0
E2F8,1,neg,ERCC1,-1.4864016619828,chr19-45670764-45671364,0.0,-192186.0
E2F8,1,neg,IRF3,-0.714852453982521,chr19-49513681-49514281,0.416666666666667,151944.0
E2F8,1,neg,IRF3,-1.94986366474488,chr19-49527630-49528230,0.0,137995.0
E2F8,1,neg,ERVH48-1,-0.535067078438759,chr21-42923823-42924423,0.0,1573.0
E2F8,1,neg,PRSS12,-0.60899030451204,chr4-118354798-118355398,0.0,-2045.0
E2F8,1,neg,GJA1,-1.49808491412292,chr6-121430990-121431590,0.277777777777778,-4452.0
E2F8,1,neg,SLC2A12,-1.0669975913365,chr6-134229452-134230052,3.23412698412698,-177066.0
E2F7,1,neg,VASH2,-0.760763932196903,chr1-213038326-213038926,0.158730158730159,88056.0
E2F7,1,neg,CDK2AP1,-1.6440143237665,chr12-123417649-123418249,1.00970017636684,-145565.0
E2F7,1,neg,IRF3,-0.714852453982521,chr19-49513681-49514281,0.416666666666667,151944.0
E2F7,1,neg,ERVH48-1,-0.535067078438759,chr21-42923823-42924423,0.0,1573.0
E2F7,1,neg,PRSS12,-0.60899030451204,chr4-118354798-118355398,0.0,-2045.0
E2F7,1,neg,GJA1,-1.49808491412292,chr6-121430990-121431590,0.277777777777778,-4452.0
E2F7,1,neg,SLC2A12,-1.0669975913365,chr6-134229452-134230052,3.23412698412698,-177066.0
E2F7,1,neg,NPDC1,-0.473254324747767,chr9-137046423-137047023,0.0,-470.0
TAL1::TCF3,1,neg,ATF3,-1.35466625972155,chr1-212749763-212750363,1.086860670194,184679.0
TAL1::TCF3,1,neg,IRF3,-1.37332311056556,chr19-49501507-49502107,0.694444444444444,164118.0
TAL1::TCF3,1,neg,IRF3,-1.94986366474488,chr19-49527630-49528230,0.0,137995.0
TAL1::TCF3,1,neg,OSBPL11,-1.00628903163275,chr3-125641541-125642141,0.416666666666667,-46701.0
TAL1::TCF3,1,neg,MARCKS,-1.66103380746876,chr6-114009097-114009697,0.0,151985.0
TAL1::TCF3,1,neg,SLC2A12,-1.0669975913365,chr6-134229452-134230052,3.23412698412698,-177066.0
TAL1::TCF3,1,neg,NPDC1,-2.64591046354293,chr9-137156828-137157428,0.347222222222222,-110875.0
DMRT3,1,neg,SLC2A3,-0.647755971682878,chr12-7892692-7893292,0.0,43333.0
DMRT3,1,neg,RGCC,-1.81571835195762,chr13-41405266-41405866,0.416666666666667,-52043.0
DMRT3,1,neg,ALKBH1,-0.645132148954211,chr14-77797779-77798379,0.0,-90009.0
DMRT3,1,neg,NRARP,-1.58371760235337,chr9-137441796-137442396,0.0,-139795.0
PPARA::RXRA,1,neg,S100A10,-0.584111557371933,chr1-151830514-151831114,0.0,163626.0
PPARA::RXRA,1,neg,SLC2A3,-0.647755971682878,chr12-7892692-7893292,0.0,43333.0
PPARA::RXRA,1,neg,ALPK3,-2.40166517358738,chr15-84822477-84823077,0.277777777777778,6047.0
PPARA::RXRA,1,neg,ERCC1,-2.36790922014797,chr19-45601917-45602517,0.0,-123339.0
PPARA::RXRA,1,neg,BCAT2,-1.27240976460667,chr19-48962162-48962762,0.0,-151383.0
PPARA::RXRA,1,neg,IRF3,-0.714852453982521,chr19-49513681-49514281,0.416666666666667,151944.0
PPARA::RXRA,1,neg,GJA1,-1.49808491412292,chr6-121430990-121431590,0.277777777777778,-4452.0
PPARA::RXRA,1,neg,SLC2A12,-1.0669975913365,chr6-134229452-134230052,3.23412698412698,-177066.0
RORB,1,neg,TRAF5,-1.62197360257476,chr1-211329821-211330421,1.41203703703704,3456.0
RORB,1,neg,NMB,-0.87903958710887,chr15-84638079-84638679,0.532407407407407,20234.0
RORB,1,neg,ALPK3,-2.40166517358738,chr15-84822477-84823077,0.277777777777778,6047.0
RORB,1,neg,PTGIS,-1.82535619908758,chr20-49676794-49677394,0.0,-108898.0
RORB,1,neg,MARCKS,-1.66103380746876,chr6-114009097-114009697,0.0,151985.0
RORB,1,neg,TRIP6,-1.8590620791064,chr7-100854473-100855073,0.0,-12415.0
GATA6,1,neg,ZNF281,-2.05220048123409,chr1-200411335-200411935,0.0,-1529.0
GATA6,1,neg,HNRNPU,-0.813215005028464,chr1-245051260-245051860,0.0,-186950.0
GATA6,1,neg,IVD,-1.89985888095714,chr15-40589651-40590251,0.0,184106.0
GATA6,1,neg,IRF3,-0.58978394256122,chr19-49772672-49773272,1.60163139329806,-107047.0
GATA6,1,neg,MARCKS,-1.66103380746876,chr6-114009097-114009697,0.0,151985.0
GATA6,1,neg,GJA1,-1.49808491412292,chr6-121430990-121431590,0.277777777777778,-4452.0
GATA6,1,neg,NFX1,-0.884036598066694,chr9-33172212-33172812,0.0,-118049.0
E2F1,1,neg,IVD,-1.46143363386388,chr15-40568983-40569583,0.0,163438.0
E2F1,1,neg,FAM174B,-0.620326548503462,chr15-92714641-92715241,0.0,94993.0
E2F1,1,neg,IRF3,-0.714852453982521,chr19-49513681-49514281,0.416666666666667,151944.0
E2F1,1,neg,TBC1D2,-0.990186644498489,chr9-98220774-98221374,0.0,34697.0
GATA5,1,neg,ZNF281,-2.05220048123409,chr1-200411335-200411935,0.0,-1529.0
GATA5,1,neg,IVD,-1.89985888095714,chr15-40589651-40590251,0.0,184106.0
GATA5,1,neg,MARCKS,-1.66103380746876,chr6-114009097-114009697,0.0,151985.0
GATA5,1,neg,GJA1,-1.49808491412292,chr6-121430990-121431590,0.277777777777778,-4452.0
GATA5,1,neg,NFX1,-0.884036598066694,chr9-33172212-33172812,0.0,-118049.0
FOXP2,1,neg,ZNF281,-1.93067253256471,chr1-200510014-200510614,0.396825396825397,-100208.0
FOXP2,1,neg,TRAF5,-1.62197360257476,chr1-211329821-211330421,1.41203703703704,3456.0
FOXP2,1,neg,CDK2AP1,-1.55069601659534,chr12-123445904-123446504,0.0,-173820.0
FOXP2,1,neg,ALKBH1,-0.645132148954211,chr14-77797779-77798379,0.0,-90009.0
FOXP2,1,neg,ERCC1,-1.99056724226157,chr19-45340452-45341052,0.0,138126.0
FOXP2,1,neg,MEIS3,-0.679170707705168,chr19-47600233-47600833,0.0,-180960.0
FOXP2,1,neg,IRF3,-1.94986366474488,chr19-49527630-49528230,0.0,137995.0
FOXP2,1,neg,SLC2A12,-1.8983039702713,chr6-134241222-134241822,2.79651675485009,-188836.0
FOXP2,1,neg,NR6A1,-0.529754270079886,chr9-124838320-124838920,0.0,-67260.0
HIC2,1,neg,CDK2AP1,-1.92306839521088,chr12-123388581-123389181,0.0,-116497.0
HIC2,1,neg,ERCC1,-1.4864016619828,chr19-45670764-45671364,0.0,-192186.0
HIC2,1,neg,IRF3,-0.714852453982521,chr19-49513681-49514281,0.416666666666667,151944.0
HIC2,1,neg,IRF3,-1.58449917659485,chr19-49589909-49590509,0.0,75716.0
HIC2,1,neg,OBSL1,-0.662829396804156,chr2-219532077-219532677,0.500440917107584,39532.0
HIC2,1,neg,ERVH48-1,-0.535067078438759,chr21-42923823-42924423,0.0,1573.0
HIC2,1,neg,OSBPL11,-1.00628903163275,chr3-125641541-125642141,0.416666666666667,-46701.0
HIC2,1,neg,TRIP6,-1.8590620791064,chr7-100854473-100855073,0.0,-12415.0
HIC2,1,neg,WDR86,-0.531972764798931,chr7-151561719-151562319,1.11111111111111,-151242.0
HIC2,1,neg,DNM1,-1.35559588637187,chr9-128177244-128177844,0.0,-14161.0
HIC2,1,neg,NPDC1,-0.473254324747767,chr9-137046423-137047023,0.0,-470.0
HIC2,1,neg,NPDC1,-2.75365977375173,chr9-137219873-137220473,0.0,-173920.0
HIC2,1,neg,NRARP,-1.36881009271989,chr9-137219873-137220473,0.694444444444444,82128.0
NFIL3,1,neg,S100A10,-1.45992704073798,chr1-151996354-151996954,0.0,-2214.0
NFIL3,1,neg,RGCC,-1.81571835195762,chr13-41405266-41405866,0.416666666666667,-52043.0
NFIL3,1,neg,HES6,-0.646071857053552,chr2-238338601-238339201,1.18055555555556,-98189.0
NFIL3,1,neg,PRSS12,-0.60899030451204,chr4-118354798-118355398,0.0,-2045.0
MAFF,2,neg,AL390728.6,-0.697420166508182,chr1-247280998-247281598,1.41203703703704,-92722.0
MAFF,2,neg,METTL16,-1.11635751384295,chr17-2493116-2493716,0.0,18525.0
MAFF,2,neg,ERCC1,-2.12586396259801,chr19-45424207-45424807,0.0,54371.0
MAFF,2,neg,ERCC1,-0.583423981293659,chr19-45639924-45640524,0.0,-161346.0
MAFF,2,neg,GRHL1,-0.637498621327875,chr2-9786876-9787476,0.0,-164567.0
MAFF,2,neg,PTGIS,-1.06096303631121,chr20-49676794-49677394,0.0,-108898.0
MAFF,2,neg,SPECC1L,-3.25701637365501,chr22-24421303-24421903,0.0,150736.0
MAFF,2,neg,AHCYL2,-1.04156953440769,chr7-129067388-129067988,0.0,-157385.0
MAFF,2,neg,NFX1,-1.14035628511322,chr9-33461481-33462081,0.0,171220.0
MAFG,2,neg,HNRNPU,-0.836446130432108,chr1-244734126-244734726,18.3256172839506,130184.0
MAFG,2,neg,AL390728.6,-0.697420166508182,chr1-247280998-247281598,1.41203703703704,-92722.0
MAFG,2,neg,TP53,-1.39075853952928,chr17-7687244-7687844,0.0,56.0
MAFG,2,neg,ERCC1,-0.583423981293659,chr19-45639924-45640524,0.0,-161346.0
MAFG,2,neg,GRHL1,-0.637498621327875,chr2-9786876-9787476,0.0,-164567.0
MAFG,2,neg,PTGIS,-1.06096303631121,chr20-49676794-49677394,0.0,-108898.0
MAFG,2,neg,SPECC1L,-3.25701637365501,chr22-24421303-24421903,0.0,150736.0
MAFG,2,neg,NFX1,-1.14035628511322,chr9-33461481-33462081,0.0,171220.0
FOSL1,2,neg,COL4A1,-0.98648744493303,chr13-110412126-110412726,0.0,-105227.0
FOSL1,2,neg,IGF2BP1,-0.877142763918033,chr17-49197164-49197764,0.0,200002.0
FOSL1,2,neg,ERCC1,-2.12586396259801,chr19-45424207-45424807,0.0,54371.0
FOSL1,2,neg,BCAT2,-1.48012357324167,chr19-48872787-48873387,0.0,-62008.0
FOSL1,2,neg,BCAT2,-1.24893218351391,chr19-48963723-48964323,0.0,-152944.0
FOSL1,2,neg,ASXL2,-1.24240551841199,chr2-26017998-26018598,0.0,-139732.0
FOSL1,2,neg,PNPT1,-1.28475126985235,chr2-55824496-55825096,0.0,-130836.0
FOSL1,2,neg,PTGIS,-1.06096303631121,chr20-49676794-49677394,0.0,-108898.0
FOSL1,2,neg,PITPNB,-1.21171950000162,chr22-27726285-27726885,0.0,193599.0
FOSL1,2,neg,GAP43,-0.974934701582278,chr3-115783885-115784485,0.0,160811.0
FOSL1,2,neg,FSTL1,-1.54011660391385,chr3-120616657-120617257,0.601851851851852,-165654.0
FOSL1,2,neg,PLXND1,-1.78623625256458,chr3-129603093-129603693,0.0,3475.0
FOSL1,2,neg,ITGA9,-1.22819162846536,chr3-37301867-37302467,0.0,-149998.0
FOSL1,2,neg,ZDHHC14,-1.56565866939115,chr6-157181500-157182100,3.65740740740741,-199383.0
FOS,2,neg,COL4A1,-0.98648744493303,chr13-110412126-110412726,0.0,-105227.0
FOS,2,neg,IGF2BP1,-0.877142763918033,chr17-49197164-49197764,0.0,200002.0
FOS,2,neg,TP53,-1.39075853952928,chr17-7687244-7687844,0.0,56.0
FOS,2,neg,BCAT2,-1.48012357324167,chr19-48872787-48873387,0.0,-62008.0
FOS,2,neg,BCAT2,-1.28523504647726,chr19-48962995-48963595,0.0,-152216.0
FOS,2,neg,BCAT2,-1.24893218351391,chr19-48963723-48964323,0.0,-152944.0
FOS,2,neg,PNPT1,-1.28475126985235,chr2-55824496-55825096,0.0,-130836.0
FOS,2,neg,PTGIS,-1.06096303631121,chr20-49676794-49677394,0.0,-108898.0
FOS,2,neg,GAP43,-0.868584716084759,chr3-115819659-115820259,0.0,196585.0
FOS,2,neg,ITGA9,-1.22819162846536,chr3-37301867-37302467,0.0,-149998.0
FOS,2,neg,ZDHHC14,-1.56565866939115,chr6-157181500-157182100,3.65740740740741,-199383.0
FOSL2,2,neg,COL4A1,-0.98648744493303,chr13-110412126-110412726,0.0,-105227.0
FOSL2,2,neg,TP53,-1.39075853952928,chr17-7687244-7687844,0.0,56.0
FOSL2,2,neg,BCAT2,-1.48012357324167,chr19-48872787-48873387,0.0,-62008.0
FOSL2,2,neg,BCAT2,-1.24893218351391,chr19-48963723-48964323,0.0,-152944.0
FOSL2,2,neg,ASXL2,-1.24240551841199,chr2-26017998-26018598,0.0,-139732.0
FOSL2,2,neg,PNPT1,-1.28475126985235,chr2-55824496-55825096,0.0,-130836.0
FOSL2,2,neg,PTGIS,-1.06096303631121,chr20-49676794-49677394,0.0,-108898.0
FOSL2,2,neg,PITPNB,-1.21171950000162,chr22-27726285-27726885,0.0,193599.0
FOSL2,2,neg,GAP43,-0.974934701582278,chr3-115783885-115784485,0.0,160811.0
FOSL2,2,neg,FSTL1,-1.54011660391385,chr3-120616657-120617257,0.601851851851852,-165654.0
FOSL2,2,neg,PLXND1,-1.78623625256458,chr3-129603093-129603693,0.0,3475.0
FOSL2,2,neg,ITGA9,-1.22819162846536,chr3-37301867-37302467,0.0,-149998.0
FOSL2,2,neg,ZDHHC14,-1.56565866939115,chr6-157181500-157182100,3.65740740740741,-199383.0
EGR3,2,neg,NES,-0.641665139621633,chr1-156641769-156642369,0.0,35378.0
EGR3,2,neg,VASH2,-0.65258316562114,chr1-212857899-212858499,0.0,-92371.0
EGR3,2,neg,AL390728.6,-0.697420166508182,chr1-247280998-247281598,1.41203703703704,-92722.0
EGR3,2,neg,TAOK3,-1.12245704209986,chr12-118288029-118288629,0.0,84666.0
EGR3,2,neg,CDK2AP1,-1.14441869974419,chr12-123436485-123437085,0.208333333333333,-164401.0
EGR3,2,neg,LTA4H,-0.746644218771961,chr12-95943201-95943801,0.0,100069.0
EGR3,2,neg,KREMEN2,-0.628227045200729,chr16-2892944-2893544,0.0,-70750.0
EGR3,2,neg,METTL16,-0.656601084538013,chr17-2711572-2712172,0.0,-199931.0
EGR3,2,neg,LINC00511,-2.30804628349326,chr17-72540158-72540758,0.317460317460317,100064.0
EGR3,2,neg,PMAIP1,-1.57286623105198,chr18-59900709-59901309,0.0,1011.0
EGR3,2,neg,FBXO27,-1.31333522581783,chr19-39083803-39084403,0.0,-51268.0
EGR3,2,neg,ERCC1,-1.28720122385837,chr19-45340452-45341052,0.0,138126.0
EGR3,2,neg,ERCC1,-2.12586396259801,chr19-45424207-45424807,0.0,54371.0
EGR3,2,neg,MEIS3,-1.54368725309487,chr19-47230356-47230956,0.0,188917.0
EGR3,2,neg,MEIS3,-2.06105542161974,chr19-47274004-47274604,0.0,145269.0
EGR3,2,neg,BCAT2,-1.28523504647726,chr19-48962995-48963595,0.0,-152216.0
EGR3,2,neg,GRHL1,-2.02512772627032,chr2-10054301-10054901,0.0,102858.0
EGR3,2,neg,PLEKHB2,-2.05906649236531,chr2-130963050-130963650,0.0,-141547.0
EGR3,2,neg,PLEKHB2,-0.871074891033816,chr2-130991404-130992004,0.0,-113193.0
EGR3,2,neg,ASXL2,-1.24240551841199,chr2-26017998-26018598,0.0,-139732.0
EGR3,2,neg,YIPF4,-0.674817648441546,chr2-32334710-32335310,0.0,57050.0
EGR3,2,neg,BIRC6,-0.612681317581158,chr2-32357634-32358234,0.0,856.0
EGR3,2,neg,YIPF4,-1.24439663509841,chr2-32357634-32358234,0.0,79974.0
EGR3,2,neg,LINC00205,-0.729004847175941,chr21-45291523-45292123,10.3637566137566,-1512.0
EGR3,2,neg,SPECC1L,-3.25701637365501,chr22-24421303-24421903,0.0,150736.0
EGR3,2,neg,TRIOBP,-2.35407508699396,chr22-37560170-37560770,0.0,-136584.0
EGR3,2,neg,GAP43,-0.974934701582278,chr3-115783885-115784485,0.0,160811.0
EGR3,2,neg,CEP44,-1.26374451360009,chr4-174408736-174409336,26.6126543209877,125309.0
EGR3,2,neg,TMEM150C,-0.804104211261857,chr4-82561595-82562195,0.0,512.0
EGR3,2,neg,AFG1L,-1.25834210978094,chr6-108133764-108134364,0.0,-160880.0
EGR3,2,neg,AFG1L,-1.59488178779199,chr6-108167345-108167945,0.0,-127299.0
EGR3,2,neg,SLC2A12,-1.69500557282211,chr6-133952821-133953421,0.0,99565.0
EGR3,2,neg,SLC2A12,-0.999037004646005,chr6-134174666-134175266,0.0,-122280.0
EGR3,2,neg,CLEC2L,-0.439467371492245,chr7-139588536-139589136,0.0,64930.0
EGR3,2,neg,NPDC1,-0.739388272670242,chr9-136859901-136860501,1.33597883597884,186052.0
EGR3,2,neg,NPDC1,-1.06300970245419,chr9-136886808-136887408,0.0,159145.0
EGR3,2,neg,NPDC1,-1.72336873518096,chr9-136985425-136986025,0.462962962962963,60528.0
EGR3,2,neg,NPDC1,-1.95886800506927,chr9-137049674-137050274,0.0,-3721.0
EGR3,2,neg,NRARP,-0.860866188477206,chr9-137168024-137168624,0.0,133977.0
EGR3,2,neg,NRARP,-0.459379132684505,chr9-137280767-137281367,0.0,21234.0
EGR3,2,neg,NRARP,-1.08874807484251,chr9-137315907-137316507,0.0,-13906.0
EGR3,2,neg,NRARP,-0.61963798066035,chr9-137441796-137442396,0.0,-139795.0
DLX6,2,neg,TMEM45B,-0.751117405100759,chr11-129931360-129931960,0.308641975308642,115791.0
DLX6,2,neg,BCAT2,-1.12770987606711,chr19-48983358-48983958,0.0,-172579.0
DLX6,2,neg,FAM126B,-0.765581044358671,chr2-201118776-201119376,0.0,-47355.0
DLX6,2,neg,PTGIS,-0.887961359817816,chr20-49384377-49384977,0.0,183519.0
DLX6,2,neg,AFG1L,-1.25834210978094,chr6-108133764-108134364,0.0,-160880.0
DLX6,2,neg,SP8,-0.721968495925789,chr7-20799843-20800443,0.0,-13207.0
HNF1A,2,neg,HNRNPU,-0.836446130432108,chr1-244734126-244734726,18.3256172839506,130184.0
HNF1A,2,neg,TMEM45B,-0.751117405100759,chr11-129931360-129931960,0.308641975308642,115791.0
HNF1A,2,neg,YPEL2,-1.11597099678217,chr17-59392971-59393571,0.0,61532.0
HNF1A,2,neg,ERCC1,-0.583423981293659,chr19-45639924-45640524,0.0,-161346.0
HNF1A,2,neg,BCAT2,-1.28523504647726,chr19-48962995-48963595,0.0,-152216.0
HNF1A,2,neg,BCAT2,-1.12770987606711,chr19-48983358-48983958,0.0,-172579.0
HNF1A,2,neg,PITPNB,-0.771501296378873,chr22-27980714-27981314,0.0,-60830.0
HNF1A,2,neg,ITGA9,-1.22819162846536,chr3-37301867-37302467,0.0,-149998.0
HNF1A,2,neg,AHCYL2,-1.04156953440769,chr7-129067388-129067988,0.0,-157385.0
JUNB,2,neg,COL4A1,-0.98648744493303,chr13-110412126-110412726,0.0,-105227.0
JUNB,2,neg,BCAT2,-1.48012357324167,chr19-48872787-48873387,0.0,-62008.0
JUNB,2,neg,BCAT2,-1.24893218351391,chr19-48963723-48964323,0.0,-152944.0
JUNB,2,neg,ASXL2,-1.24240551841199,chr2-26017998-26018598,0.0,-139732.0
JUNB,2,neg,PNPT1,-1.28475126985235,chr2-55824496-55825096,0.0,-130836.0
JUNB,2,neg,PTGIS,-1.06096303631121,chr20-49676794-49677394,0.0,-108898.0
JUNB,2,neg,GAP43,-0.974934701582278,chr3-115783885-115784485,0.0,160811.0
JUNB,2,neg,GAP43,-0.868584716084759,chr3-115819659-115820259,0.0,196585.0
JUNB,2,neg,FSTL1,-1.54011660391385,chr3-120616657-120617257,0.601851851851852,-165654.0
JUNB,2,neg,PLXND1,-1.78623625256458,chr3-129603093-129603693,0.0,3475.0
JUNB,2,neg,ITGA9,-1.22819162846536,chr3-37301867-37302467,0.0,-149998.0
JUNB,2,neg,ZDHHC14,-1.56565866939115,chr6-157181500-157182100,3.65740740740741,-199383.0
EBF1,2,neg,DENND1B,-1.17363768485418,chr1-197911326-197911926,10.4927248677249,-135880.0
EBF1,2,neg,SLK,-1.15887963548207,chr10-103928604-103929204,29.8203262786596,-38347.0
EBF1,2,neg,COL4A1,-0.98648744493303,chr13-110412126-110412726,0.0,-105227.0
EBF1,2,neg,IVD,-1.51127269544082,chr15-40568983-40569583,0.0,163438.0
EBF1,2,neg,LINC00511,-2.30804628349326,chr17-72540158-72540758,0.317460317460317,100064.0
EBF1,2,neg,ERCC1,-1.28720122385837,chr19-45340452-45341052,0.0,138126.0
EBF1,2,neg,BCAT2,-0.959530359594321,chr19-48613358-48613958,0.0,197421.0
EBF1,2,neg,FAM126B,-0.765581044358671,chr2-201118776-201119376,0.0,-47355.0
EBF1,2,neg,BIRC6,-0.612681317581158,chr2-32357634-32358234,0.0,856.0
EBF1,2,neg,YIPF4,-1.24439663509841,chr2-32357634-32358234,0.0,79974.0
EBF1,2,neg,GRHL1,-0.637498621327875,chr2-9786876-9787476,0.0,-164567.0
EBF1,2,neg,COL7A1,-0.582032642380945,chr3-48647984-48648584,0.0,-52967.0
EBF1,2,neg,CEP44,-1.26374451360009,chr4-174408736-174409336,26.6126543209877,125309.0
EBF1,2,neg,TMEM150C,-0.804104211261857,chr4-82561595-82562195,0.0,512.0
EBF1,2,neg,AHCYL2,-1.04156953440769,chr7-129067388-129067988,0.0,-157385.0
EBF1,2,neg,AHCYL2,-1.14774975949351,chr7-129299090-129299690,1.70634920634921,74317.0
EBF1,2,neg,CLEC2L,-0.993431356768027,chr7-139499897-139500497,0.0,-23709.0
EBF1,2,neg,SP8,-0.721968495925789,chr7-20799843-20800443,0.0,-13207.0
EBF1,2,neg,NPDC1,-0.739388272670242,chr9-136859901-136860501,1.33597883597884,186052.0
EBF1,2,neg,NRARP,-1.08874807484251,chr9-137315907-137316507,0.0,-13906.0
FOXF2,2,neg,DAP3,-1.90054434775772,chr1-155728982-155729582,0.0,41272.0
FOXF2,2,neg,CADM1,-0.942437804720305,chr11-115504235-115504835,0.0,472.0
FOXF2,2,neg,TMEM45B,-0.751117405100759,chr11-129931360-129931960,0.308641975308642,115791.0
FOXF2,2,neg,CRABP1,-0.949110028621669,chr15-78482243-78482843,0.158730158730159,142169.0
FOXF2,2,neg,IGF2BP1,-1.44671654239738,chr17-49023772-49024372,0.0,26610.0
FOXF2,2,neg,ERCC1,-0.583423981293659,chr19-45639924-45640524,0.0,-161346.0
FOXF2,2,neg,YIPF4,-0.674817648441546,chr2-32334710-32335310,0.0,57050.0
FOXF2,2,neg,LIPH,-1.14415405944418,chr3-185562387-185562987,1.38888888888889,-10024.0
FOXF2,2,neg,CEP44,-1.26374451360009,chr4-174408736-174409336,26.6126543209877,125309.0
FOXF2,2,neg,AHCYL2,-1.04156953440769,chr7-129067388-129067988,0.0,-157385.0
JUN(var.2),2,neg,COL4A1,-0.98648744493303,chr13-110412126-110412726,0.0,-105227.0
JUN(var.2),2,neg,ERCC1,-2.12586396259801,chr19-45424207-45424807,0.0,54371.0
JUN(var.2),2,neg,BCAT2,-1.48012357324167,chr19-48872787-48873387,0.0,-62008.0
JUN(var.2),2,neg,PTGIS,-1.06096303631121,chr20-49676794-49677394,0.0,-108898.0
JUN(var.2),2,neg,PITPNB,-1.21171950000162,chr22-27726285-27726885,0.0,193599.0
JUN(var.2),2,neg,GAP43,-0.974934701582278,chr3-115783885-115784485,0.0,160811.0
JUN(var.2),2,neg,GAP43,-0.868584716084759,chr3-115819659-115820259,0.0,196585.0
JUN(var.2),2,neg,FSTL1,-1.54011660391385,chr3-120616657-120617257,0.601851851851852,-165654.0
JUN(var.2),2,neg,ITGA9,-1.22819162846536,chr3-37301867-37302467,0.0,-149998.0
JUN(var.2),2,neg,ZDHHC14,-1.56565866939115,chr6-157181500-157182100,3.65740740740741,-199383.0
MZF1,2,neg,DAP3,-1.90054434775772,chr1-155728982-155729582,0.0,41272.0
MZF1,2,neg,WNT9A,-0.640276861870921,chr1-227869256-227869856,2.97067901234568,78392.0
MZF1,2,neg,WNT9A,-1.16660386970765,chr1-227917604-227918204,9.6494708994709,30044.0
MZF1,2,neg,WNT9A,-0.569413523117542,chr1-228082329-228082929,0.0,-134681.0
MZF1,2,neg,AL390728.6,-0.697420166508182,chr1-247280998-247281598,1.41203703703704,-92722.0
MZF1,2,neg,AL390728.6,-0.764425674999352,chr1-247297770-247298370,6.81657848324515,-109494.0
MZF1,2,neg,SH3PXD2A,-1.72442565958206,chr10-103917990-103918590,0.0,-62697.0
MZF1,2,neg,SFXN4,-1.9819910117622,chr10-119103750-119104350,0.0,61667.0
MZF1,2,neg,DLAT,-1.1492745019845,chr11-111926899-111927499,0.0,-97665.0
MZF1,2,neg,CADM1,-0.942437804720305,chr11-115504235-115504835,0.0,472.0
MZF1,2,neg,TMEM45B,-0.751117405100759,chr11-129931360-129931960,0.308641975308642,115791.0
MZF1,2,neg,TAOK3,-1.12245704209986,chr12-118288029-118288629,0.0,84666.0
MZF1,2,neg,GLT1D1,-1.14995441010923,chr12-128969240-128969840,0.297619047619048,116063.0
MZF1,2,neg,LTA4H,-0.746644218771961,chr12-95943201-95943801,0.0,100069.0
MZF1,2,neg,COL4A1,-0.98648744493303,chr13-110412126-110412726,0.0,-105227.0
MZF1,2,neg,IVD,-1.1563523256194,chr15-40589651-40590251,0.0,184106.0
MZF1,2,neg,FAM174B,-0.75136227814997,chr15-92647695-92648295,0.476190476190476,161939.0
MZF1,2,neg,METTL16,-0.656601084538013,chr17-2711572-2712172,0.0,-199931.0
MZF1,2,neg,YPEL2,-1.63331527654158,chr17-59349104-59349704,0.0,17665.0
MZF1,2,neg,LINC00511,-2.30804628349326,chr17-72540158-72540758,0.317460317460317,100064.0
MZF1,2,neg,TP53,-1.39075853952928,chr17-7687244-7687844,0.0,56.0
MZF1,2,neg,PMAIP1,-1.57286623105198,chr18-59900709-59901309,0.0,1011.0
MZF1,2,neg,FBXO27,-1.31333522581783,chr19-39083803-39084403,0.0,-51268.0
MZF1,2,neg,MEIS3,-1.54368725309487,chr19-47230356-47230956,0.0,188917.0
MZF1,2,neg,MEIS3,-2.06105542161974,chr19-47274004-47274604,0.0,145269.0
MZF1,2,neg,BCAT2,-0.959530359594321,chr19-48613358-48613958,0.0,197421.0
MZF1,2,neg,BCAT2,-1.48012357324167,chr19-48872787-48873387,0.0,-62008.0
MZF1,2,neg,BCAT2,-1.28523504647726,chr19-48962995-48963595,0.0,-152216.0
MZF1,2,neg,BCAT2,-1.24893218351391,chr19-48963723-48964323,0.0,-152944.0
MZF1,2,neg,BCAT2,-1.12770987606711,chr19-48983358-48983958,0.0,-172579.0
MZF1,2,neg,TBC1D17,-1.09748838003678,chr19-49689672-49690272,0.0,-187503.0
MZF1,2,neg,PLEKHB2,-0.871074891033816,chr2-130991404-130992004,0.0,-113193.0
MZF1,2,neg,FAM126B,-0.765581044358671,chr2-201118776-201119376,0.0,-47355.0
MZF1,2,neg,BIRC6,-0.612681317581158,chr2-32357634-32358234,0.0,856.0
MZF1,2,neg,YIPF4,-1.24439663509841,chr2-32357634-32358234,0.0,79974.0
MZF1,2,neg,PNPT1,-1.28475126985235,chr2-55824496-55825096,0.0,-130836.0
MZF1,2,neg,GRHL1,-0.637498621327875,chr2-9786876-9787476,0.0,-164567.0
MZF1,2,neg,PTGIS,-0.887961359817816,chr20-49384377-49384977,0.0,183519.0
MZF1,2,neg,PTGIS,-1.56225116644718,chr20-49630391-49630991,0.0,-62495.0
MZF1,2,neg,PTGIS,-1.06096303631121,chr20-49676794-49677394,0.0,-108898.0
MZF1,2,neg,LINC00205,-0.729004847175941,chr21-45291523-45292123,10.3637566137566,-1512.0
MZF1,2,neg,SPECC1L,-3.25701637365501,chr22-24421303-24421903,0.0,150736.0
MZF1,2,neg,PITPNB,-0.771501296378873,chr22-27980714-27981314,0.0,-60830.0
MZF1,2,neg,GAP43,-0.974934701582278,chr3-115783885-115784485,0.0,160811.0
MZF1,2,neg,FSTL1,-1.54011660391385,chr3-120616657-120617257,0.601851851851852,-165654.0
MZF1,2,neg,PLXND1,-1.78623625256458,chr3-129603093-129603693,0.0,3475.0
MZF1,2,neg,LIPH,-1.14415405944418,chr3-185562387-185562987,1.38888888888889,-10024.0
MZF1,2,neg,COL7A1,-0.582032642380945,chr3-48647984-48648584,0.0,-52967.0
MZF1,2,neg,CEP44,-1.26374451360009,chr4-174408736-174409336,26.6126543209877,125309.0
MZF1,2,neg,PRDM1,-0.858035721037021,chr6-106154219-106154819,3.92857142857143,68149.0
MZF1,2,neg,ATG5,-1.00510448940805,chr6-106154219-106154819,7.37433862433862,171322.0
MZF1,2,neg,AFG1L,-1.25834210978094,chr6-108133764-108134364,0.0,-160880.0
MZF1,2,neg,AFG1L,-1.59488178779199,chr6-108167345-108167945,0.0,-127299.0
MZF1,2,neg,FAM229B,-1.5266829094484,chr6-112047174-112047774,16.0130070546737,-40175.0
MZF1,2,neg,SLC2A12,-1.69500557282211,chr6-133952821-133953421,0.0,99565.0
MZF1,2,neg,SLC2A12,-0.999037004646005,chr6-134174666-134175266,0.0,-122280.0
MZF1,2,neg,ZDHHC14,-1.56565866939115,chr6-157181500-157182100,3.65740740740741,-199383.0
MZF1,2,neg,CLEC2L,-0.993431356768027,chr7-139499897-139500497,0.0,-23709.0
MZF1,2,neg,CLEC2L,-1.45207801411258,chr7-139673239-139673839,0.856481481481482,149633.0
MZF1,2,neg,SP8,-0.721968495925789,chr7-20799843-20800443,0.0,-13207.0
MZF1,2,neg,NPDC1,-0.739388272670242,chr9-136859901-136860501,1.33597883597884,186052.0
MZF1,2,neg,NPDC1,-1.06300970245419,chr9-136886808-136887408,0.0,159145.0
MZF1,2,neg,NPDC1,-1.72336873518096,chr9-136985425-136986025,0.462962962962963,60528.0
MZF1,2,neg,NPDC1,-1.95886800506927,chr9-137049674-137050274,0.0,-3721.0
MZF1,2,neg,NRARP,-0.860866188477206,chr9-137168024-137168624,0.0,133977.0
MZF1,2,neg,NRARP,-0.459379132684505,chr9-137280767-137281367,0.0,21234.0
MZF1,2,neg,NRARP,-1.08874807484251,chr9-137315907-137316507,0.0,-13906.0
MZF1,2,neg,NFX1,-1.14035628511322,chr9-33461481-33462081,0.0,171220.0
NFE2,2,neg,COL4A1,-0.98648744493303,chr13-110412126-110412726,0.0,-105227.0
NFE2,2,neg,BCAT2,-1.48012357324167,chr19-48872787-48873387,0.0,-62008.0
NFE2,2,neg,BCAT2,-1.24893218351391,chr19-48963723-48964323,0.0,-152944.0
NFE2,2,neg,PTGIS,-1.06096303631121,chr20-49676794-49677394,0.0,-108898.0
NFE2,2,neg,PITPNB,-1.21171950000162,chr22-27726285-27726885,0.0,193599.0
NFE2,2,neg,PLXND1,-1.78623625256458,chr3-129603093-129603693,0.0,3475.0
NFE2,2,neg,ITGA9,-1.22819162846536,chr3-37301867-37302467,0.0,-149998.0
NFE2,2,neg,ZDHHC14,-1.56565866939115,chr6-157181500-157182100,3.65740740740741,-199383.0
GATA2,2,neg,SLK,-1.15887963548207,chr10-103928604-103929204,29.8203262786596,-38347.0
GATA2,2,neg,MRPL48,-0.663407641612261,chr11-73979849-73980449,0.0,192783.0
GATA2,2,neg,IVD,-1.1563523256194,chr15-40589651-40590251,0.0,184106.0
GATA2,2,neg,FAM174B,-0.75136227814997,chr15-92647695-92648295,0.476190476190476,161939.0
GATA2,2,neg,BCAT2,-1.48012357324167,chr19-48872787-48873387,0.0,-62008.0
GATA2,2,neg,BCAT2,-1.48377696782308,chr19-48999616-49000216,0.555555555555556,-188837.0
GATA2,2,neg,PITPNB,-0.771501296378873,chr22-27980714-27981314,0.0,-60830.0
GATA2,2,neg,SPP1,-1.97994770408887,chr4-87921548-87922148,0.0,-53852.0
JUN::JUNB,2,neg,COL4A1,-0.98648744493303,chr13-110412126-110412726,0.0,-105227.0
JUN::JUNB,2,neg,IGF2BP1,-0.877142763918033,chr17-49197164-49197764,0.0,200002.0
JUN::JUNB,2,neg,BCAT2,-1.48012357324167,chr19-48872787-48873387,0.0,-62008.0
JUN::JUNB,2,neg,PTGIS,-1.06096303631121,chr20-49676794-49677394,0.0,-108898.0
JUN::JUNB,2,neg,PITPNB,-1.21171950000162,chr22-27726285-27726885,0.0,193599.0
JUN::JUNB,2,neg,ITGA9,-1.22819162846536,chr3-37301867-37302467,0.0,-149998.0
JUN::JUNB,2,neg,ZDHHC14,-1.56565866939115,chr6-157181500-157182100,3.65740740740741,-199383.0
FOSL2::JUN,2,neg,COL4A1,-0.98648744493303,chr13-110412126-110412726,0.0,-105227.0
FOSL2::JUN,2,neg,ERCC1,-2.12586396259801,chr19-45424207-45424807,0.0,54371.0
FOSL2::JUN,2,neg,BCAT2,-1.48012357324167,chr19-48872787-48873387,0.0,-62008.0
FOSL2::JUN,2,neg,BCAT2,-1.24893218351391,chr19-48963723-48964323,0.0,-152944.0
FOSL2::JUN,2,neg,PTGIS,-1.06096303631121,chr20-49676794-49677394,0.0,-108898.0
FOSL2::JUN,2,neg,PITPNB,-1.21171950000162,chr22-27726285-27726885,0.0,193599.0
FOSL2::JUN,2,neg,ITGA9,-1.22819162846536,chr3-37301867-37302467,0.0,-149998.0
FOSL2::JUN,2,neg,ZDHHC14,-1.56565866939115,chr6-157181500-157182100,3.65740740740741,-199383.0
FOSL1::JUND,2,neg,COL4A1,-0.98648744493303,chr13-110412126-110412726,0.0,-105227.0
FOSL1::JUND,2,neg,IGF2BP1,-0.877142763918033,chr17-49197164-49197764,0.0,200002.0
FOSL1::JUND,2,neg,ERCC1,-2.12586396259801,chr19-45424207-45424807,0.0,54371.0
FOSL1::JUND,2,neg,BCAT2,-1.48012357324167,chr19-48872787-48873387,0.0,-62008.0
FOSL1::JUND,2,neg,BCAT2,-1.24893218351391,chr19-48963723-48964323,0.0,-152944.0
FOSL1::JUND,2,neg,PTGIS,-1.06096303631121,chr20-49676794-49677394,0.0,-108898.0
FOSL1::JUND,2,neg,PITPNB,-1.21171950000162,chr22-27726285-27726885,0.0,193599.0
SOX4,3,neg,SLK,-0.849863307571989,chr10-103928604-103929204,31.7570546737213,-38347.0
SOX4,3,neg,TAOK3,-0.46773314061788,chr12-118277628-118278228,8.06216931216931,95067.0
SOX4,3,neg,EPSTI1,-0.887526391765903,chr13-43153569-43154169,0.0,-161548.0
SOX4,3,neg,BTBD1,-0.903650409617987,chr15-82931063-82931663,29.2173721340388,136041.0
SOX4,3,neg,CFLAR,-0.657072733468459,chr2-201069197-201069797,0.0793650793650794,-46657.0
SOX4,3,neg,ARFIP1,-1.1998204093572,chr4-152926756-152927356,0.228174603174603,147069.0
SOX4,3,neg,TRIM75P,-1.14085917719934,chr4-164954013-164954613,15.3858024691358,-104885.0
SOX4,3,neg,KMT2C,-0.897675180175248,chr7-152491591-152492191,10.8994708994709,-55836.0
GSX1,3,neg,THYN1,-1.36426698692067,chr11-134360127-134360727,0.0,-107007.0
GSX1,3,neg,NPLOC4,-1.0053929150679,chr17-81582711-81583311,21.1772486772487,65504.0
GSX1,3,neg,FAM126B,-1.3973961974326,chr2-200968051-200968651,14.2294973544974,103370.0
GSX1,3,neg,TNK2,-1.74415559944224,chr3-195855725-195856325,9.20634920634921,55970.0
GSX1,3,neg,KMT2C,-0.897675180175248,chr7-152491591-152492191,10.8994708994709,-55836.0
TEAD4,3,neg,WNT9A,-1.45238467808434,chr1-227868244-227868844,28.6585097001764,79404.0
TEAD4,3,neg,THYN1,-1.36426698692067,chr11-134360127-134360727,0.0,-107007.0
TEAD4,3,neg,EPSTI1,-0.887526391765903,chr13-43153569-43154169,0.0,-161548.0
TEAD4,3,neg,KREMEN2,-1.36906886860967,chr16-2778197-2778797,0.0,-185497.0
TEAD4,3,neg,ACOX1,-0.657567472606784,chr17-76074367-76074967,0.0,-95254.0
TEAD4,3,neg,FAM126B,-1.3973961974326,chr2-200968051-200968651,14.2294973544974,103370.0
TEAD4,3,neg,CFLAR,-0.657072733468459,chr2-201069197-201069797,0.0793650793650794,-46657.0
TEAD4,3,neg,TRIM75P,-1.14085917719934,chr4-164954013-164954613,15.3858024691358,-104885.0
TEAD4,3,neg,TSPAN13,-1.98734188927489,chr7-16762106-16762706,0.0,8821.0
TEAD1,3,neg,WNT9A,-1.45238467808434,chr1-227868244-227868844,28.6585097001764,79404.0
TEAD1,3,neg,THYN1,-1.36426698692067,chr11-134360127-134360727,0.0,-107007.0
TEAD1,3,neg,EPSTI1,-0.887526391765903,chr13-43153569-43154169,0.0,-161548.0
TEAD1,3,neg,KREMEN2,-1.36906886860967,chr16-2778197-2778797,0.0,-185497.0
TEAD1,3,neg,ACOX1,-0.657567472606784,chr17-76074367-76074967,0.0,-95254.0
TEAD1,3,neg,FAM126B,-1.3973961974326,chr2-200968051-200968651,14.2294973544974,103370.0
TEAD1,3,neg,TRIM75P,-1.14085917719934,chr4-164954013-164954613,15.3858024691358,-104885.0
TEAD1,3,neg,TSPAN13,-1.98734188927489,chr7-16762106-16762706,0.0,8821.0
TEAD1,3,neg,TNRC18,-1.85379928804042,chr7-5524508-5525108,0.0,-99344.0
ESR2,3,neg,TAF13,-1.5464225120712,chr1-108876007-108876607,0.0,199745.0
ESR2,3,neg,EPSTI1,-0.887526391765903,chr13-43153569-43154169,0.0,-161548.0
ESR2,3,neg,FAM174B,-1.8983834128461,chr15-92830255-92830855,2.48015873015873,-20621.0
ESR2,3,neg,KREMEN2,-1.53886193516653,chr16-2789495-2790095,0.0,-174199.0
ESR2,3,neg,ACOX1,-0.657567472606784,chr17-76074367-76074967,0.0,-95254.0
ESR2,3,neg,NPLOC4,-1.0053929150679,chr17-81582711-81583311,21.1772486772487,65504.0
ESR2,3,neg,TBCD,-0.52349632238379,chr17-82679423-82680023,0.505952380952381,-72391.0
ESR2,3,neg,HSBP1L1,-1.08681926575693,chr18-79945009-79945609,18.5196208112875,-19302.0
ESR2,3,neg,FAM126B,-1.3973961974326,chr2-200968051-200968651,14.2294973544974,103370.0
ESR2,3,neg,ERVH48-1,-1.14587797157332,chr21-42971136-42971736,0.277777777777778,-45740.0
ESR2,3,neg,DNMT3L,-0.905627182867038,chr21-44270495-44271095,0.324074074074074,-8529.0
ESR2,3,neg,AIRE,-0.982059937184112,chr21-44270495-44271095,0.416666666666667,-15093.0
ESR2,3,neg,ARFIP1,-1.1998204093572,chr4-152926756-152927356,0.228174603174603,147069.0
SOX21,3,neg,TAOK3,-0.46773314061788,chr12-118277628-118278228,8.06216931216931,95067.0
SOX21,3,neg,UBE2Q2,-0.917413013759656,chr15-75921653-75922253,0.0,78618.0
SOX21,3,neg,BTBD1,-0.903650409617987,chr15-82931063-82931663,29.2173721340388,136041.0
SOX21,3,neg,NPLOC4,-1.0053929150679,chr17-81582711-81583311,21.1772486772487,65504.0
SOX21,3,neg,MFSD4B,-1.02688701842026,chr6-111300807-111301407,24.8401675485009,41709.0
SOX21,3,neg,KMT2C,-0.897675180175248,chr7-152491591-152492191,10.8994708994709,-55836.0
RORC,3,neg,TMEM132D,-0.971849483051459,chr12-130042091-130042691,0.0,-138675.0
RORC,3,neg,SLC2A3,-1.32984663633268,chr12-8045853-8046453,0.0,-109828.0
RORC,3,neg,KREMEN2,-0.891812515436521,chr16-2892944-2893544,0.0,-70750.0
RORC,3,neg,CEP68,-1.41152046906713,chr2-65117637-65118237,0.0,61521.0
RORC,3,neg,KMT2C,-1.34631633386701,chr7-152463624-152464224,0.0,-27869.0
THAP1,3,neg,CR2,-1.09380350472013,chr1-207321238-207321838,0.0,-132742.0
THAP1,3,neg,WNT9A,-1.45238467808434,chr1-227868244-227868844,28.6585097001764,79404.0
THAP1,3,neg,SLK,-0.849863307571989,chr10-103928604-103929204,31.7570546737213,-38347.0
THAP1,3,neg,KIF21A,-1.8332817703938,chr12-39410655-39411255,0.0,32485.0
THAP1,3,neg,SLC2A3,-1.32984663633268,chr12-8045853-8046453,0.0,-109828.0
THAP1,3,neg,DYNC1H1,-1.40174806123517,chr14-102057774-102058374,0.555555555555556,93496.0
THAP1,3,neg,NPLOC4,-0.779095899700634,chr17-81801317-81801917,24.8765432098765,-153102.0
THAP1,3,neg,IRF3,-1.12666875720724,chr19-49854300-49854900,0.0,-188675.0
THAP1,3,neg,GRHL1,-1.77214866501154,chr2-10122366-10122966,0.0,170923.0
THAP1,3,neg,SF3B1,-2.53093550674928,chr2-197515706-197516306,0.0,-80865.0
THAP1,3,neg,FAM126B,-1.3973961974326,chr2-200968051-200968651,14.2294973544974,103370.0
THAP1,3,neg,KMT2C,-1.78907112448255,chr7-152550190-152550790,19.6009700176367,-114435.0
TEAD3,3,neg,WNT9A,-1.45238467808434,chr1-227868244-227868844,28.6585097001764,79404.0
TEAD3,3,neg,THYN1,-1.36426698692067,chr11-134360127-134360727,0.0,-107007.0
TEAD3,3,neg,EPSTI1,-0.887526391765903,chr13-43153569-43154169,0.0,-161548.0
TEAD3,3,neg,KREMEN2,-1.36906886860967,chr16-2778197-2778797,0.0,-185497.0
TEAD3,3,neg,ACOX1,-1.02579064911587,chr17-75981913-75982513,3.7147266313933,-2800.0
TEAD3,3,neg,ACOX1,-1.46427487487493,chr17-75998968-75999568,13.3542768959436,-19855.0
TEAD3,3,neg,ACOX1,-0.657567472606784,chr17-76074367-76074967,0.0,-95254.0
TEAD3,3,neg,TRIM75P,-1.14085917719934,chr4-164954013-164954613,15.3858024691358,-104885.0
TEAD3,3,neg,TSPAN13,-1.98734188927489,chr7-16762106-16762706,0.0,8821.0
FOXF2,3,neg,CR2,-1.09380350472013,chr1-207321238-207321838,0.0,-132742.0
FOXF2,3,neg,WNT9A,-1.45238467808434,chr1-227868244-227868844,28.6585097001764,79404.0
FOXF2,3,neg,KIF21A,-1.8332817703938,chr12-39410655-39411255,0.0,32485.0
FOXF2,3,neg,SLC2A3,-1.32984663633268,chr12-8045853-8046453,0.0,-109828.0
FOXF2,3,neg,FAM126B,-1.490146092556,chr2-201228853-201229453,18.3366402116402,-157432.0
FOXF2,3,neg,TNK2,-1.74415559944224,chr3-195855725-195856325,9.20634920634921,55970.0
FOXF2,3,neg,TRIM75P,-1.14085917719934,chr4-164954013-164954613,15.3858024691358,-104885.0
SOX13,3,neg,KIF21A,-1.8332817703938,chr12-39410655-39411255,0.0,32485.0
SOX13,3,neg,DYNC1H1,-1.40174806123517,chr14-102057774-102058374,0.555555555555556,93496.0
SOX13,3,neg,CDH1,-2.64065098738224,chr16-68538925-68539525,0.0,-198050.0
SOX13,3,neg,CFLAR,-0.657072733468459,chr2-201069197-201069797,0.0793650793650794,-46657.0
SOX13,3,neg,FAM126B,-1.490146092556,chr2-201228853-201229453,18.3366402116402,-157432.0
SOX13,3,neg,ARFIP1,-1.1998204093572,chr4-152926756-152927356,0.228174603174603,147069.0
SOX13,3,neg,MFSD4B,-1.00922781607664,chr6-111210196-111210796,0.347222222222222,-48902.0
RAX,3,neg,FAM174B,-1.8983834128461,chr15-92830255-92830855,2.48015873015873,-20621.0
RAX,3,neg,NPLOC4,-1.0053929150679,chr17-81582711-81583311,21.1772486772487,65504.0
RAX,3,neg,FAM126B,-1.3973961974326,chr2-200968051-200968651,14.2294973544974,103370.0
RAX,3,neg,TRIM75P,-1.14085917719934,chr4-164954013-164954613,15.3858024691358,-104885.0
RFX4,3,neg,SLC8B1,-1.89516466720492,chr12-113471575-113472175,0.873015873015873,-112332.0
RFX4,3,neg,ZNF83,-0.899235839365274,chr19-52693598-52694198,1.82539682539683,-3352.0
RFX4,3,neg,CFLAR,-0.657072733468459,chr2-201069197-201069797,0.0793650793650794,-46657.0
RFX4,3,neg,PSMD2,-0.970119664540739,chr3-184466481-184467081,1.79232804232804,168022.0
RFX4,3,neg,ARFIP1,-1.1998204093572,chr4-152926756-152927356,0.228174603174603,147069.0
RFX4,3,neg,NFX1,-0.938146005339217,chr9-33167757-33168357,0.0,-122504.0
GSX2,3,neg,THYN1,-1.36426698692067,chr11-134360127-134360727,0.0,-107007.0
GSX2,3,neg,FAM174B,-1.8983834128461,chr15-92830255-92830855,2.48015873015873,-20621.0
GSX2,3,neg,NPLOC4,-1.0053929150679,chr17-81582711-81583311,21.1772486772487,65504.0
GSX2,3,neg,FAM126B,-1.3973961974326,chr2-200968051-200968651,14.2294973544974,103370.0
GSX2,3,neg,TNK2,-1.74415559944224,chr3-195855725-195856325,9.20634920634921,55970.0
PKNOX2,3,neg,SH3PXD2A,-0.680783101625362,chr10-103767737-103768337,0.238095238095238,87556.0
PKNOX2,3,neg,SMC3,-1.33979443379423,chr10-110556896-110557496,8.1955467372134,-10545.0
PKNOX2,3,neg,CDH1,-2.64065098738224,chr16-68538925-68539525,0.0,-198050.0
PKNOX2,3,neg,ZNF83,-0.899235839365274,chr19-52693598-52694198,1.82539682539683,-3352.0
PKNOX2,3,neg,CFLAR,-0.657072733468459,chr2-201069197-201069797,0.0793650793650794,-46657.0
PKNOX2,3,neg,PSMD2,-0.970119664540739,chr3-184466481-184467081,1.79232804232804,168022.0
PKNOX2,3,neg,TRIM75P,-1.14085917719934,chr4-164954013-164954613,15.3858024691358,-104885.0
PKNOX2,3,neg,TNRC18,-1.85379928804042,chr7-5524508-5525108,0.0,-99344.0
ESR1,3,neg,TAF13,-1.5464225120712,chr1-108876007-108876607,0.0,199745.0
ESR1,3,neg,SMC3,-1.33979443379423,chr10-110556896-110557496,8.1955467372134,-10545.0
ESR1,3,neg,EPSTI1,-0.887526391765903,chr13-43153569-43154169,0.0,-161548.0
ESR1,3,neg,KREMEN2,-1.53886193516653,chr16-2789495-2790095,0.0,-174199.0
ESR1,3,neg,ACOX1,-1.02579064911587,chr17-75981913-75982513,3.7147266313933,-2800.0
ESR1,3,neg,ACOX1,-0.657567472606784,chr17-76074367-76074967,0.0,-95254.0
ESR1,3,neg,TBC1D17,-0.798463339283122,chr19-49857037-49857637,0.0,-20138.0
ESR1,3,neg,ERVH48-1,-1.14587797157332,chr21-42971136-42971736,0.277777777777778,-45740.0
ESR1,3,neg,DNMT3L,-0.905627182867038,chr21-44270495-44271095,0.324074074074074,-8529.0
ESR1,3,neg,AIRE,-0.982059937184112,chr21-44270495-44271095,0.416666666666667,-15093.0
ESR1,3,neg,PSMD2,-0.970119664540739,chr3-184466481-184467081,1.79232804232804,168022.0
ESR1,3,neg,ARFIP1,-1.1998204093572,chr4-152926756-152927356,0.228174603174603,147069.0
EN1,3,neg,PSMD2,-1.34506449962997,chr3-184183938-184184538,11.5343915343915,-114521.0
EN1,3,neg,TRIM75P,-1.14085917719934,chr4-164954013-164954613,15.3858024691358,-104885.0
EN1,3,neg,KMT2C,-0.897675180175248,chr7-152491591-152492191,10.8994708994709,-55836.0
RAX2,3,neg,THYN1,-1.36426698692067,chr11-134360127-134360727,0.0,-107007.0
RAX2,3,neg,NPLOC4,-1.0053929150679,chr17-81582711-81583311,21.1772486772487,65504.0
RAX2,3,neg,FAM126B,-1.3973961974326,chr2-200968051-200968651,14.2294973544974,103370.0
RAX2,3,neg,TNK2,-1.74415559944224,chr3-195855725-195856325,9.20634920634921,55970.0
TP73,3,neg,CEP68,-1.41152046906713,chr2-65117637-65118237,0.0,61521.0
TP73,3,neg,DNMT3L,-0.905627182867038,chr21-44270495-44271095,0.324074074074074,-8529.0
TP73,3,neg,AIRE,-0.982059937184112,chr21-44270495-44271095,0.416666666666667,-15093.0
TP73,3,neg,TRIM75P,-1.14085917719934,chr4-164954013-164954613,15.3858024691358,-104885.0
TP73,3,neg,TNRC18,-1.85379928804042,chr7-5524508-5525108,0.0,-99344.0
NHLH1,3,neg,TAF13,-1.5464225120712,chr1-108876007-108876607,0.0,199745.0
NHLH1,3,neg,TAF13,-0.858092407187791,chr1-109239314-109239914,0.0,-163562.0
NHLH1,3,neg,CR2,-1.09380350472013,chr1-207321238-207321838,0.0,-132742.0
NHLH1,3,neg,AL390728.6,-0.837215535670447,chr1-247332478-247333078,0.0,-144202.0
NHLH1,3,neg,GBF1,-0.581478238686336,chr10-102065613-102066213,0.0,-179669.0
NHLH1,3,neg,SLC8B1,-1.89516466720492,chr12-113471575-113472175,0.873015873015873,-112332.0
NHLH1,3,neg,TMEM132D,-0.971849483051459,chr12-130042091-130042691,0.0,-138675.0
NHLH1,3,neg,KREMEN2,-1.36906886860967,chr16-2778197-2778797,0.0,-185497.0
NHLH1,3,neg,KREMEN2,-1.53886193516653,chr16-2789495-2790095,0.0,-174199.0
NHLH1,3,neg,NPLOC4,-1.0053929150679,chr17-81582711-81583311,21.1772486772487,65504.0
NHLH1,3,neg,TBCD,-0.52349632238379,chr17-82679423-82680023,0.505952380952381,-72391.0
NHLH1,3,neg,HSBP1L1,-1.08681926575693,chr18-79945009-79945609,18.5196208112875,-19302.0
NHLH1,3,neg,IRF3,-1.12666875720724,chr19-49854300-49854900,0.0,-188675.0
NHLH1,3,neg,TBC1D17,-0.798463339283122,chr19-49857037-49857637,0.0,-20138.0
NHLH1,3,neg,GRHL1,-1.77214866501154,chr2-10122366-10122966,0.0,170923.0
NHLH1,3,neg,SF3B1,-2.53093550674928,chr2-197515706-197516306,0.0,-80865.0
RFX3,3,neg,SLC8B1,-1.89516466720492,chr12-113471575-113472175,0.873015873015873,-112332.0
RFX3,3,neg,ZNF83,-0.899235839365274,chr19-52693598-52694198,1.82539682539683,-3352.0
RFX3,3,neg,CFLAR,-0.657072733468459,chr2-201069197-201069797,0.0793650793650794,-46657.0
RFX3,3,neg,ARFIP1,-1.1998204093572,chr4-152926756-152927356,0.228174603174603,147069.0
RFX3,3,neg,NFX1,-0.938146005339217,chr9-33167757-33168357,0.0,-122504.0
LMX1B,3,neg,THYN1,-1.36426698692067,chr11-134360127-134360727,0.0,-107007.0
LMX1B,3,neg,FAM126B,-1.3973961974326,chr2-200968051-200968651,14.2294973544974,103370.0
LMX1B,3,neg,TNK2,-1.74415559944224,chr3-195855725-195856325,9.20634920634921,55970.0
UNCX,3,neg,THYN1,-1.36426698692067,chr11-134360127-134360727,0.0,-107007.0
UNCX,3,neg,FAM126B,-1.3973961974326,chr2-200968051-200968651,14.2294973544974,103370.0
UNCX,3,neg,TNK2,-1.74415559944224,chr3-195855725-195856325,9.20634920634921,55970.0
LMX1A,3,neg,THYN1,-1.36426698692067,chr11-134360127-134360727,0.0,-107007.0
LMX1A,3,neg,FAM126B,-1.3973961974326,chr2-200968051-200968651,14.2294973544974,103370.0
LMX1A,3,neg,TNK2,-1.74415559944224,chr3-195855725-195856325,9.20634920634921,55970.0
LBX2,3,neg,FAM174B,-1.8983834128461,chr15-92830255-92830855,2.48015873015873,-20621.0
LBX2,3,neg,NPLOC4,-1.0053929150679,chr17-81582711-81583311,21.1772486772487,65504.0
LBX2,3,neg,FAM126B,-1.3973961974326,chr2-200968051-200968651,14.2294973544974,103370.0
LBX2,3,neg,KMT2C,-0.897675180175248,chr7-152491591-152492191,10.8994708994709,-55836.0
NR2F1,3,neg,TAF13,-0.625174946282984,chr1-109052522-109053122,0.0,23230.0
NR2F1,3,neg,TAOK3,-0.46773314061788,chr12-118277628-118278228,8.06216931216931,95067.0
NR2F1,3,neg,SLC2A3,-1.32984663633268,chr12-8045853-8046453,0.0,-109828.0
NR2F1,3,neg,DYNC1H1,-1.40174806123517,chr14-102057774-102058374,0.555555555555556,93496.0
NR2F1,3,neg,ACOX1,-1.46427487487493,chr17-75998968-75999568,13.3542768959436,-19855.0
NR2F1,3,neg,ACOX1,-0.657567472606784,chr17-76074367-76074967,0.0,-95254.0
NR2F1,3,neg,ZNF83,-0.899235839365274,chr19-52693598-52694198,1.82539682539683,-3352.0
NR2F1,3,neg,DNMT3L,-0.905627182867038,chr21-44270495-44271095,0.324074074074074,-8529.0
NR2F1,3,neg,AIRE,-0.982059937184112,chr21-44270495-44271095,0.416666666666667,-15093.0
NR2F1,3,neg,PSMD2,-1.34506449962997,chr3-184183938-184184538,11.5343915343915,-114521.0
NR2F1,3,neg,ARFIP1,-1.1998204093572,chr4-152926756-152927356,0.228174603174603,147069.0
NR2F1,3,neg,KMT2C,-0.897675180175248,chr7-152491591-152492191,10.8994708994709,-55836.0
NR2F1,3,neg,TNRC18,-1.85379928804042,chr7-5524508-5525108,0.0,-99344.0
NR2F1,3,neg,NFX1,-0.938146005339217,chr9-33167757-33168357,0.0,-122504.0
EGR1,4,neg,H3F3A,-0.943360800589171,chr1-225969535-225970135,1.07142857142857,-92066.0
EGR1,4,neg,WNT9A,-1.74081689816408,chr1-228059497-228060097,0.0,-111849.0
EGR1,4,neg,WNT9A,-2.69250108639991,chr1-228139800-228140400,0.0,-192152.0
EGR1,4,neg,MAP3K21,-1.61118345490714,chr1-233327099-233327699,0.0,-419.0
EGR1,4,neg,ARHGAP42,-1.03891564630666,chr11-100686883-100687483,0.0,-520.0
EGR1,4,neg,FOXR1,-1.53131980132145,chr11-119056994-119057594,0.0,85537.0
EGR1,4,neg,CDK2AP1,-1.06741161421632,chr12-123270934-123271534,0.0,1150.0
EGR1,4,neg,CDK2AP1,-0.999742656626611,chr12-123271585-123272185,0.0,499.0
EGR1,4,neg,EIF2AK4,-1.10970677501646,chr15-39976515-39977115,0.0,42619.0
EGR1,4,neg,CIB2,-1.36142950777207,chr15-77999955-78000555,1.50132275132275,131339.0
EGR1,4,neg,SLC7A6,-2.37913109670784,chr16-68310685-68311285,0.0,46419.0
EGR1,4,neg,METTL16,-1.86223297530248,chr17-2711572-2712172,0.0,-199931.0
EGR1,4,neg,FN3K,-0.533830956100457,chr17-82710152-82710752,0.634920634920635,-25173.0
EGR1,4,neg,TRIOBP,-1.03403190380548,chr22-37560170-37560770,0.0,-136584.0
EGR1,4,neg,PSMD2,-0.939819616206679,chr3-184466481-184467081,0.843253968253968,168022.0
EGR1,4,neg,ANAPC10,-1.93728531219133,chr4-145180379-145180979,0.0,-82088.0
EGR1,4,neg,SLC2A12,-1.36625114501456,chr6-134174666-134175266,0.0,-122280.0
EGR1,4,neg,TNRC18,-0.688558201422232,chr7-5421157-5421757,0.0,4007.0
EGR1,4,neg,CNTRL,-0.999099077608476,chr9-121201606-121202206,0.0,126993.0
EGR1,4,neg,NPDC1,-1.31838951394197,chr9-137168024-137168624,0.277777777777778,-122071.0
MEOX2,4,neg,NAA25,-1.96066286776211,chr12-111945094-111945694,0.0,163678.0
MEOX2,4,neg,METTL16,-1.63301986837244,chr17-2590889-2591489,0.0,-79248.0
MEOX2,4,neg,GJA1,-1.5846278463588,chr6-121438214-121438814,9.66820987654321,2772.0
MEOX2,4,neg,FUT9,-1.54242660653083,chr6-96162652-96163252,2.35119047619048,146918.0
NFIC,4,neg,NES,-1.40047610053734,chr1-156607966-156608566,0.0,69181.0
NFIC,4,neg,SPTLC2,-0.546884234380519,chr14-77662364-77662964,0.0,-45841.0
NFIC,4,neg,CIB2,-1.36142950777207,chr15-77999955-78000555,1.50132275132275,131339.0
NFIC,4,neg,SLC7A6,-2.37913109670784,chr16-68310685-68311285,0.0,46419.0
NFIC,4,neg,METTL16,-1.63301986837244,chr17-2590889-2591489,0.0,-79248.0
NFIC,4,neg,TBC1D17,-1.42729543063946,chr19-49857869-49858469,0.0,-19306.0
NFIC,4,neg,RGPD8,-1.40731541563366,chr2-112259337-112259937,0.0,174901.0
NFIC,4,neg,CFLAR,-1.09044682070632,chr2-201257182-201257782,0.0,141328.0
NFIC,4,neg,ANAPC10,-1.93728531219133,chr4-145180379-145180979,0.0,-82088.0
NFIC,4,neg,WDR86,-0.960633594812584,chr7-151520416-151521016,0.0,-109939.0
CUX1,4,neg,H3F3A,-0.546009916627278,chr1-226113734-226114334,2.45701058201058,52133.0
CUX1,4,neg,H3F3A,-1.30429543974358,chr1-226196869-226197469,0.0,135268.0
CUX1,4,neg,WDR11,-0.956663086496066,chr10-120948770-120949370,0.0,97845.0
CUX1,4,neg,ARHGAP42,-0.894485744969274,chr11-100691781-100692381,0.0,4378.0
BATF3,4,neg,SLC25A44,-1.80389205158592,chr1-156060788-156061388,0.0,-132894.0
BATF3,4,neg,NES,-1.40047610053734,chr1-156607966-156608566,0.0,69181.0
BATF3,4,neg,NES,-0.496395361401264,chr1-156760405-156761005,0.0,-83258.0
BATF3,4,neg,H3F3A,-0.972757111976223,chr1-225945396-225945996,0.0,-116205.0
BATF3,4,neg,WNT9A,-2.69250108639991,chr1-228139800-228140400,0.0,-192152.0
KLF5,4,neg,SLC25A44,-1.80389205158592,chr1-156060788-156061388,0.0,-132894.0
KLF5,4,neg,NES,-0.496395361401264,chr1-156760405-156761005,0.0,-83258.0
KLF5,4,neg,H3F3A,-0.972757111976223,chr1-225945396-225945996,0.0,-116205.0
KLF5,4,neg,H3F3A,-0.365019852999098,chr1-225962275-225962875,0.0,-99326.0
KLF5,4,neg,H3F3A,-0.943360800589171,chr1-225969535-225970135,1.07142857142857,-92066.0
KLF5,4,neg,H3F3A,-0.546009916627278,chr1-226113734-226114334,2.45701058201058,52133.0
KLF5,4,neg,WNT9A,-1.74081689816408,chr1-228059497-228060097,0.0,-111849.0
KLF5,4,neg,WNT9A,-2.69250108639991,chr1-228139800-228140400,0.0,-192152.0
KLF5,4,neg,MAP3K21,-1.61118345490714,chr1-233327099-233327699,0.0,-419.0
KLF5,4,neg,LYST,-1.89548654312792,chr1-236064937-236065537,0.0,-181547.0
KLF5,4,neg,SH3PXD2A,-1.23243387579601,chr10-103917990-103918590,0.0,-62697.0
KLF5,4,neg,WDR11,-0.956663086496066,chr10-120948770-120949370,0.0,97845.0
KLF5,4,neg,ARHGAP42,-1.03891564630666,chr11-100686883-100687483,0.0,-520.0
KLF5,4,neg,ARHGAP42,-0.894485744969274,chr11-100691781-100692381,0.0,4378.0
KLF5,4,neg,FOXR1,-1.53131980132145,chr11-119056994-119057594,0.0,85537.0
KLF5,4,neg,FOXR1,-1.02531466517798,chr11-119102757-119103357,0.0,131300.0
KLF5,4,neg,CDK2AP1,-1.06741161421632,chr12-123270934-123271534,0.0,1150.0
KLF5,4,neg,CDK2AP1,-1.57310157555599,chr12-123389600-123390200,0.0,-117516.0
KLF5,4,neg,EPSTI1,-1.61855688251628,chr13-43191431-43192031,0.0,-199410.0
KLF5,4,neg,IVD,-0.783076468025053,chr15-40568983-40569583,0.0,163438.0
KLF5,4,neg,CIB2,-1.36142950777207,chr15-77999955-78000555,1.50132275132275,131339.0
KLF5,4,neg,CRABP1,-1.12804099417546,chr15-78381337-78381937,6.73500881834215,41263.0
KLF5,4,neg,FAM174B,-1.44215999299005,chr15-92693926-92694526,0.555555555555556,115708.0
KLF5,4,neg,KREMEN2,-1.29664954142014,chr16-3161615-3162215,0.0,197921.0
KLF5,4,neg,SLC7A6,-2.37913109670784,chr16-68310685-68311285,0.0,46419.0
KLF5,4,neg,METTL16,-1.11048804903919,chr17-2493116-2493716,0.0,18525.0
KLF5,4,neg,METTL16,-1.63301986837244,chr17-2590889-2591489,0.0,-79248.0
KLF5,4,neg,METTL16,-1.86223297530248,chr17-2711572-2712172,0.0,-199931.0
KLF5,4,neg,FN3K,-0.533830956100457,chr17-82710152-82710752,0.634920634920635,-25173.0
KLF5,4,neg,IRF3,-0.767990663926543,chr19-49677800-49678400,0.0,-12175.0
KLF5,4,neg,TBC1D17,-1.42729543063946,chr19-49857869-49858469,0.0,-19306.0
KLF5,4,neg,ZNF83,-0.588975836275842,chr19-52813231-52813831,0.670194003527337,-122985.0
KLF5,4,neg,RGPD8,-1.40731541563366,chr2-112259337-112259937,0.0,174901.0
KLF5,4,neg,CFLAR,-1.09044682070632,chr2-201257182-201257782,0.0,141328.0
KLF5,4,neg,KIF1A,-1.17716871045844,chr2-240832190-240832790,0.0,-12132.0
KLF5,4,neg,CEP68,-0.633578682465694,chr2-65129381-65129981,0.0,73265.0
KLF5,4,neg,SPECC1L,-1.47901895111451,chr22-24244909-24245509,0.0,-25658.0
KLF5,4,neg,TRIOBP,-1.03403190380548,chr22-37560170-37560770,0.0,-136584.0
KLF5,4,neg,PSMD2,-0.939819616206679,chr3-184466481-184467081,0.843253968253968,168022.0
KLF5,4,neg,PRDM1,-2.44535465709228,chr6-106140506-106141106,1.59942680776014,54436.0
KLF5,4,neg,CD24,-1.34730376116638,chr6-107079942-107080542,0.0,-104565.0
KLF5,4,neg,GJA1,-1.5846278463588,chr6-121438214-121438814,9.66820987654321,2772.0
KLF5,4,neg,SLC2A12,-1.96712957167368,chr6-133952821-133953421,0.0,99565.0
KLF5,4,neg,SLC2A12,-1.36625114501456,chr6-134174666-134175266,0.0,-122280.0
KLF5,4,neg,ATG9B,-2.09737460678145,chr7-151110919-151111519,0.0,-86670.0
KLF5,4,neg,WDR86,-0.960633594812584,chr7-151520416-151521016,0.0,-109939.0
KLF5,4,neg,TNRC18,-0.688558201422232,chr7-5421157-5421757,0.0,4007.0
KLF5,4,neg,CNTRL,-0.999099077608476,chr9-121201606-121202206,0.0,126993.0
KLF5,4,neg,DNM1,-0.680595945259434,chr9-128078837-128079437,1.28306878306878,-112568.0
KLF5,4,neg,NPDC1,-1.31838951394197,chr9-137168024-137168624,0.277777777777778,-122071.0
GLIS3,5,neg,FAM20B,-0.76610021928986,chr1-179120979-179121579,0.0,95425.0
GLIS3,5,neg,CDK2AP1,-1.52196541657742,chr12-123105361-123105961,0.0,166723.0
GLIS3,5,neg,KIF21A,-0.802350236263549,chr12-39443102-39443702,0.0,38.0
GLIS3,5,neg,TBC1D17,-1.16844740438425,chr19-49728197-49728797,3.29034391534392,-148978.0
GLIS3,5,neg,TRIOBP,-0.70954540628823,chr22-37804916-37805516,0.0,108162.0
GLIS3,5,neg,PLXND1,-0.819967820708371,chr3-129603093-129603693,0.0,3475.0
GLIS3,5,neg,SLC2A12,-0.676523023760115,chr6-133952821-133953421,0.0,99565.0
GLIS3,5,neg,NPDC1,-1.02280378186502,chr9-136859901-136860501,2.86728395061728,186052.0
HOXC10,5,neg,CDH1,-1.32175357838581,chr16-68749412-68750012,0.0,12437.0
HOXC10,5,neg,ATG16L1,-0.626579589963643,chr2-233122745-233123345,7.01102292768959,-87056.0
HOXC10,5,neg,WFDC2,-1.10849326352202,chr20-45585912-45586512,0.0,116456.0
ESX1,5,neg,SLC8B1,-0.545913047463633,chr12-113515009-113515609,0.0,-155766.0
ESX1,5,neg,ERCC1,-0.651101029806558,chr19-45639924-45640524,0.0,-161346.0
ESX1,5,neg,TBC1D17,-1.16844740438425,chr19-49728197-49728797,3.29034391534392,-148978.0
CREB3L1,5,neg,TXNIP,-0.618573124620475,chr1-145858783-145859383,0.0,137567.0
CREB3L1,5,neg,SLC7A6,-1.58841946227536,chr16-68229256-68229856,0.0,-35010.0
CREB3L1,5,neg,SLC7A6,-1.11047416698614,chr16-68264239-68264839,0.0,-27.0
CREB3L1,5,neg,NR6A1,-1.5997091905696,chr9-124855792-124856392,0.0,-84732.0
POU4F3,5,neg,ERCC1,-0.651101029806558,chr19-45639924-45640524,0.0,-161346.0
POU4F3,5,neg,BCAT2,-2.07409141306931,chr19-48781004-48781604,0.833333333333333,29775.0
POU4F3,5,neg,IRF3,-0.474648121289768,chr19-49546832-49547432,0.0,118793.0
POU4F3,5,neg,NF2,-1.58051690923124,chr22-29720460-29721060,0.0,117154.0
NEUROD1,5,neg,TXNIP,-0.618573124620475,chr1-145858783-145859383,0.0,137567.0
NEUROD1,5,neg,ACTA1,-0.649658886295486,chr1-229416475-229417075,10.9993386243386,17373.0
NEUROD1,5,neg,KIF21A,-0.549064271390257,chr12-39619577-39620177,0.0,-176437.0
NEUROD1,5,neg,SLC7A6,-1.58841946227536,chr16-68229256-68229856,0.0,-35010.0
NEUROD1,5,neg,TRIOBP,-0.70954540628823,chr22-37804916-37805516,0.0,108162.0
NEUROD1,5,neg,PLXND1,-0.819967820708371,chr3-129603093-129603693,0.0,3475.0
NEUROD1,5,neg,NR6A1,-1.5997091905696,chr9-124855792-124856392,0.0,-84732.0
GATA3,5,neg,BCAT2,-2.07409141306931,chr19-48781004-48781604,0.833333333333333,29775.0
GATA3,5,neg,IRF3,-0.756584349748887,chr19-49772672-49773272,6.88999118165785,-107047.0
GATA3,5,neg,WFDC2,-0.971252794710308,chr20-45319145-45319745,0.0,-150311.0
PAX4,5,neg,SLC8B1,-0.545913047463633,chr12-113515009-113515609,0.0,-155766.0
PAX4,5,neg,TBC1D17,-1.16844740438425,chr19-49728197-49728797,3.29034391534392,-148978.0
CREB3,5,neg,TXNIP,-0.618573124620475,chr1-145858783-145859383,0.0,137567.0
CREB3,5,neg,SLC7A6,-1.11047416698614,chr16-68264239-68264839,0.0,-27.0
CREB3,5,neg,NR6A1,-1.5997091905696,chr9-124855792-124856392,0.0,-84732.0
ZNF263,5,neg,TXNIP,-0.618573124620475,chr1-145858783-145859383,0.0,137567.0
ZNF263,5,neg,FAM20B,-1.21031270015735,chr1-179026336-179026936,0.0,782.0
ZNF263,5,neg,FAM20B,-0.76610021928986,chr1-179120979-179121579,0.0,95425.0
ZNF263,5,neg,H3F3A,-0.803637770369335,chr1-226115706-226116306,2.82407407407407,54105.0
ZNF263,5,neg,SLC8B1,-0.545913047463633,chr12-113515009-113515609,0.0,-155766.0
ZNF263,5,neg,CDK2AP1,-1.52196541657742,chr12-123105361-123105961,0.0,166723.0
ZNF263,5,neg,KIF21A,-0.802350236263549,chr12-39443102-39443702,0.0,38.0
ZNF263,5,neg,KIF21A,-0.549064271390257,chr12-39619577-39620177,0.0,-176437.0
ZNF263,5,neg,SLC7A6,-1.58841946227536,chr16-68229256-68229856,0.0,-35010.0
ZNF263,5,neg,HAS3,-1.79434503568092,chr16-68953353-68953953,0.0,-151961.0
ZNF263,5,neg,IRF3,-0.474648121289768,chr19-49546832-49547432,0.0,118793.0
ZNF263,5,neg,TBC1D17,-1.16844740438425,chr19-49728197-49728797,3.29034391534392,-148978.0
ZNF263,5,neg,IRF3,-0.756584349748887,chr19-49772672-49773272,6.88999118165785,-107047.0
ZNF263,5,neg,ATG16L1,-0.626579589963643,chr2-233122745-233123345,7.01102292768959,-87056.0
ZNF263,5,neg,WFDC2,-0.971252794710308,chr20-45319145-45319745,0.0,-150311.0
ZNF263,5,neg,WFDC2,-1.10849326352202,chr20-45585912-45586512,0.0,116456.0
ZNF263,5,neg,NF2,-1.58051690923124,chr22-29720460-29721060,0.0,117154.0
ZNF263,5,neg,TRIOBP,-0.70954540628823,chr22-37804916-37805516,0.0,108162.0
ZNF263,5,neg,PLXND1,-0.819967820708371,chr3-129603093-129603693,0.0,3475.0
ZNF263,5,neg,SLC2A12,-0.676523023760115,chr6-133952821-133953421,0.0,99565.0
ZNF263,5,neg,NPDC1,-1.02280378186502,chr9-136859901-136860501,2.86728395061728,186052.0
HIC2,5,neg,SLC2A3,-1.18956519721337,chr12-7968181-7968781,0.0,-32156.0
HIC2,5,neg,SLC7A6,-1.58841946227536,chr16-68229256-68229856,0.0,-35010.0
HIC2,5,neg,TBC1D17,-1.16844740438425,chr19-49728197-49728797,3.29034391534392,-148978.0
HIC2,5,neg,WFDC2,-0.971252794710308,chr20-45319145-45319745,0.0,-150311.0
HIC2,5,neg,SLC2A12,-0.676523023760115,chr6-133952821-133953421,0.0,99565.0
HIC2,5,neg,NR6A1,-1.5997091905696,chr9-124855792-124856392,0.0,-84732.0
FOSL2::JUND(var.2),6,neg,RAB13,-0.617559932368097,chr1-153958415-153959015,0.0,27693.0
FOSL2::JUND(var.2),6,neg,SLC25A44,-1.84296286730389,chr1-156060788-156061388,0.0,-132894.0
FOSL2::JUND(var.2),6,neg,WNT9A,-0.936079550810398,chr1-228103046-228103646,0.0,-155398.0
FOSL2::JUND(var.2),6,neg,DMKN,-1.59464861069822,chr19-35545263-35545863,0.0,-31855.0
FOSL2::JUND(var.2),6,neg,ERCC1,-1.13600353820809,chr19-45577373-45577973,0.0,-98795.0
FOSL2::JUND(var.2),6,neg,TNNI3,-0.42658454135052,chr19-55113578-55114178,0.0,43945.0
FOSL2::JUND(var.2),6,neg,MARCKS,-0.600581235899966,chr6-113776885-113777485,0.0,-80227.0
JUNB(var.2),6,neg,SLC25A44,-1.84296286730389,chr1-156060788-156061388,0.0,-132894.0
JUNB(var.2),6,neg,WNT9A,-0.936079550810398,chr1-228103046-228103646,0.0,-155398.0
JUNB(var.2),6,neg,DMKN,-1.59464861069822,chr19-35545263-35545863,0.0,-31855.0
JUNB(var.2),6,neg,ERCC1,-1.13600353820809,chr19-45577373-45577973,0.0,-98795.0
JUNB(var.2),6,neg,TNNI3,-0.42658454135052,chr19-55113578-55114178,0.0,43945.0
FOSB::JUNB(var.2),6,neg,SLC25A44,-1.84296286730389,chr1-156060788-156061388,0.0,-132894.0
FOSB::JUNB(var.2),6,neg,WNT9A,-0.936079550810398,chr1-228103046-228103646,0.0,-155398.0
FOSB::JUNB(var.2),6,neg,DMKN,-1.59464861069822,chr19-35545263-35545863,0.0,-31855.0
FOSB::JUNB(var.2),6,neg,ERCC1,-1.13600353820809,chr19-45577373-45577973,0.0,-98795.0
FOSB::JUNB(var.2),6,neg,TNNI3,-0.42658454135052,chr19-55113578-55114178,0.0,43945.0
FOSB::JUNB(var.2),6,neg,MARCKS,-0.600581235899966,chr6-113776885-113777485,0.0,-80227.0
JUND,6,neg,SC5D,-1.38491684741374,chr11-121248846-121249446,0.0,-43357.0
JUND,6,neg,COL4A1,-1.63315234223948,chr13-110412126-110412726,0.525793650793651,-105227.0
JUND,6,neg,COTL1,-1.32532326549658,chr16-84806464-84807064,1.0218253968254,-188637.0
JUND,6,neg,BCAT2,-0.650938845650262,chr19-48963723-48964323,0.0,-152944.0
JUND,6,neg,TBC1D17,-0.946581283132869,chr19-50036835-50037435,0.0,159660.0
JUND,6,neg,CEP68,-1.3684394638511,chr2-65131462-65132062,0.0,75346.0
JUND,6,neg,GAP43,-1.56300223526054,chr3-115819659-115820259,0.0,196585.0
JUND,6,neg,PLXND1,-1.0046506026902,chr3-129603093-129603693,0.0925925925925926,3475.0
JUND,6,neg,TRIP6,-0.798320188444912,chr7-100802045-100802645,0.0,-64843.0
FOSL1::JUN(var.2),6,neg,SLC25A44,-1.84296286730389,chr1-156060788-156061388,0.0,-132894.0
FOSL1::JUN(var.2),6,neg,WNT9A,-0.936079550810398,chr1-228103046-228103646,0.0,-155398.0
FOSL1::JUN(var.2),6,neg,DMKN,-1.59464861069822,chr19-35545263-35545863,0.0,-31855.0
FOSL1::JUN(var.2),6,neg,ERCC1,-1.13600353820809,chr19-45577373-45577973,0.0,-98795.0
FOSL1::JUN(var.2),6,neg,TNNI3,-0.42658454135052,chr19-55113578-55114178,0.0,43945.0
HSF2,6,neg,HNRNPU,-0.693852898166858,chr1-244829079-244829679,5.06944444444444,35231.0
HSF2,6,neg,EPSTI1,-0.830538009534982,chr13-43191431-43192031,0.0,-199410.0
HSF2,6,neg,METTL16,-1.15000647698103,chr17-2711572-2712172,0.0,-199931.0
HSF2,6,neg,ERCC1,-0.700601262222779,chr19-45597456-45598056,0.0,-118878.0
HSF2,6,neg,BCAT2,-0.940036699352423,chr19-48983358-48983958,0.0,-172579.0
HSF2,6,neg,IRF3,-0.8991529330771,chr19-49669919-49670519,0.0,-4294.0
HSF2,6,neg,TRIP6,-0.649472124539995,chr7-101016923-101017523,0.0,150035.0
HSF2,6,neg,WDR86,-1.18781249277091,chr7-151410415-151411015,0.0,62.0
CREB1,6,neg,SLC25A44,-1.84296286730389,chr1-156060788-156061388,0.0,-132894.0
CREB1,6,neg,WNT9A,-0.936079550810398,chr1-228103046-228103646,0.0,-155398.0
CREB1,6,neg,COL4A1,-1.63315234223948,chr13-110412126-110412726,0.525793650793651,-105227.0
CREB1,6,neg,DMKN,-1.59464861069822,chr19-35545263-35545863,0.0,-31855.0
CREB1,6,neg,BCAT2,-0.650938845650262,chr19-48963723-48964323,0.0,-152944.0
CREB1,6,neg,TNNI3,-0.42658454135052,chr19-55113578-55114178,0.0,43945.0
CREB1,6,neg,MARCKS,-0.600581235899966,chr6-113776885-113777485,0.0,-80227.0
JUN,6,neg,GPR89A,-0.615754779867408,chr1-145753773-145754373,0.416666666666667,146033.0
JUN,6,neg,RAB13,-0.617559932368097,chr1-153958415-153959015,0.0,27693.0
JUN,6,neg,SLC25A44,-1.84296286730389,chr1-156060788-156061388,0.0,-132894.0
JUN,6,neg,WNT9A,-0.921248358315312,chr1-228109073-228109673,0.0,-161425.0
JUN,6,neg,ERCC1,-1.13600353820809,chr19-45577373-45577973,0.0,-98795.0
JUN,6,neg,BCAT2,-0.650938845650262,chr19-48963723-48964323,0.0,-152944.0
JUN,6,neg,TNNI3,-0.42658454135052,chr19-55113578-55114178,0.0,43945.0
JUN,6,neg,MARCKS,-0.600581235899966,chr6-113776885-113777485,0.0,-80227.0
ARNT::HIF1A,6,neg,MARCKSL1,-0.480665810165032,chr1-32179369-32179969,0.0,156760.0
ARNT::HIF1A,6,neg,CDK2AP1,-0.600585352559447,chr12-123150802-123151402,0.0,121282.0
ARNT::HIF1A,6,neg,IRF3,-0.8991529330771,chr19-49669919-49670519,0.0,-4294.0
ARNT::HIF1A,6,neg,TNNI3,-0.42658454135052,chr19-55113578-55114178,0.0,43945.0
ARNT::HIF1A,6,neg,GAP43,-1.56300223526054,chr3-115819659-115820259,0.0,196585.0
ARNT::HIF1A,6,neg,OCIAD2,-0.838096875265169,chr4-48779240-48779840,0.0,127447.0
ARNT::HIF1A,6,neg,CHIC2,-0.314157238145306,chr4-54234085-54234685,0.0,-169645.0
FOSL2::JUN(var.2),6,neg,RAB13,-0.617559932368097,chr1-153958415-153959015,0.0,27693.0
FOSL2::JUN(var.2),6,neg,SLC25A44,-1.84296286730389,chr1-156060788-156061388,0.0,-132894.0
FOSL2::JUN(var.2),6,neg,WNT9A,-0.936079550810398,chr1-228103046-228103646,0.0,-155398.0
FOSL2::JUN(var.2),6,neg,DMKN,-1.59464861069822,chr19-35545263-35545863,0.0,-31855.0
FOSL2::JUN(var.2),6,neg,ERCC1,-1.13600353820809,chr19-45577373-45577973,0.0,-98795.0
FOSL2::JUN(var.2),6,neg,MARCKS,-0.600581235899966,chr6-113776885-113777485,0.0,-80227.0
JUNB,6,neg,SC5D,-1.38491684741374,chr11-121248846-121249446,0.0,-43357.0
JUNB,6,neg,COL4A1,-1.63315234223948,chr13-110412126-110412726,0.525793650793651,-105227.0
JUNB,6,neg,COTL1,-1.32532326549658,chr16-84806464-84807064,1.0218253968254,-188637.0
JUNB,6,neg,BCAT2,-0.650938845650262,chr19-48963723-48964323,0.0,-152944.0
JUNB,6,neg,TBC1D17,-0.946581283132869,chr19-50036835-50037435,0.0,159660.0
JUNB,6,neg,CEP68,-1.3684394638511,chr2-65131462-65132062,0.0,75346.0
JUNB,6,neg,GAP43,-1.56300223526054,chr3-115819659-115820259,0.0,196585.0
JUNB,6,neg,PLXND1,-1.0046506026902,chr3-129603093-129603693,0.0925925925925926,3475.0
JUNB,6,neg,TRIP6,-0.798320188444912,chr7-100802045-100802645,0.0,-64843.0
NFIC,6,neg,DUSP16,-0.674532528825917,chr12-12561505-12562105,0.0,628.0
NFIC,6,neg,CEMIP,-1.1770128848612,chr15-80967359-80967959,0.0,188266.0
NFIC,6,neg,FBXO27,-1.01072250998454,chr19-39125410-39126010,0.0,-92875.0
NFIC,6,neg,BCAT2,-0.650938845650262,chr19-48963723-48964323,0.0,-152944.0
NFIC,6,neg,SALL4,-0.902867627353474,chr20-51889287-51889887,0.0,-87017.0
NFIC,6,neg,PLXND1,-1.0046506026902,chr3-129603093-129603693,0.0925925925925926,3475.0
NFIC,6,neg,PLXND1,-0.626747216289384,chr3-129694386-129694986,0.238095238095238,-87818.0
NFIC,6,neg,OCIAD2,-1.34494880180128,chr4-48906111-48906711,0.0,576.0
NFIC,6,neg,STC2,-0.606447438521915,chr5-173144670-173145270,0.0,184583.0
NFIC,6,neg,TRIP6,-0.798320188444912,chr7-100802045-100802645,0.0,-64843.0
NFIC,6,neg,DNM1,-1.50010998373204,chr9-128177244-128177844,0.138888888888889,-14161.0
E2F4,6,neg,DAP3,-1.0791946553878,chr1-155687983-155688583,0.0,273.0
E2F4,6,neg,SLC25A44,-1.84296286730389,chr1-156060788-156061388,0.0,-132894.0
E2F4,6,neg,WNT9A,-0.936079550810398,chr1-228103046-228103646,0.0,-155398.0
E2F4,6,neg,WNT9A,-0.921248358315312,chr1-228109073-228109673,0.0,-161425.0
E2F4,6,neg,MARCKSL1,-0.480665810165032,chr1-32179369-32179969,0.0,156760.0
E2F4,6,neg,SMC3,-0.955186071638973,chr10-110643978-110644578,0.396825396825397,76537.0
E2F4,6,neg,SC5D,-1.38491684741374,chr11-121248846-121249446,0.0,-43357.0
E2F4,6,neg,CDK2AP1,-0.600585352559447,chr12-123150802-123151402,0.0,121282.0
E2F4,6,neg,DUSP16,-0.674532528825917,chr12-12561505-12562105,0.0,628.0
E2F4,6,neg,EIF2AK4,-1.29265184895365,chr15-39976515-39977115,0.0,42619.0
E2F4,6,neg,METTL16,-1.15000647698103,chr17-2711572-2712172,0.0,-199931.0
E2F4,6,neg,IGF2BP1,-0.625136615270699,chr17-48830674-48831274,0.0,-166488.0
E2F4,6,neg,TP53,-0.810646656577316,chr17-7561583-7562183,0.0,125717.0
E2F4,6,neg,NPLOC4,-0.447975245072405,chr17-81481248-81481848,0.0,166967.0
E2F4,6,neg,ERCC1,-1.13600353820809,chr19-45577373-45577973,0.0,-98795.0
E2F4,6,neg,BCAT2,-0.650938845650262,chr19-48963723-48964323,0.0,-152944.0
E2F4,6,neg,TNNI3,-0.42658454135052,chr19-55113578-55114178,0.0,43945.0
E2F4,6,neg,NCOA6,-1.03305060408473,chr20-34872603-34873203,0.0,-47204.0
E2F4,6,neg,DNMT3L,-1.09248891227896,chr21-44338825-44339425,0.0,-76859.0
E2F4,6,neg,FSTL1,-0.680425589185108,chr3-120348529-120349129,0.0,102474.0
E2F4,6,neg,OCIAD2,-0.838096875265169,chr4-48779240-48779840,0.0,127447.0
E2F4,6,neg,OCIAD2,-1.34494880180128,chr4-48906111-48906711,0.0,576.0
E2F4,6,neg,TRIP6,-0.649472124539995,chr7-101016923-101017523,0.0,150035.0
E2F4,6,neg,WDR86,-1.37771989456047,chr7-151409750-151410350,0.0,727.0
E2F4,6,neg,GSN,-1.11437935085097,chr9-121074586-121075186,0.476190476190476,-132958.0
NFE2,6,neg,SC5D,-1.38491684741374,chr11-121248846-121249446,0.0,-43357.0
NFE2,6,neg,COL4A1,-1.63315234223948,chr13-110412126-110412726,0.525793650793651,-105227.0
NFE2,6,neg,BCAT2,-0.650938845650262,chr19-48963723-48964323,0.0,-152944.0
NFE2,6,neg,TBC1D17,-0.946581283132869,chr19-50036835-50037435,0.0,159660.0
NFE2,6,neg,PLXND1,-1.0046506026902,chr3-129603093-129603693,0.0925925925925926,3475.0
NFE2,6,neg,TRIP6,-0.798320188444912,chr7-100802045-100802645,0.0,-64843.0
JDP2(var.2),6,neg,SLC25A44,-1.84296286730389,chr1-156060788-156061388,0.0,-132894.0
JDP2(var.2),6,neg,WNT9A,-0.936079550810398,chr1-228103046-228103646,0.0,-155398.0
JDP2(var.2),6,neg,WNT9A,-0.921248358315312,chr1-228109073-228109673,0.0,-161425.0
JDP2(var.2),6,neg,DMKN,-1.59464861069822,chr19-35545263-35545863,0.0,-31855.0
JDP2(var.2),6,neg,ERCC1,-1.13600353820809,chr19-45577373-45577973,0.0,-98795.0
HINFP,6,neg,H3F3A,-1.58290663041658,chr1-225969535-225970135,6.15277777777778,-92066.0
HINFP,6,neg,WNT9A,-0.936079550810398,chr1-228103046-228103646,0.0,-155398.0
HINFP,6,neg,SMC3,-0.955186071638973,chr10-110643978-110644578,0.396825396825397,76537.0
HINFP,6,neg,SC5D,-1.38491684741374,chr11-121248846-121249446,0.0,-43357.0
HINFP,6,neg,CDK2AP1,-0.600585352559447,chr12-123150802-123151402,0.0,121282.0
HINFP,6,neg,EIF2AK4,-1.29265184895365,chr15-39976515-39977115,0.0,42619.0
HINFP,6,neg,METTL16,-1.15000647698103,chr17-2711572-2712172,0.0,-199931.0
HINFP,6,neg,TP53,-0.810646656577316,chr17-7561583-7562183,0.0,125717.0
HINFP,6,neg,NPLOC4,-0.447975245072405,chr17-81481248-81481848,0.0,166967.0
HINFP,6,neg,IRF3,-0.8991529330771,chr19-49669919-49670519,0.0,-4294.0
HINFP,6,neg,DNMT3L,-1.09248891227896,chr21-44338825-44339425,0.0,-76859.0
HINFP,6,neg,FSTL1,-0.680425589185108,chr3-120348529-120349129,0.0,102474.0
HINFP,6,neg,PLXND1,-1.0046506026902,chr3-129603093-129603693,0.0925925925925926,3475.0
HINFP,6,neg,OCIAD2,-0.838096875265169,chr4-48779240-48779840,0.0,127447.0
HINFP,6,neg,OCIAD2,-1.34494880180128,chr4-48906111-48906711,0.0,576.0
HINFP,6,neg,ANKRD33B,-0.693226940284224,chr5-10441555-10442155,0.0,-122525.0
HINFP,6,neg,STC2,-0.606447438521915,chr5-173144670-173145270,0.0,184583.0
FOSL2::JUNB(var.2),6,neg,SLC25A44,-1.84296286730389,chr1-156060788-156061388,0.0,-132894.0
FOSL2::JUNB(var.2),6,neg,WNT9A,-0.936079550810398,chr1-228103046-228103646,0.0,-155398.0
FOSL2::JUNB(var.2),6,neg,DMKN,-1.59464861069822,chr19-35545263-35545863,0.0,-31855.0
FOSL2::JUNB(var.2),6,neg,ERCC1,-1.13600353820809,chr19-45577373-45577973,0.0,-98795.0
KLF14,6,neg,GPR89A,-0.615754779867408,chr1-145753773-145754373,0.416666666666667,146033.0
KLF14,6,neg,DAP3,-1.0791946553878,chr1-155687983-155688583,0.0,273.0
KLF14,6,neg,SLC25A44,-1.84296286730389,chr1-156060788-156061388,0.0,-132894.0
KLF14,6,neg,H3F3A,-1.58290663041658,chr1-225969535-225970135,6.15277777777778,-92066.0
KLF14,6,neg,WNT9A,-0.758039130427795,chr1-228059497-228060097,0.0,-111849.0
KLF14,6,neg,WNT9A,-0.936079550810398,chr1-228103046-228103646,0.0,-155398.0
KLF14,6,neg,WNT9A,-0.921248358315312,chr1-228109073-228109673,0.0,-161425.0
KLF14,6,neg,MAP3K21,-0.669880438934477,chr1-233295443-233296043,0.0,-32075.0
KLF14,6,neg,HNRNPU,-0.693852898166858,chr1-244829079-244829679,5.06944444444444,35231.0
KLF14,6,neg,SMC3,-0.955186071638973,chr10-110643978-110644578,0.396825396825397,76537.0
KLF14,6,neg,DUSP16,-0.674532528825917,chr12-12561505-12562105,0.0,628.0
KLF14,6,neg,COL4A1,-0.917905327924358,chr13-110455752-110456352,0.513888888888889,-148853.0
KLF14,6,neg,EIF2AK4,-1.29265184895365,chr15-39976515-39977115,0.0,42619.0
KLF14,6,neg,COTL1,-1.32532326549658,chr16-84806464-84807064,1.0218253968254,-188637.0
KLF14,6,neg,IGF2BP1,-0.625136615270699,chr17-48830674-48831274,0.0,-166488.0
KLF14,6,neg,NPLOC4,-0.447975245072405,chr17-81481248-81481848,0.0,166967.0
KLF14,6,neg,FBXO27,-1.01072250998454,chr19-39125410-39126010,0.0,-92875.0
KLF14,6,neg,ERCC1,-0.700601262222779,chr19-45597456-45598056,0.0,-118878.0
KLF14,6,neg,BCAT2,-0.650938845650262,chr19-48963723-48964323,0.0,-152944.0
KLF14,6,neg,IRF3,-0.8991529330771,chr19-49669919-49670519,0.0,-4294.0
KLF14,6,neg,TNNI3,-0.42658454135052,chr19-55113578-55114178,0.0,43945.0
KLF14,6,neg,PLEKHB2,-1.23139765241887,chr2-131033854-131034454,0.0,-70743.0
KLF14,6,neg,CEP68,-1.3684394638511,chr2-65131462-65132062,0.0,75346.0
KLF14,6,neg,TRIOBP,-0.91154583745878,chr22-37548424-37549024,0.0,-148330.0
KLF14,6,neg,STC2,-0.606447438521915,chr5-173144670-173145270,0.0,184583.0
KLF14,6,neg,MCM3,-0.802871105615819,chr6-52419132-52419732,0.0,-134501.0
KLF14,6,neg,WDR86,-1.18781249277091,chr7-151410415-151411015,0.0,62.0
KLF14,6,neg,GSN,-1.11437935085097,chr9-121074586-121075186,0.476190476190476,-132958.0
RELA,6,neg,MARCKSL1,-0.480665810165032,chr1-32179369-32179969,0.0,156760.0
RELA,6,neg,EPSTI1,-0.830538009534982,chr13-43191431-43192031,0.0,-199410.0
RELA,6,neg,ALPK3,-0.87124974622776,chr15-84778058-84778658,0.0793650793650794,-38372.0
RELA,6,neg,ALPK3,-0.92264215358132,chr15-84898707-84899307,2.74603174603175,82277.0
RELA,6,neg,METTL16,-1.15000647698103,chr17-2711572-2712172,0.0,-199931.0
RELA,6,neg,FBXO27,-1.01072250998454,chr19-39125410-39126010,0.0,-92875.0
RELA,6,neg,ERCC1,-1.13600353820809,chr19-45577373-45577973,0.0,-98795.0
RELA,6,neg,PLEKHB2,-1.23139765241887,chr2-131033854-131034454,0.0,-70743.0
RELA,6,neg,NCOA6,-1.03305060408473,chr20-34872603-34873203,0.0,-47204.0
RELA,6,neg,SALL4,-0.902867627353474,chr20-51889287-51889887,0.0,-87017.0
RELA,6,neg,TRIP6,-0.649472124539995,chr7-101016923-101017523,0.0,150035.0
RELA,6,neg,WDR86,-1.18781249277091,chr7-151410415-151411015,0.0,62.0
HIF1A,6,neg,MARCKSL1,-0.480665810165032,chr1-32179369-32179969,0.0,156760.0
HIF1A,6,neg,CDK2AP1,-0.600585352559447,chr12-123150802-123151402,0.0,121282.0
HIF1A,6,neg,IRF3,-0.8991529330771,chr19-49669919-49670519,0.0,-4294.0
HIF1A,6,neg,TNNI3,-0.42658454135052,chr19-55113578-55114178,0.0,43945.0
HIF1A,6,neg,GAP43,-1.56300223526054,chr3-115819659-115820259,0.0,196585.0
HIF1A,6,neg,CHIC2,-0.314157238145306,chr4-54234085-54234685,0.0,-169645.0
JUND(var.2),6,neg,RAB13,-0.617559932368097,chr1-153958415-153959015,0.0,27693.0
JUND(var.2),6,neg,SLC25A44,-1.84296286730389,chr1-156060788-156061388,0.0,-132894.0
JUND(var.2),6,neg,ERCC1,-1.13600353820809,chr19-45577373-45577973,0.0,-98795.0
JUND(var.2),6,neg,BCAT2,-0.650938845650262,chr19-48963723-48964323,0.0,-152944.0
JUND(var.2),6,neg,TNNI3,-0.42658454135052,chr19-55113578-55114178,0.0,43945.0
JUND(var.2),6,neg,MARCKS,-0.600581235899966,chr6-113776885-113777485,0.0,-80227.0
FOSL1::JUND,6,neg,COL4A1,-1.63315234223948,chr13-110412126-110412726,0.525793650793651,-105227.0
FOSL1::JUND,6,neg,COTL1,-1.32532326549658,chr16-84806464-84807064,1.0218253968254,-188637.0
FOSL1::JUND,6,neg,BCAT2,-0.650938845650262,chr19-48963723-48964323,0.0,-152944.0
FOSL1::JUND,6,neg,TBC1D17,-0.946581283132869,chr19-50036835-50037435,0.0,159660.0
FOSL1::JUND,6,neg,TRIP6,-0.798320188444912,chr7-100802045-100802645,0.0,-64843.0
ATF7,6,neg,SLC25A44,-1.84296286730389,chr1-156060788-156061388,0.0,-132894.0
ATF7,6,neg,WNT9A,-0.936079550810398,chr1-228103046-228103646,0.0,-155398.0
ATF7,6,neg,DMKN,-1.59464861069822,chr19-35545263-35545863,0.0,-31855.0
ATF7,6,neg,MARCKS,-0.600581235899966,chr6-113776885-113777485,0.0,-80227.0
HSF1,6,neg,EPSTI1,-0.830538009534982,chr13-43191431-43192031,0.0,-199410.0
HSF1,6,neg,ERCC1,-0.700601262222779,chr19-45597456-45598056,0.0,-118878.0
HSF1,6,neg,BCAT2,-0.940036699352423,chr19-48983358-48983958,0.0,-172579.0
HSF1,6,neg,IRF3,-0.8991529330771,chr19-49669919-49670519,0.0,-4294.0
HSF1,6,neg,STC2,-0.606447438521915,chr5-173144670-173145270,0.0,184583.0
HSF1,6,neg,TRIP6,-0.649472124539995,chr7-101016923-101017523,0.0,150035.0
HSF1,6,neg,WDR86,-1.18781249277091,chr7-151410415-151411015,0.0,62.0
FOSL2,6,neg,SC5D,-1.38491684741374,chr11-121248846-121249446,0.0,-43357.0
FOSL2,6,neg,COL4A1,-1.63315234223948,chr13-110412126-110412726,0.525793650793651,-105227.0
FOSL2,6,neg,COTL1,-1.32532326549658,chr16-84806464-84807064,1.0218253968254,-188637.0
FOSL2,6,neg,BCAT2,-0.650938845650262,chr19-48963723-48964323,0.0,-152944.0
FOSL2,6,neg,TBC1D17,-0.946581283132869,chr19-50036835-50037435,0.0,159660.0
FOSL2,6,neg,CEP68,-1.3684394638511,chr2-65131462-65132062,0.0,75346.0
FOSL2,6,neg,PLXND1,-1.0046506026902,chr3-129603093-129603693,0.0925925925925926,3475.0
FOSL2,6,neg,TRIP6,-0.798320188444912,chr7-100802045-100802645,0.0,-64843.0
RORB,6,neg,RAB13,-0.617559932368097,chr1-153958415-153959015,0.0,27693.0
RORB,6,neg,ALPK3,-0.87124974622776,chr15-84778058-84778658,0.0793650793650794,-38372.0
RORB,6,neg,BCAT2,-0.940036699352423,chr19-48983358-48983958,0.0,-172579.0
RORB,6,neg,TBC1D17,-0.946581283132869,chr19-50036835-50037435,0.0,159660.0
RORB,6,neg,PLXND1,-0.626747216289384,chr3-129694386-129694986,0.238095238095238,-87818.0
EVX1,7,neg,RNF24,-1.12568160389268,chr20-3926723-3927323,0.0,88609.0
EVX1,7,neg,FBLN1,-0.945662941152849,chr22-45334977-45335577,1.0108024691358,-167011.0
EVX1,7,neg,DDX43,-3.1685414514022,chr6-73225228-73225828,0.37037037037037,-169270.0
EVX1,7,neg,KHDC1L,-1.1600824090528,chr6-73225228-73225828,0.446428571428571,292.0
EVX1,7,neg,TNRC18,-1.10130270154123,chr7-5389021-5389621,0.0,36143.0
IRF1,7,neg,TAF13,-0.36186173407932,chr1-109081503-109082103,0.0,-5751.0
IRF1,7,neg,FOXR1,-2.32023882004875,chr11-118788179-118788779,0.416666666666667,-183278.0
IRF1,7,neg,SC5D,-2.00562412332714,chr11-121292412-121293012,0.0,209.0
IRF1,7,neg,RGCC,-0.746308972092068,chr13-41276607-41277207,0.0,-180702.0
IRF1,7,neg,RGCC,-1.0894569851483,chr13-41350359-41350959,0.0,-106950.0
IRF1,7,neg,EPSTI1,-0.763914524778884,chr13-42864151-42864751,0.0,127870.0
IRF1,7,neg,NMB,-1.1378055016878,chr15-84638079-84638679,0.277777777777778,20234.0
IRF1,7,neg,NMB,-0.799606933601672,chr15-84658067-84658667,0.0,246.0
IRF1,7,neg,NMB,-1.28355598539935,chr15-84716198-84716798,0.0,-57885.0
IRF1,7,neg,FAM174B,-1.31682887153268,chr15-92830255-92830855,1.49691358024691,-20621.0
IRF1,7,neg,PLLP,-1.56022720673268,chr16-57182270-57182870,0.0,102167.0
IRF1,7,neg,FN3K,-0.691084104914494,chr17-82551725-82552325,0.0,-183600.0
IRF1,7,neg,TNNI3,-0.594260549834538,chr19-54998563-54999163,1.84634038800705,158960.0
IRF1,7,neg,AC068282.1,-1.42710014269462,chr2-127196804-127197404,0.0,-192076.0
IRF1,7,neg,CFLAR,-2.30575360130611,chr2-201284387-201284987,14.7034832451499,168533.0
IRF1,7,neg,RNF24,-1.12568160389268,chr20-3926723-3927323,0.0,88609.0
IRF1,7,neg,DPPA4,-1.93572043316725,chr3-109410120-109410720,0.0,-72798.0
IRF1,7,neg,TRIM75P,-1.08329276810555,chr4-165051082-165051682,23.1922398589065,-7816.0
IRF1,7,neg,AP3S1,-0.474257351319977,chr5-115938955-115939555,0.0,97724.0
IRF1,7,neg,SNX24,-0.98866780338351,chr5-122751388-122751988,0.0,-91801.0
IRF1,7,neg,MFSD4B,-2.89501849422901,chr6-111225200-111225800,2.46913580246914,-33898.0
IRF1,7,neg,FAM229B,-1.04280395066472,chr6-112254245-112254845,0.0,166896.0
IRF1,7,neg,DDX43,-3.1685414514022,chr6-73225228-73225828,0.37037037037037,-169270.0
IRF1,7,neg,KHDC1L,-1.1600824090528,chr6-73225228-73225828,0.446428571428571,292.0
IRF1,7,neg,KHDC1L,-0.975109294587557,chr6-73400787-73401387,0.0,-175267.0
IRF1,7,neg,DDX43,-0.861211501422844,chr6-73577494-73578094,0.0,182996.0
IRF1,7,neg,CLEC2L,-1.8945752581393,chr7-139465456-139466056,0.0,-58150.0
IRF1,7,neg,CLEC2L,-1.60648268252358,chr7-139623465-139624065,0.0,99859.0
IRF1,7,neg,ATG9B,-0.507849459444953,chr7-151168067-151168667,0.0,-143818.0
IRF1,7,neg,ABCB8,-1.30594234050432,chr7-151168067-151168667,0.0,139895.0
IRF1,7,neg,TNRC18,-1.10130270154123,chr7-5389021-5389621,0.0,36143.0
IRF1,7,neg,PSIP1,-0.797842130920952,chr9-15392457-15393057,0.0,118312.0
SPIC,7,neg,TAF13,-0.36186173407932,chr1-109081503-109082103,0.0,-5751.0
SPIC,7,neg,SLK,-1.66882432637885,chr10-103967633-103968233,0.753968253968254,682.0
SPIC,7,neg,FOXR1,-2.32023882004875,chr11-118788179-118788779,0.416666666666667,-183278.0
SPIC,7,neg,FOXR1,-1.0985577805211,chr11-118996784-118997384,0.0,25327.0
SPIC,7,neg,NMB,-1.1378055016878,chr15-84638079-84638679,0.277777777777778,20234.0
SPIC,7,neg,NMB,-1.28355598539935,chr15-84716198-84716798,0.0,-57885.0
SPIC,7,neg,KREMEN2,-0.792103113779176,chr16-2789495-2790095,0.0,-174199.0
SPIC,7,neg,FN3K,-0.691084104914494,chr17-82551725-82552325,0.0,-183600.0
SPIC,7,neg,TNNI3,-0.594260549834538,chr19-54998563-54999163,1.84634038800705,158960.0
SPIC,7,neg,TRIM75P,-1.08329276810555,chr4-165051082-165051682,23.1922398589065,-7816.0
SPIC,7,neg,CLEC2L,-1.8945752581393,chr7-139465456-139466056,0.0,-58150.0
SPIC,7,neg,CLEC2L,-1.60648268252358,chr7-139623465-139624065,0.0,99859.0
SPIC,7,neg,ATG9B,-0.507849459444953,chr7-151168067-151168667,0.0,-143818.0
SPIC,7,neg,ABCB8,-1.30594234050432,chr7-151168067-151168667,0.0,139895.0
VSX2,7,neg,RNF24,-1.12568160389268,chr20-3926723-3927323,0.0,88609.0
VSX2,7,neg,FBLN1,-0.945662941152849,chr22-45334977-45335577,1.0108024691358,-167011.0
VSX2,7,neg,TNRC18,-1.10130270154123,chr7-5389021-5389621,0.0,36143.0
VSX2,7,neg,PSIP1,-0.797842130920952,chr9-15392457-15393057,0.0,118312.0
MEOX1,7,neg,AC068282.1,-1.42710014269462,chr2-127196804-127197404,0.0,-192076.0
MEOX1,7,neg,NNT,-0.959489614227225,chr5-43580353-43580953,0.0,-22089.0
MEOX1,7,neg,DDX43,-3.1685414514022,chr6-73225228-73225828,0.37037037037037,-169270.0
MEOX1,7,neg,KHDC1L,-1.1600824090528,chr6-73225228-73225828,0.446428571428571,292.0
MEOX1,7,neg,KHDC1L,-0.975109294587557,chr6-73400787-73401387,0.0,-175267.0
STAT1::STAT2,7,neg,TAF13,-0.36186173407932,chr1-109081503-109082103,0.0,-5751.0
STAT1::STAT2,7,neg,SLK,-1.66882432637885,chr10-103967633-103968233,0.753968253968254,682.0
STAT1::STAT2,7,neg,FOXR1,-2.32023882004875,chr11-118788179-118788779,0.416666666666667,-183278.0
STAT1::STAT2,7,neg,SC5D,-1.10554124387241,chr11-121223094-121223694,0.0,-69109.0
STAT1::STAT2,7,neg,RGCC,-0.746308972092068,chr13-41276607-41277207,0.0,-180702.0
STAT1::STAT2,7,neg,RGCC,-1.0894569851483,chr13-41350359-41350959,0.0,-106950.0
STAT1::STAT2,7,neg,NMB,-1.1378055016878,chr15-84638079-84638679,0.277777777777778,20234.0
STAT1::STAT2,7,neg,NMB,-1.28355598539935,chr15-84716198-84716798,0.0,-57885.0
STAT1::STAT2,7,neg,FAM174B,-1.31682887153268,chr15-92830255-92830855,1.49691358024691,-20621.0
STAT1::STAT2,7,neg,PLLP,-1.56022720673268,chr16-57182270-57182870,0.0,102167.0
STAT1::STAT2,7,neg,FN3K,-0.691084104914494,chr17-82551725-82552325,0.0,-183600.0
STAT1::STAT2,7,neg,TNNI3,-1.16463978964198,chr19-55116093-55116693,0.0,41430.0
STAT1::STAT2,7,neg,AC068282.1,-1.42710014269462,chr2-127196804-127197404,0.0,-192076.0
STAT1::STAT2,7,neg,TRIM75P,-1.08329276810555,chr4-165051082-165051682,23.1922398589065,-7816.0
STAT1::STAT2,7,neg,NNT,-0.959489614227225,chr5-43580353-43580953,0.0,-22089.0
STAT1::STAT2,7,neg,MFSD4B,-2.89501849422901,chr6-111225200-111225800,2.46913580246914,-33898.0
STAT1::STAT2,7,neg,DDX43,-1.35654866396085,chr6-73224036-73224636,0.0,-170462.0
STAT1::STAT2,7,neg,CLEC2L,-1.8945752581393,chr7-139465456-139466056,0.0,-58150.0
STAT1::STAT2,7,neg,TNRC18,-1.10130270154123,chr7-5389021-5389621,0.0,36143.0
GLI2,7,neg,AL390728.6,-0.588621379154619,chr1-247330966-247331566,0.0,-142690.0
GLI2,7,neg,FOXR1,-0.320580090649271,chr11-119108047-119108647,0.0,136590.0
GLI2,7,neg,SLC8B1,-3.00577722439139,chr12-113471575-113472175,2.5297619047619,-112332.0
GLI2,7,neg,ESYT1,-0.487445113098897,chr12-56104087-56104687,0.0,-13913.0
GLI2,7,neg,RAB31,-1.01132254359913,chr18-9614323-9614923,0.0,-93592.0
GLI2,7,neg,CFLAR,-3.21471760566123,chr2-200963418-200964018,0.0,-152436.0
GLI2,7,neg,FAM126B,-2.06473319016326,chr2-200963418-200964018,0.0,108003.0
GLI2,7,neg,DDX43,-3.1685414514022,chr6-73225228-73225828,0.37037037037037,-169270.0
GLI2,7,neg,KHDC1L,-1.1600824090528,chr6-73225228-73225828,0.446428571428571,292.0
GLI2,7,neg,ATG9B,-1.80020324890232,chr7-150962855-150963455,0.0,61394.0
GLI2,7,neg,ATG9B,-0.507849459444953,chr7-151168067-151168667,0.0,-143818.0
GLI2,7,neg,ABCB8,-1.30594234050432,chr7-151168067-151168667,0.0,139895.0
TEAD1,7,neg,SC5D,-2.00562412332714,chr11-121292412-121293012,0.0,209.0
TEAD1,7,neg,KREMEN2,-0.66316378747836,chr16-2798098-2798698,0.0,-165596.0
TEAD1,7,neg,RGPD8,-0.570294131145241,chr2-112259337-112259937,0.0,174901.0
TEAD1,7,neg,FBLN1,-0.945662941152849,chr22-45334977-45335577,1.0108024691358,-167011.0
TEAD1,7,neg,TRIM75P,-1.08329276810555,chr4-165051082-165051682,23.1922398589065,-7816.0
TEAD1,7,neg,SNX24,-0.98866780338351,chr5-122751388-122751988,0.0,-91801.0
TEAD1,7,neg,NNT,-0.959489614227225,chr5-43580353-43580953,0.0,-22089.0
TEAD1,7,neg,ATG9B,-0.507849459444953,chr7-151168067-151168667,0.0,-143818.0
TEAD1,7,neg,ABCB8,-1.30594234050432,chr7-151168067-151168667,0.0,139895.0
KLF4,7,neg,TAF13,-0.36186173407932,chr1-109081503-109082103,0.0,-5751.0
KLF4,7,neg,RGS16,-1.30248202357697,chr1-182699661-182700261,0.277777777777778,-95503.0
KLF4,7,neg,SMC3,-0.881984116703192,chr10-110497518-110498118,0.0,-69923.0
KLF4,7,neg,FOXR1,-1.75687088952169,chr11-118897587-118898187,0.0,-73870.0
KLF4,7,neg,FOXR1,-0.320580090649271,chr11-119108047-119108647,0.0,136590.0
KLF4,7,neg,SLC8B1,-0.955783909969004,chr12-113477307-113477907,0.0,-118064.0
KLF4,7,neg,GLT1D1,-1.30156174164101,chr12-128969240-128969840,0.238095238095238,116063.0
KLF4,7,neg,RGCC,-1.0894569851483,chr13-41350359-41350959,0.0,-106950.0
KLF4,7,neg,UBE2Q2,-2.82509546213517,chr15-75712563-75713163,0.0,-130472.0
KLF4,7,neg,NMB,-0.799606933601672,chr15-84658067-84658667,0.0,246.0
KLF4,7,neg,NMB,-1.28355598539935,chr15-84716198-84716798,0.0,-57885.0
KLF4,7,neg,FN3K,-0.691084104914494,chr17-82551725-82552325,0.0,-183600.0
KLF4,7,neg,RAB31,-1.01132254359913,chr18-9614323-9614923,0.0,-93592.0
KLF4,7,neg,PEG3,-1.06669201311381,chr19-56795232-56795832,0.339506172839506,45246.0
KLF4,7,neg,NCEH1,-0.906312357418072,chr3-172679453-172680053,12.473544973545,31515.0
KLF4,7,neg,TMEM200A,-1.4700884565473,chr6-130365172-130365772,0.0,-312.0
KLF4,7,neg,DDX43,-1.35654866396085,chr6-73224036-73224636,0.0,-170462.0
KLF4,7,neg,KHDC1L,-0.975109294587557,chr6-73400787-73401387,0.0,-175267.0
KLF4,7,neg,ASS1,-1.76615134699614,chr9-130480548-130481148,0.763888888888889,35869.0
KLF4,7,neg,PSIP1,-0.797842130920952,chr9-15392457-15393057,0.0,118312.0
GATA3,7,neg,RGCC,-1.0894569851483,chr13-41350359-41350959,0.0,-106950.0
GATA3,7,neg,CFLAR,-2.30575360130611,chr2-201284387-201284987,14.7034832451499,168533.0
GATA3,7,neg,NCEH1,-0.906312357418072,chr3-172679453-172680053,12.473544973545,31515.0
GATA3,7,neg,FAM229B,-1.04280395066472,chr6-112254245-112254845,0.0,166896.0
GATA3,7,neg,DDX43,-0.861211501422844,chr6-73577494-73578094,0.0,182996.0
GATA5,7,neg,RGCC,-1.0894569851483,chr13-41350359-41350959,0.0,-106950.0
GATA5,7,neg,CFLAR,-2.30575360130611,chr2-201284387-201284987,14.7034832451499,168533.0
GATA5,7,neg,NCEH1,-0.906312357418072,chr3-172679453-172680053,12.473544973545,31515.0
GATA5,7,neg,FAM229B,-1.04280395066472,chr6-112254245-112254845,0.0,166896.0
GATA5,7,neg,DDX43,-0.861211501422844,chr6-73577494-73578094,0.0,182996.0
RREB1,7,neg,SOAT1,-1.66771306683778,chr1-179099323-179099923,0.0,-194141.0
RREB1,7,neg,ATF3,-0.956029718382628,chr1-212514581-212515181,0.0,-50503.0
RREB1,7,neg,FOXR1,-2.32023882004875,chr11-118788179-118788779,0.416666666666667,-183278.0
RREB1,7,neg,FOXR1,-1.75687088952169,chr11-118897587-118898187,0.0,-73870.0
RREB1,7,neg,FOXR1,-1.95572814352356,chr11-118925730-118926330,0.0,-45727.0
RREB1,7,neg,FOXR1,-2.88158862837525,chr11-118998815-118999415,0.277777777777778,27358.0
RREB1,7,neg,FOXR1,-0.320580090649271,chr11-119108047-119108647,0.0,136590.0
RREB1,7,neg,SLC8B1,-3.00577722439139,chr12-113471575-113472175,2.5297619047619,-112332.0
RREB1,7,neg,CCDC77,-1.0283071358687,chr12-203538-204138,0.0,-185485.0
RREB1,7,neg,RGCC,-1.0894569851483,chr13-41350359-41350959,0.0,-106950.0
RREB1,7,neg,EPSTI1,-0.763914524778884,chr13-42864151-42864751,0.0,127870.0
RREB1,7,neg,UBE2Q2,-2.82509546213517,chr15-75712563-75713163,0.0,-130472.0
RREB1,7,neg,NMB,-1.1378055016878,chr15-84638079-84638679,0.277777777777778,20234.0
RREB1,7,neg,KREMEN2,-0.792103113779176,chr16-2789495-2790095,0.0,-174199.0
RREB1,7,neg,KREMEN2,-0.66316378747836,chr16-2798098-2798698,0.0,-165596.0
RREB1,7,neg,SLC7A6,-1.13257504449059,chr16-68264239-68264839,0.0,-27.0
RREB1,7,neg,TBC1D17,-0.608981615858554,chr19-49817973-49818573,0.0,-59202.0
RREB1,7,neg,TNNI3,-0.594260549834538,chr19-54998563-54999163,1.84634038800705,158960.0
RREB1,7,neg,TNNI3,-1.16463978964198,chr19-55116093-55116693,0.0,41430.0
RREB1,7,neg,AC068282.1,-1.42710014269462,chr2-127196804-127197404,0.0,-192076.0
RREB1,7,neg,CFLAR,-2.30575360130611,chr2-201284387-201284987,14.7034832451499,168533.0
RREB1,7,neg,NCEH1,-0.906312357418072,chr3-172679453-172680053,12.473544973545,31515.0
RREB1,7,neg,TRIM75P,-1.08329276810555,chr4-165051082-165051682,23.1922398589065,-7816.0
RREB1,7,neg,NNT,-0.959489614227225,chr5-43580353-43580953,0.0,-22089.0
RREB1,7,neg,TMEM200A,-1.4700884565473,chr6-130365172-130365772,0.0,-312.0
RREB1,7,neg,DDX43,-1.35654866396085,chr6-73224036-73224636,0.0,-170462.0
RREB1,7,neg,DDX43,-0.861211501422844,chr6-73577494-73578094,0.0,182996.0
RREB1,7,neg,TNRC18,-1.10130270154123,chr7-5389021-5389621,0.0,36143.0
RREB1,7,neg,ASS1,-1.2916899237383,chr9-130632086-130632686,0.0,187407.0
RREB1,7,neg,NRARP,-0.881136648559865,chr9-137417472-137418072,0.0,-115471.0
RREB1,7,neg,PSIP1,-0.797842130920952,chr9-15392457-15393057,0.0,118312.0
PAX1,7,neg,SLK,-1.66882432637885,chr10-103967633-103968233,0.753968253968254,682.0
PAX1,7,neg,RGPD8,-0.570294131145241,chr2-112259337-112259937,0.0,174901.0
PAX1,7,neg,CFLAR,-2.30575360130611,chr2-201284387-201284987,14.7034832451499,168533.0
PAX1,7,neg,STC2,-1.5830999100257,chr5-173315476-173316076,0.238095238095238,13777.0
PAX1,7,neg,MFSD4B,-2.89501849422901,chr6-111225200-111225800,2.46913580246914,-33898.0
PAX1,7,neg,DDX43,-1.35654866396085,chr6-73224036-73224636,0.0,-170462.0
GATA2,7,neg,RGCC,-1.0894569851483,chr13-41350359-41350959,0.0,-106950.0
GATA2,7,neg,CFLAR,-2.30575360130611,chr2-201284387-201284987,14.7034832451499,168533.0
GATA2,7,neg,RNF24,-1.12568160389268,chr20-3926723-3927323,0.0,88609.0
GATA2,7,neg,NCEH1,-0.906312357418072,chr3-172679453-172680053,12.473544973545,31515.0
GATA2,7,neg,FAM229B,-1.04280395066472,chr6-112254245-112254845,0.0,166896.0
GATA2,7,neg,DDX43,-0.861211501422844,chr6-73577494-73578094,0.0,182996.0
SP4,7,neg,TAF13,-0.36186173407932,chr1-109081503-109082103,0.0,-5751.0
SP4,7,neg,AL390728.6,-0.588621379154619,chr1-247330966-247331566,0.0,-142690.0
SP4,7,neg,SMC3,-0.881984116703192,chr10-110497518-110498118,0.0,-69923.0
SP4,7,neg,FOXR1,-2.32023882004875,chr11-118788179-118788779,0.416666666666667,-183278.0
SP4,7,neg,FOXR1,-1.75687088952169,chr11-118897587-118898187,0.0,-73870.0
SP4,7,neg,SC5D,-2.00562412332714,chr11-121292412-121293012,0.0,209.0
SP4,7,neg,CCDC77,-1.0283071358687,chr12-203538-204138,0.0,-185485.0
SP4,7,neg,ESYT1,-0.487445113098897,chr12-56104087-56104687,0.0,-13913.0
SP4,7,neg,RGCC,-0.746308972092068,chr13-41276607-41277207,0.0,-180702.0
SP4,7,neg,UBE2Q2,-2.82509546213517,chr15-75712563-75713163,0.0,-130472.0
SP4,7,neg,NMB,-0.799606933601672,chr15-84658067-84658667,0.0,246.0
SP4,7,neg,NMB,-1.28355598539935,chr15-84716198-84716798,0.0,-57885.0
SP4,7,neg,KREMEN2,-0.792103113779176,chr16-2789495-2790095,0.0,-174199.0
SP4,7,neg,KREMEN2,-0.66316378747836,chr16-2798098-2798698,0.0,-165596.0
SP4,7,neg,KREMEN2,-2.30194941278845,chr16-3013523-3014123,0.0,49829.0
SP4,7,neg,SLC7A6,-1.13257504449059,chr16-68264239-68264839,0.0,-27.0
SP4,7,neg,TBC1D17,-0.608981615858554,chr19-49817973-49818573,0.0,-59202.0
SP4,7,neg,PEG3,-1.06669201311381,chr19-56795232-56795832,0.339506172839506,45246.0
SP4,7,neg,RGPD8,-0.570294131145241,chr2-112259337-112259937,0.0,174901.0
SP4,7,neg,AC068282.1,-1.42710014269462,chr2-127196804-127197404,0.0,-192076.0
SP4,7,neg,CFLAR,-3.21471760566123,chr2-200963418-200964018,0.0,-152436.0
SP4,7,neg,FAM126B,-2.06473319016326,chr2-200963418-200964018,0.0,108003.0
SP4,7,neg,RNF24,-1.12568160389268,chr20-3926723-3927323,0.0,88609.0
SP4,7,neg,DPPA4,-1.93572043316725,chr3-109410120-109410720,0.0,-72798.0
SP4,7,neg,ATG5,-1.19824845402339,chr6-106325169-106325769,0.0,372.0
SP4,7,neg,FAM229B,-1.04280395066472,chr6-112254245-112254845,0.0,166896.0
SP4,7,neg,DDX43,-1.35654866396085,chr6-73224036-73224636,0.0,-170462.0
SP4,7,neg,DDX43,-3.1685414514022,chr6-73225228-73225828,0.37037037037037,-169270.0
SP4,7,neg,KHDC1L,-1.1600824090528,chr6-73225228-73225828,0.446428571428571,292.0
SP4,7,neg,CLEC2L,-1.8945752581393,chr7-139465456-139466056,0.0,-58150.0
SP4,7,neg,CLEC2L,-1.60648268252358,chr7-139623465-139624065,0.0,99859.0
SP4,7,neg,ATG9B,-0.507849459444953,chr7-151168067-151168667,0.0,-143818.0
SP4,7,neg,ABCB8,-1.30594234050432,chr7-151168067-151168667,0.0,139895.0
SP4,7,neg,NRBP2,-0.915465298882122,chr8-143840851-143841451,0.0,-127.0
SP4,7,neg,TMEM64,-1.75226873022728,chr8-90645438-90646038,0.0,145944.0
SP4,7,neg,ASS1,-1.2916899237383,chr9-130632086-130632686,0.0,187407.0
SP4,7,neg,NRARP,-0.881136648559865,chr9-137417472-137418072,0.0,-115471.0
EVX2,7,neg,RNF24,-1.12568160389268,chr20-3926723-3927323,0.0,88609.0
EVX2,7,neg,FBLN1,-0.945662941152849,chr22-45334977-45335577,1.0108024691358,-167011.0
EVX2,7,neg,TNRC18,-1.10130270154123,chr7-5389021-5389621,0.0,36143.0
EVX2,7,neg,PSIP1,-0.797842130920952,chr9-15392457-15393057,0.0,118312.0
TFDP1,7,neg,TAF13,-1.19626829086189,chr1-109249207-109249807,0.0,-173455.0
TFDP1,7,neg,SOAT1,-1.66771306683778,chr1-179099323-179099923,0.0,-194141.0
TFDP1,7,neg,SLK,-1.66882432637885,chr10-103967633-103968233,0.753968253968254,682.0
TFDP1,7,neg,SMC3,-0.881984116703192,chr10-110497518-110498118,0.0,-69923.0
TFDP1,7,neg,FOXR1,-1.95572814352356,chr11-118925730-118926330,0.0,-45727.0
TFDP1,7,neg,SC5D,-1.10554124387241,chr11-121223094-121223694,0.0,-69109.0
TFDP1,7,neg,SC5D,-2.00562412332714,chr11-121292412-121293012,0.0,209.0
TFDP1,7,neg,GLT1D1,-1.30156174164101,chr12-128969240-128969840,0.238095238095238,116063.0
TFDP1,7,neg,CCDC77,-1.0283071358687,chr12-203538-204138,0.0,-185485.0
TFDP1,7,neg,ESYT1,-0.487445113098897,chr12-56104087-56104687,0.0,-13913.0
TFDP1,7,neg,NMB,-0.799606933601672,chr15-84658067-84658667,0.0,246.0
TFDP1,7,neg,NMB,-1.28355598539935,chr15-84716198-84716798,0.0,-57885.0
TFDP1,7,neg,KREMEN2,-0.66316378747836,chr16-2798098-2798698,0.0,-165596.0
TFDP1,7,neg,SLC7A6,-1.13257504449059,chr16-68264239-68264839,0.0,-27.0
TFDP1,7,neg,RAB31,-1.01132254359913,chr18-9614323-9614923,0.0,-93592.0
TFDP1,7,neg,CFLAR,-3.21471760566123,chr2-200963418-200964018,0.0,-152436.0
TFDP1,7,neg,FAM126B,-2.06473319016326,chr2-200963418-200964018,0.0,108003.0
TFDP1,7,neg,NCEH1,-0.906312357418072,chr3-172679453-172680053,12.473544973545,31515.0
TFDP1,7,neg,SMARCA5,-1.03130914817619,chr4-143559432-143560032,0.0,46219.0
TFDP1,7,neg,FAM229B,-1.04280395066472,chr6-112254245-112254845,0.0,166896.0
TFDP1,7,neg,TMEM200A,-1.4700884565473,chr6-130365172-130365772,0.0,-312.0
TFDP1,7,neg,KHDC1L,-0.975109294587557,chr6-73400787-73401387,0.0,-175267.0
TFDP1,7,neg,ATG9B,-0.507849459444953,chr7-151168067-151168667,0.0,-143818.0
TFDP1,7,neg,ABCB8,-1.30594234050432,chr7-151168067-151168667,0.0,139895.0
TFDP1,7,neg,TNRC18,-1.10130270154123,chr7-5389021-5389621,0.0,36143.0
TFDP1,7,neg,TMEM64,-1.75226873022728,chr8-90645438-90646038,0.0,145944.0
TFDP1,7,neg,NRARP,-0.881136648559865,chr9-137417472-137418072,0.0,-115471.0
MAFK,7,neg,SOAT1,-1.66771306683778,chr1-179099323-179099923,0.0,-194141.0
MAFK,7,neg,FOXR1,-1.0985577805211,chr11-118996784-118997384,0.0,25327.0
MAFK,7,neg,STC2,-1.5830999100257,chr5-173315476-173316076,0.238095238095238,13777.0
MAFK,7,neg,DDX43,-1.50307544875047,chr6-73308869-73309469,0.0,-85629.0
MAFK,7,neg,DDX43,-0.861211501422844,chr6-73577494-73578094,0.0,182996.0
E2F4,7,neg,TAF13,-1.19626829086189,chr1-109249207-109249807,0.0,-173455.0
E2F4,7,neg,SLK,-1.66882432637885,chr10-103967633-103968233,0.753968253968254,682.0
E2F4,7,neg,SMC3,-0.881984116703192,chr10-110497518-110498118,0.0,-69923.0
E2F4,7,neg,FOXR1,-1.95572814352356,chr11-118925730-118926330,0.0,-45727.0
E2F4,7,neg,SC5D,-1.10554124387241,chr11-121223094-121223694,0.0,-69109.0
E2F4,7,neg,SC5D,-2.00562412332714,chr11-121292412-121293012,0.0,209.0
E2F4,7,neg,GLT1D1,-1.30156174164101,chr12-128969240-128969840,0.238095238095238,116063.0
E2F4,7,neg,CCDC77,-1.0283071358687,chr12-203538-204138,0.0,-185485.0
E2F4,7,neg,ESYT1,-0.487445113098897,chr12-56104087-56104687,0.0,-13913.0
E2F4,7,neg,NMB,-0.799606933601672,chr15-84658067-84658667,0.0,246.0
E2F4,7,neg,NMB,-1.28355598539935,chr15-84716198-84716798,0.0,-57885.0
E2F4,7,neg,KREMEN2,-0.66316378747836,chr16-2798098-2798698,0.0,-165596.0
E2F4,7,neg,KREMEN2,-2.30194941278845,chr16-3013523-3014123,0.0,49829.0
E2F4,7,neg,SLC7A6,-1.13257504449059,chr16-68264239-68264839,0.0,-27.0
E2F4,7,neg,RAB31,-1.01132254359913,chr18-9614323-9614923,0.0,-93592.0
E2F4,7,neg,CFLAR,-3.21471760566123,chr2-200963418-200964018,0.0,-152436.0
E2F4,7,neg,FAM126B,-2.06473319016326,chr2-200963418-200964018,0.0,108003.0
E2F4,7,neg,NCEH1,-0.906312357418072,chr3-172679453-172680053,12.473544973545,31515.0
E2F4,7,neg,SMARCA5,-1.03130914817619,chr4-143559432-143560032,0.0,46219.0
E2F4,7,neg,TMEM200A,-1.4700884565473,chr6-130365172-130365772,0.0,-312.0
E2F4,7,neg,KHDC1L,-0.975109294587557,chr6-73400787-73401387,0.0,-175267.0
E2F4,7,neg,ATG9B,-0.507849459444953,chr7-151168067-151168667,0.0,-143818.0
E2F4,7,neg,ABCB8,-1.30594234050432,chr7-151168067-151168667,0.0,139895.0
E2F4,7,neg,NRBP2,-0.915465298882122,chr8-143840851-143841451,0.0,-127.0
E2F4,7,neg,ASS1,-1.2916899237383,chr9-130632086-130632686,0.0,187407.0
E2F4,7,neg,NRARP,-0.881136648559865,chr9-137417472-137418072,0.0,-115471.0
EGR2,8,neg,TAF13,-0.79579974588534,chr1-109249207-109249807,0.0,-173455.0
EGR2,8,neg,COL4A1,-1.62672979493811,chr13-110306944-110307544,0.0,-45.0
EGR2,8,neg,ZIC2,-0.724973989612924,chr13-99968328-99968928,0.347222222222222,-13194.0
EGR2,8,neg,ZIC2,-0.933585848459419,chr13-99970289-99970889,0.0,-11233.0
EGR2,8,neg,PMAIP1,-1.30168858165131,chr18-59899613-59900213,0.0,-85.0
EGR2,8,neg,IRF3,-1.5137706115063,chr19-49589909-49590509,0.0,75716.0
EGR2,8,neg,IRF3,-1.30115319481465,chr19-49651540-49652140,0.0,14085.0
EGR2,8,neg,SF3B1,-1.15929284161304,chr2-197309852-197310452,0.0,124989.0
EGR2,8,neg,IRS1,-1.62613019723489,chr2-226791444-226792044,0.0,8065.0
EGR2,8,neg,FBLN1,-2.37269562490405,chr22-45645518-45646118,0.0,143530.0
EGR2,8,neg,PSMD2,-1.64290960437611,chr3-184336194-184336794,0.0,37735.0
EGR2,8,neg,PSMD2,-1.43533385870995,chr3-184466481-184467081,0.299823633156966,168022.0
EGR2,8,neg,PRDM5,-0.753469889339738,chr4-120921950-120922550,0.0,670.0
EGR2,8,neg,SMARCA5,-1.27221076312168,chr4-143559432-143560032,0.0,46219.0
EGR2,8,neg,SPP1,-0.946701426259629,chr4-87975418-87976018,0.277777777777778,18.0
EGR2,8,neg,FAM13A,-1.5997183578536,chr4-89111167-89111767,0.138888888888889,-19.0
EGR2,8,neg,STC2,-0.967625171641658,chr5-173283656-173284256,0.0,45597.0
EGR2,8,neg,ATG9B,-0.635458752517317,chr7-151172481-151173081,0.0,-148232.0
EGR2,8,neg,TMEM64,-1.2569512776791,chr8-90645438-90646038,0.0,145944.0
NFYA,8,neg,HNRNPU,-0.851673957556584,chr1-244829079-244829679,4.09281305114638,35231.0
NFYA,8,neg,GNPTAB,-0.616040316354115,chr12-101739220-101739820,0.0,91468.0
NFYA,8,neg,COL4A1,-2.67164336617059,chr13-110412126-110412726,0.416666666666667,-105227.0
NFYA,8,neg,ZIC2,-0.933585848459419,chr13-99970289-99970889,0.0,-11233.0
NFYA,8,neg,IRF3,-1.09603092594156,chr19-49593205-49593805,0.0,72420.0
NFYA,8,neg,IRS1,-1.62613019723489,chr2-226791444-226792044,0.0,8065.0
NFYA,8,neg,ACO2,-0.686817015959615,chr22-41313129-41313729,0.0,-155746.0
NFYA,8,neg,FBLN1,-2.37269562490405,chr22-45645518-45646118,0.0,143530.0
NFYA,8,neg,SPP1,-0.946701426259629,chr4-87975418-87976018,0.277777777777778,18.0
NFYA,8,neg,FAM13A,-1.15688058285576,chr4-89226829-89227429,0.833333333333333,-115681.0
CTCFL,8,neg,TAF13,-0.79579974588534,chr1-109249207-109249807,0.0,-173455.0
CTCFL,8,neg,RGS16,-1.69601913857144,chr1-182599238-182599838,0.0,4920.0
CTCFL,8,neg,HNRNPU,-0.678014229967275,chr1-244801066-244801666,0.246913580246914,63244.0
CTCFL,8,neg,DSCAML1,-0.820012291461536,chr11-117814514-117815114,0.0,2761.0
CTCFL,8,neg,GNPTAB,-0.616040316354115,chr12-101739220-101739820,0.0,91468.0
CTCFL,8,neg,DUSP16,-1.10834550807512,chr12-12533960-12534560,0.0,28173.0
CTCFL,8,neg,COL4A1,-0.831129585369746,chr13-110115923-110116523,0.0,190976.0
CTCFL,8,neg,COL4A1,-1.62672979493811,chr13-110306944-110307544,0.0,-45.0
CTCFL,8,neg,COL4A1,-2.67164336617059,chr13-110412126-110412726,0.416666666666667,-105227.0
CTCFL,8,neg,COL4A1,-1.05748802609279,chr13-110455752-110456352,0.833333333333333,-148853.0
CTCFL,8,neg,ZIC2,-0.724973989612924,chr13-99968328-99968928,0.347222222222222,-13194.0
CTCFL,8,neg,ZIC2,-0.933585848459419,chr13-99970289-99970889,0.0,-11233.0
CTCFL,8,neg,CRABP1,-0.887914409282422,chr15-78482243-78482843,0.0,142169.0
CTCFL,8,neg,ACOX1,-0.727310651090587,chr17-75856033-75856633,0.0,123080.0
CTCFL,8,neg,PMAIP1,-1.30168858165131,chr18-59899613-59900213,0.0,-85.0
CTCFL,8,neg,IRF3,-0.528282014541168,chr19-49584991-49585591,0.0,80634.0
CTCFL,8,neg,IRF3,-1.09603092594156,chr19-49593205-49593805,0.0,72420.0
CTCFL,8,neg,AC068282.1,-0.821333883609929,chr2-127364875-127365475,0.0,-24005.0
CTCFL,8,neg,SF3B1,-1.15929284161304,chr2-197309852-197310452,0.0,124989.0
CTCFL,8,neg,SF3B1,-4.14537360324757,chr2-197310573-197311173,0.0,124268.0
CTCFL,8,neg,OBSL1,-0.962170356382337,chr2-219576708-219577308,0.0,-5099.0
CTCFL,8,neg,IRS1,-1.62613019723489,chr2-226791444-226792044,0.0,8065.0
CTCFL,8,neg,IRS1,-1.35429911925586,chr2-226835681-226836281,0.0,-36172.0
CTCFL,8,neg,EFR3B,-0.400280090251915,chr2-24919744-24920344,0.0,-122136.0
CTCFL,8,neg,FBLN1,-0.764589727993147,chr22-45531896-45532496,3.31679894179894,29908.0
CTCFL,8,neg,FBLN1,-2.37269562490405,chr22-45645518-45646118,0.0,143530.0
CTCFL,8,neg,PSMD2,-1.64290960437611,chr3-184336194-184336794,0.0,37735.0
CTCFL,8,neg,HES1,-0.542435142449042,chr3-194112262-194112862,0.949074074074074,-23633.0
CTCFL,8,neg,PRDM5,-0.769114815522595,chr4-120870182-120870782,0.793650793650794,52438.0
CTCFL,8,neg,PRDM5,-0.753469889339738,chr4-120921950-120922550,0.0,670.0
CTCFL,8,neg,SMARCA5,-1.27221076312168,chr4-143559432-143560032,0.0,46219.0
CTCFL,8,neg,SPP1,-0.946701426259629,chr4-87975418-87976018,0.277777777777778,18.0
CTCFL,8,neg,FAM13A,-1.5997183578536,chr4-89111167-89111767,0.138888888888889,-19.0
CTCFL,8,neg,FAM13A,-1.15688058285576,chr4-89226829-89227429,0.833333333333333,-115681.0
CTCFL,8,neg,STC2,-0.967625171641658,chr5-173283656-173284256,0.0,45597.0
CTCFL,8,neg,KHDC1L,-0.704070912977855,chr6-73308869-73309469,0.0,-83349.0
CTCFL,8,neg,ZYX,-0.959795224816421,chr7-143362447-143363047,0.0,-18383.0
CTCFL,8,neg,ATG9B,-0.486890036341008,chr7-151110919-151111519,0.0,-86670.0
CTCFL,8,neg,ATG9B,-1.10043446141889,chr7-151114353-151114953,0.0,-90104.0
CTCFL,8,neg,ATG9B,-0.635458752517317,chr7-151172481-151173081,0.0,-148232.0
CTCFL,8,neg,NRBP2,-0.703377375408553,chr8-143740096-143740696,0.0,100628.0
PAX4,8,neg,COL4A1,-1.05748802609279,chr13-110455752-110456352,0.833333333333333,-148853.0
PAX4,8,neg,FBLN1,-0.764589727993147,chr22-45531896-45532496,3.31679894179894,29908.0
PAX4,8,neg,SNX24,-1.18912668531287,chr5-122849027-122849627,0.0,5838.0
EGR1,8,neg,GPR89A,-0.782059289887476,chr1-145764436-145765036,0.0,156696.0
EGR1,8,neg,HNRNPU,-0.851673957556584,chr1-244829079-244829679,4.09281305114638,35231.0
EGR1,8,neg,GNPTAB,-0.616040316354115,chr12-101739220-101739820,0.0,91468.0
EGR1,8,neg,COL4A1,-1.62672979493811,chr13-110306944-110307544,0.0,-45.0
EGR1,8,neg,ZIC2,-0.724973989612924,chr13-99968328-99968928,0.347222222222222,-13194.0
EGR1,8,neg,PMAIP1,-1.30168858165131,chr18-59899613-59900213,0.0,-85.0
EGR1,8,neg,IRF3,-1.5137706115063,chr19-49589909-49590509,0.0,75716.0
EGR1,8,neg,IRF3,-1.30115319481465,chr19-49651540-49652140,0.0,14085.0
EGR1,8,neg,SF3B1,-1.15929284161304,chr2-197309852-197310452,0.0,124989.0
EGR1,8,neg,IRS1,-1.62613019723489,chr2-226791444-226792044,0.0,8065.0
EGR1,8,neg,EFR3B,-0.400280090251915,chr2-24919744-24920344,0.0,-122136.0
EGR1,8,neg,FBLN1,-2.37269562490405,chr22-45645518-45646118,0.0,143530.0
EGR1,8,neg,PSMD2,-1.43533385870995,chr3-184466481-184467081,0.299823633156966,168022.0
EGR1,8,neg,PRDM5,-0.753469889339738,chr4-120921950-120922550,0.0,670.0
EGR1,8,neg,SMARCA5,-1.27221076312168,chr4-143559432-143560032,0.0,46219.0
EGR1,8,neg,FAM13A,-1.5997183578536,chr4-89111167-89111767,0.138888888888889,-19.0
EGR1,8,neg,STC2,-0.967625171641658,chr5-173283656-173284256,0.0,45597.0
EGR1,8,neg,ATG9B,-0.635458752517317,chr7-151172481-151173081,0.0,-148232.0
EGR1,8,neg,TMEM64,-1.2569512776791,chr8-90645438-90646038,0.0,145944.0
DUX4,8,neg,HNRNPU,-0.851673957556584,chr1-244829079-244829679,4.09281305114638,35231.0
DUX4,8,neg,COL4A1,-2.67164336617059,chr13-110412126-110412726,0.416666666666667,-105227.0
DUX4,8,neg,KREMEN2,-1.14193383386665,chr16-2778197-2778797,0.0,-185497.0
DUX4,8,neg,ACO2,-0.686817015959615,chr22-41313129-41313729,0.0,-155746.0
DUX4,8,neg,FBLN1,-2.37269562490405,chr22-45645518-45646118,0.0,143530.0
ZIC3,8,neg,TAF13,-0.79579974588534,chr1-109249207-109249807,0.0,-173455.0
ZIC3,8,neg,RGS16,-1.69601913857144,chr1-182599238-182599838,0.0,4920.0
ZIC3,8,neg,DSCAML1,-0.820012291461536,chr11-117814514-117815114,0.0,2761.0
ZIC3,8,neg,DSCAML1,-1.04204027386093,chr11-117816266-117816866,0.0,1009.0
ZIC3,8,neg,COL4A1,-2.67164336617059,chr13-110412126-110412726,0.416666666666667,-105227.0
ZIC3,8,neg,COL4A1,-1.05748802609279,chr13-110455752-110456352,0.833333333333333,-148853.0
ZIC3,8,neg,DYNC1H1,-1.86059752863502,chr14-101780811-101781411,0.0,-183467.0
ZIC3,8,neg,PMAIP1,-1.30168858165131,chr18-59899613-59900213,0.0,-85.0
ZIC3,8,neg,IRF3,-1.5137706115063,chr19-49589909-49590509,0.0,75716.0
ZIC3,8,neg,IRF3,-1.09603092594156,chr19-49593205-49593805,0.0,72420.0
ZIC3,8,neg,IRF3,-2.02995927954884,chr19-49677800-49678400,0.0,-12175.0
ZIC3,8,neg,AC068282.1,-0.821333883609929,chr2-127364875-127365475,0.0,-24005.0
ZIC3,8,neg,SF3B1,-4.14537360324757,chr2-197310573-197311173,0.0,124268.0
ZIC3,8,neg,EFR3B,-0.400280090251915,chr2-24919744-24920344,0.0,-122136.0
ZIC3,8,neg,FBLN1,-2.37269562490405,chr22-45645518-45646118,0.0,143530.0
ZIC3,8,neg,HES1,-0.749592453876106,chr3-194023423-194024023,4.88425925925926,-112472.0
ZIC3,8,neg,PRDM5,-0.769114815522595,chr4-120870182-120870782,0.793650793650794,52438.0
ZIC3,8,neg,PRDM5,-0.753469889339738,chr4-120921950-120922550,0.0,670.0
ZIC3,8,neg,SMARCA5,-1.27221076312168,chr4-143559432-143560032,0.0,46219.0
ZIC3,8,neg,FAM13A,-1.5997183578536,chr4-89111167-89111767,0.138888888888889,-19.0
ZIC3,8,neg,MARCKS,-0.927509765379047,chr6-113825224-113825824,0.0,-31888.0
ZIC3,8,neg,ATG9B,-0.486890036341008,chr7-151110919-151111519,0.0,-86670.0
ZIC3,8,neg,NRBP2,-0.703377375408553,chr8-143740096-143740696,0.0,100628.0
ZIC3,8,neg,TMEM64,-1.2569512776791,chr8-90645438-90646038,0.0,145944.0
HES7,9,neg,LCOR,-0.583744234953757,chr10-96893934-96894534,0.0,61902.0
HES7,9,neg,GAS6,-1.72198954947692,chr13-113904291-113904891,4.31657848324515,-40474.0
HES7,9,neg,AL627171.2,-1.53512801121592,chr14-49862638-49863238,0.0,1438.0
HES7,9,neg,ALKBH1,-1.64872420056113,chr14-77718515-77719115,0.0,-10745.0
HES7,9,neg,BTBD1,-0.51428000202879,chr15-82952437-82953037,0.0,114667.0
HES7,9,neg,MLKL,-0.803503994000616,chr16-74774584-74775184,0.0,-73874.0
HES7,9,neg,METTL16,-0.912547209706165,chr17-2493116-2493716,0.0,18525.0
HES7,9,neg,CFLAR,-2.31033047547316,chr2-201238385-201238985,38.0621693121693,122531.0
HES7,9,neg,FAM126B,-1.85493500092277,chr2-201238385-201238985,30.3494268077601,-166964.0
HES7,9,neg,NCOA1,-0.685919280451995,chr2-24559685-24560285,0.0,68021.0
HES7,9,neg,TNK2,-0.940573970940591,chr3-195850773-195851373,0.396825396825397,60922.0
HES7,9,neg,ARFIP1,-2.47920912914313,chr4-152671665-152672265,30.8840388007055,-108022.0
HES7,9,neg,TRIM75P,-2.36439653715708,chr4-164901289-164901889,24.4962522045855,-157609.0
HES7,9,neg,STOX2,-1.2606738175923,chr4-183610505-183611105,12.1626984126984,-186937.0
HES7,9,neg,PRDM1,-1.03970684200596,chr6-106140506-106141106,18.0467372134039,54436.0
HES7,9,neg,ATG5,-1.3017358014099,chr6-106140506-106141106,17.6058201058201,185035.0
HES7,9,neg,KLRG2,-2.19958707616665,chr7-139482811-139483411,0.0,651.0
HES7,9,neg,KMT2C,-1.20991366621281,chr7-152488286-152488886,3.5218253968254,-52531.0
HES7,9,neg,TNRC18,-2.28305315939497,chr7-5524508-5525108,0.0,-99344.0
HES7,9,neg,ASS1,-0.75642979217751,chr9-130579220-130579820,0.0,134541.0
HES7,9,neg,NFX1,-2.17355751829832,chr9-33167757-33168357,0.0,-122504.0
ZNF24,9,neg,TXNIP,-0.984810162791369,chr1-145929554-145930154,0.0,66796.0
ZNF24,9,neg,TRAF5,-0.742093936455313,chr1-211516913-211517513,16.7305996472663,190548.0
ZNF24,9,neg,ZNF695,-2.85259230164096,chr1-247125107-247125707,4.36287477954145,-117264.0
ZNF24,9,neg,GBF1,-0.9493431782094,chr10-102420044-102420644,0.367063492063492,174762.0
ZNF24,9,neg,ARHGAP42,-0.789118372310733,chr11-100691781-100692381,0.0,4378.0
ZNF24,9,neg,UBE2Q2,-0.865812799901469,chr15-75921653-75922253,0.416666666666667,78618.0
ZNF24,9,neg,MLKL,-0.702909724606432,chr16-74504866-74505466,4.38492063492064,195844.0
ZNF24,9,neg,CAVIN1,-0.710561121539776,chr17-42251003-42251603,0.0,172264.0
ZNF24,9,neg,MEIS3,-0.96485779119741,chr19-47284160-47284760,0.0,135113.0
ZNF24,9,neg,ZNF83,-2.03502718630017,chr19-52658510-52659110,11.1893738977072,31736.0
ZNF24,9,neg,CFLAR,-2.31033047547316,chr2-201238385-201238985,38.0621693121693,122531.0
ZNF24,9,neg,FAM126B,-1.85493500092277,chr2-201238385-201238985,30.3494268077601,-166964.0
ZNF24,9,neg,MFF,-1.54707387462116,chr2-227406124-227406724,0.277777777777778,81223.0
ZNF24,9,neg,KLRG2,-0.506294503044466,chr7-139523722-139524322,0.0,-40260.0
ZNF24,9,neg,KMT2C,-1.20991366621281,chr7-152488286-152488886,3.5218253968254,-52531.0
ZNF24,9,neg,ABCA1,-1.21306050680419,chr9-104954924-104955524,0.0,-26937.0
STAT1,9,neg,LCOR,-1.02985845991012,chr10-96714678-96715278,0.347222222222222,-117354.0
STAT1,9,neg,ARHGAP42,-1.26682255439431,chr11-100828238-100828838,0.0,140835.0
STAT1,9,neg,MRPL48,-1.29649985873711,chr11-73769806-73770406,0.0,-17260.0
STAT1,9,neg,TXNRD1,-0.79047663834533,chr12-104303367-104303967,0.0,87838.0
STAT1,9,neg,AL627171.2,-0.702025159825226,chr14-49690876-49691476,0.0,173200.0
STAT1,9,neg,SPTLC2,-1.2176311156632,chr14-77662364-77662964,0.0,-45841.0
STAT1,9,neg,CAVIN1,-0.710561121539776,chr17-42251003-42251603,0.0,172264.0
STAT1,9,neg,CFLAR,-1.76965543136522,chr2-200963418-200964018,0.0,-152436.0
STAT1,9,neg,FAM126B,-0.793245145704542,chr2-200963418-200964018,0.0,108003.0
STAT1,9,neg,CFLAR,-1.65138937605919,chr2-201069197-201069797,6.20039682539683,-46657.0
STAT1,9,neg,GPR1,-2.05934996313846,chr2-206392030-206392630,0.0,-174233.0
STAT1,9,neg,MFF,-1.54707387462116,chr2-227406124-227406724,0.277777777777778,81223.0
STAT1,9,neg,SNX4,-0.683884687166157,chr3-125637189-125637789,0.416666666666667,-117242.0
STAT1,9,neg,TNK2,-0.940573970940591,chr3-195850773-195851373,0.396825396825397,60922.0
STAT1,9,neg,ITGA9,-0.781202149218722,chr3-37435510-37436110,0.277777777777778,-16355.0
STAT1,9,neg,CEP44,-1.41952427528731,chr4-174408736-174409336,6.59391534391534,125309.0
STAT1,9,neg,AFG1L,-1.50822727872012,chr6-108117857-108118457,0.535714285714286,-176787.0
STAT1,9,neg,KHDC1L,-1.59214101221611,chr6-73343780-73344380,0.0,-118260.0
TCF3,9,neg,FAM20B,-1.26482733758117,chr1-179210050-179210650,0.0,184496.0
TCF3,9,neg,TRAF5,-0.742093936455313,chr1-211516913-211517513,16.7305996472663,190548.0
TCF3,9,neg,ZNF695,-1.19880147464159,chr1-247015415-247016015,20.3472222222222,-7572.0
TCF3,9,neg,ZNF695,-2.85259230164096,chr1-247125107-247125707,4.36287477954145,-117264.0
TCF3,9,neg,ARHGAP42,-0.789118372310733,chr11-100691781-100692381,0.0,4378.0
TCF3,9,neg,ARHGAP42,-1.26682255439431,chr11-100828238-100828838,0.0,140835.0
TCF3,9,neg,ALKBH1,-1.64872420056113,chr14-77718515-77719115,0.0,-10745.0
TCF3,9,neg,MLKL,-0.803503994000616,chr16-74774584-74775184,0.0,-73874.0
TCF3,9,neg,METTL16,-0.912547209706165,chr17-2493116-2493716,0.0,18525.0
TCF3,9,neg,NPLOC4,-0.597296200005491,chr17-81803820-81804420,0.0,-155605.0
TCF3,9,neg,HSBP1L1,-0.649351246312809,chr18-80157634-80158234,1.0218253968254,193323.0
TCF3,9,neg,BCAT2,-0.691978752813047,chr19-48890457-48891057,1.09126984126984,-79678.0
TCF3,9,neg,ZNF83,-0.94142483467448,chr19-52491801-52492401,4.10714285714286,198445.0
TCF3,9,neg,CFLAR,-1.76965543136522,chr2-200963418-200964018,0.0,-152436.0
TCF3,9,neg,FAM126B,-0.793245145704542,chr2-200963418-200964018,0.0,108003.0
TCF3,9,neg,CFLAR,-1.84843559371312,chr2-201119919-201120519,22.4636243386243,4065.0
TCF3,9,neg,FAM126B,-1.91038699990085,chr2-201119919-201120519,15.0617283950617,-48498.0
TCF3,9,neg,CFLAR,-2.31033047547316,chr2-201238385-201238985,38.0621693121693,122531.0
TCF3,9,neg,FAM126B,-1.85493500092277,chr2-201238385-201238985,30.3494268077601,-166964.0
TCF3,9,neg,MFF,-1.54707387462116,chr2-227406124-227406724,0.277777777777778,81223.0
TCF3,9,neg,NCOA1,-0.685919280451995,chr2-24559685-24560285,0.0,68021.0
TCF3,9,neg,AIRE,-0.847401875433429,chr21-44270495-44271095,0.0,-15093.0
TCF3,9,neg,PITPNB,-0.967337035415293,chr22-27964056-27964656,0.0,-44172.0
TCF3,9,neg,ACO2,-1.27351080877805,chr22-41301210-41301810,0.0,-167665.0
TCF3,9,neg,TRIM75P,-1.88075667928258,chr4-164902409-164903009,10.8840388007055,-156489.0
TCF3,9,neg,TRIM75P,-2.14055471357993,chr4-165032795-165033395,16.2367724867725,-26103.0
TCF3,9,neg,TRIM75P,-2.1300598848964,chr4-165050088-165050688,10.2402998236332,-8810.0
TCF3,9,neg,TRIM75P,-0.987233216870591,chr4-165207252-165207852,0.208333333333333,148354.0
TCF3,9,neg,CEP44,-1.41952427528731,chr4-174408736-174409336,6.59391534391534,125309.0
TCF3,9,neg,SPP1,-1.20721804133061,chr4-87863386-87863986,2.20238095238095,-112014.0
TCF3,9,neg,PRDM1,-1.03970684200596,chr6-106140506-106141106,18.0467372134039,54436.0
TCF3,9,neg,ATG5,-1.3017358014099,chr6-106140506-106141106,17.6058201058201,185035.0
TCF3,9,neg,AFG1L,-1.50822727872012,chr6-108117857-108118457,0.535714285714286,-176787.0
TCF3,9,neg,AFG1L,-1.65484430611451,chr6-108157522-108158122,9.02006172839506,-137122.0
TCF3,9,neg,KLRG2,-1.90023470412157,chr7-139427124-139427724,1.61596119929453,56338.0
TCF3,9,neg,KMT2C,-1.20991366621281,chr7-152488286-152488886,3.5218253968254,-52531.0
TCF3,9,neg,NR6A1,-1.35850932285585,chr9-124867129-124867729,0.882936507936508,-96069.0
GLI2,9,neg,FAM20B,-1.26482733758117,chr1-179210050-179210650,0.0,184496.0
GLI2,9,neg,WNT9A,-1.48238616801022,chr1-228059497-228060097,0.0,-111849.0
GLI2,9,neg,GBF1,-0.72686453375373,chr10-102241356-102241956,0.0,-3926.0
GLI2,9,neg,LCOR,-0.583744234953757,chr10-96893934-96894534,0.0,61902.0
GLI2,9,neg,TXNRD1,-0.79047663834533,chr12-104303367-104303967,0.0,87838.0
GLI2,9,neg,CLIP1,-1.30940294274213,chr12-122399377-122399977,24.4995590828924,23005.0
GLI2,9,neg,KIF21A,-1.71206431518065,chr12-39443102-39443702,0.0,38.0
GLI2,9,neg,TIMP2,-1.11027474363838,chr17-78782160-78782760,0.0,142977.0
GLI2,9,neg,ZNF83,-0.94142483467448,chr19-52491801-52492401,4.10714285714286,198445.0
GLI2,9,neg,SESTD1,-0.741578344081386,chr2-179264271-179264871,0.0,269.0
GLI2,9,neg,CFLAR,-1.76965543136522,chr2-200963418-200964018,0.0,-152436.0
GLI2,9,neg,FAM126B,-0.793245145704542,chr2-200963418-200964018,0.0,108003.0
GLI2,9,neg,TNK2,-1.80776760321817,chr3-195875352-195875952,3.85582010582011,36343.0
GLI2,9,neg,TRIM75P,-1.88075667928258,chr4-164902409-164903009,10.8840388007055,-156489.0
GLI2,9,neg,TRIM75P,-2.14055471357993,chr4-165032795-165033395,16.2367724867725,-26103.0
GLI2,9,neg,SPP1,-1.20721804133061,chr4-87863386-87863986,2.20238095238095,-112014.0
GLI2,9,neg,SP8,-0.765310146192225,chr7-20765235-20765835,0.0,21401.0
GLI2,9,neg,DEPTOR,-0.604140665391411,chr8-119855613-119856213,0.138888888888889,-17854.0
GLI2,9,neg,CNTRL,-1.49751576872531,chr9-120981529-120982129,0.0,-93084.0
GLI2,9,neg,DNM1,-1.5472337509864,chr9-128296081-128296681,0.396825396825397,104676.0
SOX8,9,neg,ZNF695,-2.85259230164096,chr1-247125107-247125707,4.36287477954145,-117264.0
SOX8,9,neg,LCOR,-0.583744234953757,chr10-96893934-96894534,0.0,61902.0
SOX8,9,neg,ARHGAP42,-1.26682255439431,chr11-100828238-100828838,0.0,140835.0
SOX8,9,neg,MLKL,-0.702909724606432,chr16-74504866-74505466,4.38492063492064,195844.0
SOX8,9,neg,CFLAR,-1.84843559371312,chr2-201119919-201120519,22.4636243386243,4065.0
SOX8,9,neg,FAM126B,-1.91038699990085,chr2-201119919-201120519,15.0617283950617,-48498.0
SOX8,9,neg,CEP68,-0.800580288902065,chr2-65125307-65125907,0.0,69191.0
SOX8,9,neg,ARFIP1,-2.47920912914313,chr4-152671665-152672265,30.8840388007055,-108022.0
SOX8,9,neg,CNTRL,-1.49751576872531,chr9-120981529-120982129,0.0,-93084.0
SOX10,9,neg,MAP3K21,-1.30595912045111,chr1-233179601-233180201,34.8048941798942,-147917.0
SOX10,9,neg,GBF1,-1.24677849983296,chr10-102117660-102118260,0.771604938271605,-127622.0
SOX10,9,neg,LCOR,-0.583744234953757,chr10-96893934-96894534,0.0,61902.0
SOX10,9,neg,TAOK3,-1.36301222106211,chr12-118368070-118368670,31.1111111111111,4625.0
SOX10,9,neg,GLT1D1,-0.993134206640197,chr12-128823715-128824315,0.0,-29462.0
SOX10,9,neg,EPSTI1,-0.484906713301339,chr13-43019726-43020326,0.0,-27705.0
SOX10,9,neg,EPSTI1,-0.911756155483834,chr13-43021763-43022363,0.0,-29742.0
SOX10,9,neg,SPTLC2,-1.2176311156632,chr14-77662364-77662964,0.0,-45841.0
SOX10,9,neg,ALKBH1,-0.85763776022248,chr14-77803926-77804526,0.0,-96156.0
SOX10,9,neg,CAVIN1,-0.710561121539776,chr17-42251003-42251603,0.0,172264.0
SOX10,9,neg,ERCC1,-1.3060916640378,chr19-45428508-45429108,0.0,50070.0
SOX10,9,neg,CFLAR,-1.65138937605919,chr2-201069197-201069797,6.20039682539683,-46657.0
SOX10,9,neg,WFDC2,-1.030027723579,chr20-45585912-45586512,0.740740740740741,116456.0
SOX10,9,neg,ACO2,-0.649211754303401,chr22-41295131-41295731,0.0,-173744.0
SOX10,9,neg,GAP43,-0.692322678207813,chr3-115783885-115784485,1.11111111111111,160811.0
SOX10,9,neg,NCEH1,-1.08689583201284,chr3-172678834-172679434,5.76278659611993,32134.0
SOX10,9,neg,ARFIP1,-1.58724632966442,chr4-152764828-152765428,30.6128747795414,-14859.0
SOX10,9,neg,CEP44,-1.41952427528731,chr4-174408736-174409336,6.59391534391534,125309.0
SOX10,9,neg,KHDC1L,-1.59214101221611,chr6-73343780-73344380,0.0,-118260.0
SOX10,9,neg,TRPS1,-1.09543502233215,chr8-115738496-115739096,0.277777777777778,70927.0
SOX10,9,neg,DNM1,-1.5472337509864,chr9-128296081-128296681,0.396825396825397,104676.0
HES5,9,neg,LCOR,-0.583744234953757,chr10-96893934-96894534,0.0,61902.0
HES5,9,neg,GAS6,-1.72198954947692,chr13-113904291-113904891,4.31657848324515,-40474.0
HES5,9,neg,AL627171.2,-1.53512801121592,chr14-49862638-49863238,0.0,1438.0
HES5,9,neg,ALKBH1,-1.64872420056113,chr14-77718515-77719115,0.0,-10745.0
HES5,9,neg,MLKL,-0.803503994000616,chr16-74774584-74775184,0.0,-73874.0
HES5,9,neg,METTL16,-0.912547209706165,chr17-2493116-2493716,0.0,18525.0
HES5,9,neg,CFLAR,-2.31033047547316,chr2-201238385-201238985,38.0621693121693,122531.0
HES5,9,neg,FAM126B,-1.85493500092277,chr2-201238385-201238985,30.3494268077601,-166964.0
HES5,9,neg,NCOA1,-0.685919280451995,chr2-24559685-24560285,0.0,68021.0
HES5,9,neg,TNK2,-0.940573970940591,chr3-195850773-195851373,0.396825396825397,60922.0
HES5,9,neg,TRIM75P,-2.36439653715708,chr4-164901289-164901889,24.4962522045855,-157609.0
HES5,9,neg,STOX2,-1.2606738175923,chr4-183610505-183611105,12.1626984126984,-186937.0
HES5,9,neg,PRDM1,-1.03970684200596,chr6-106140506-106141106,18.0467372134039,54436.0
HES5,9,neg,ATG5,-1.3017358014099,chr6-106140506-106141106,17.6058201058201,185035.0
HES5,9,neg,KLRG2,-2.19958707616665,chr7-139482811-139483411,0.0,651.0
HES5,9,neg,KMT2C,-1.20991366621281,chr7-152488286-152488886,3.5218253968254,-52531.0
HES5,9,neg,TNRC18,-2.28305315939497,chr7-5524508-5525108,0.0,-99344.0
HNF1A,9,neg,LCOR,-1.02985845991012,chr10-96714678-96715278,0.347222222222222,-117354.0
HNF1A,9,neg,LCOR,-0.583744234953757,chr10-96893934-96894534,0.0,61902.0
HNF1A,9,neg,ARHGAP42,-0.789118372310733,chr11-100691781-100692381,0.0,4378.0
HNF1A,9,neg,MRPL48,-1.29649985873711,chr11-73769806-73770406,0.0,-17260.0
HNF1A,9,neg,ZNF83,-2.03502718630017,chr19-52658510-52659110,11.1893738977072,31736.0
HNF1A,9,neg,CFLAR,-2.31033047547316,chr2-201238385-201238985,38.0621693121693,122531.0
HNF1A,9,neg,FAM126B,-1.85493500092277,chr2-201238385-201238985,30.3494268077601,-166964.0
HNF1A,9,neg,CLEC2L,-1.2995040697367,chr7-139474688-139475288,1.82539682539683,-48918.0
HNF1A,9,neg,KLRG2,-2.09684368771021,chr7-139620731-139621331,0.476190476190476,-137269.0
HNF1A,9,neg,KMT2C,-1.20991366621281,chr7-152488286-152488886,3.5218253968254,-52531.0
